Object,X,Y,Z
box(9),0.599438518171308,-0.30078403624051664,1.05
box(8),0.4224989320706035,0.1339657536664285,1.05
box(7),0.6051993667441892,0.4843016903174975,1.05
box(6),0.42314831059835234,-0.05176886074057119,1.05
box(5),0.6205438172699288,-0.148802465726541,1.05
box(4),0.3173044100807969,-0.440774821529651,1.05
box(3),0.5748195491194594,0.32905225173052643,1.05
box(2),0.4898216793299105,-0.4647100986318743,1.05
box(1),0.42537402188477386,-0.3196661046142034,1.05
box(0),0.6004304675070912,0.17461609148579293,1.05
box(9),0.41062215429915316,0.422758571482598,1.05
box(8),0.5724099304736514,0.018535705966166494,1.05
box(7),0.314980663087185,0.2782716143223456,1.05
box(6),0.3112914364429033,0.11506426188448016,1.05
box(5),0.6320019233946804,-0.31366044884717115,1.05
box(4),0.3696251998229797,-0.09912995885870801,1.05
box(3),0.580649336130816,0.48980762986939164,1.05
box(2),0.6424508698741473,-0.1426195886082351,1.05
box(1),0.5490970881408546,-0.47276125182679996,1.05
box(0),0.36004690137446765,-0.3297926342638796,1.05
box(9),0.4946894535394397,0.27895227738317996,1.05
box(8),0.4137118500992858,0.4974962335300086,1.05
box(7),0.6149944732148843,0.0803038761079723,1.05
box(6),0.47778272557358475,-0.23541180363700964,1.05
box(5),0.31059038710469933,0.21052222978457857,1.05
box(4),0.4445571950606441,0.1032267983460109,1.05
box(3),0.4530189892367622,-0.05945660170076539,1.05
box(2),0.5613836922410721,0.4288270138203806,1.05
box(1),0.327319908771213,-0.18049810702499525,1.05
box(0),0.617716116850089,-0.10189104492170609,1.05
box(9),0.5424593318213614,-0.41583307815171466,1.05
box(8),0.5482265167329547,0.25712806625489415,1.05
box(7),0.3919870450765116,0.3433866730260223,1.05
box(6),0.6491053515344769,0.07690852091512856,1.05
box(5),0.3530881410456611,-0.41581133079948995,1.05
box(4),0.30369947546032805,0.03706147641605362,1.05
box(3),0.4673505333839004,-0.274748935259554,1.05
box(2),0.4722390219199819,-0.04649524202754418,1.05
box(1),0.42214463211514436,0.13422555090882138,1.05
box(0),0.627960768067233,0.40562491649398635,1.05
box(9),0.6484969302770252,-0.12115361995527707,1.05
box(8),0.46633524822262923,0.4990697586213787,1.05
box(7),0.6451197814552178,0.23727286475961618,1.05
box(6),0.6025982219538046,-0.37304762063593155,1.05
box(5),0.3280227836506238,-0.201231527747735,1.05
box(4),0.3332095639345004,0.33217266907761267,1.05
box(3),0.4379298944424588,-0.47986343858525793,1.05
box(2),0.462510624285366,-0.27750167591868713,1.05
box(1),0.300809559407587,-0.3939063953022325,1.05
box(0),0.32396587722872877,0.05221334995963933,1.05
box(9),0.5378219688877679,0.10091369466761468,1.05
box(8),0.5445716961015217,-0.10635239022395981,1.05
box(7),0.6040467618410689,0.4817108688553009,1.05
box(6),0.542549127401831,0.25474458855355775,1.05
box(5),0.6079666311644025,-0.4252336692329941,1.05
box(4),0.3027585454070234,-0.16334190019241657,1.05
box(3),0.3298532739533634,0.43278054920261144,1.05
box(2),0.3322131546660479,0.27499306757346353,1.05
box(1),0.563776780896948,-0.25934508887837737,1.05
box(0),0.43295665829442825,-0.4574197030079308,1.05
box(9),0.3194287117780833,0.1122982421082237,1.05
box(8),0.6046713669564827,0.09503226620422744,1.05
box(7),0.4991284035295205,-0.08731591184551202,1.05
box(6),0.6095945166521792,0.4881089832499471,1.05
box(5),0.607384020913789,0.3155840026517799,1.05
box(4),0.6316787177367329,-0.4995611712107555,1.05
box(3),0.3271909070695143,-0.3008031147303152,1.05
box(2),0.42216964712867905,0.4134782174264934,1.05
box(1),0.4637271603965457,0.23416837269891133,1.05
box(0),0.6143645980768232,-0.3070211006783037,1.05
box(9),0.30444467590957847,-0.48829606441941176,1.05
box(8),0.396558168369432,0.07156738439564092,1.05
box(7),0.328236442531202,-0.1212865752116904,1.05
box(6),0.4819730779085124,-0.07649523721458196,1.05
box(5),0.4746505007591632,-0.3835113408748173,1.05
box(4),0.6224156360431383,0.04169070221119753,1.05
box(3),0.5927180171496857,0.41586734908102796,1.05
box(2),0.3318078361822073,-0.2896185266280503,1.05
box(1),0.39795099547860524,0.3769739782742283,1.05
box(0),0.5216226775769005,0.17856850517349743,1.05
box(9),0.625205894318161,-0.49826700166595905,1.05
box(8),0.6472253118834703,-0.21194110540880662,1.05
box(7),0.359094028454714,0.11327491940034862,1.05
box(6),0.35663119783648756,-0.4850390211549853,1.05
box(5),0.3399181966828461,-0.12459514798559856,1.05
box(4),0.47975421138218943,-0.19106301557370386,1.05
box(3),0.5403957663619843,-0.00859564593100337,1.05
box(2),0.30596275969025477,0.2568464864353607,1.05
box(1),0.6116931881586789,0.39863257858598067,1.05
box(0),0.31222985983303825,0.42179099755829375,1.05
box(9),0.48574289314501046,0.31110890587941187,1.05
box(8),0.3059986325935431,-0.33504918589853827,1.05
box(7),0.6444624559870804,0.13141355089367468,1.05
box(6),0.6480136759906543,-0.49931116731666814,1.05
box(5),0.6304053049555156,-0.13888792229413283,1.05
box(4),0.37472883977906324,-0.028275686025678537,1.05
box(3),0.48779356296827914,-0.30609776905104324,1.05
box(2),0.39223381729141255,-0.47147023639673424,1.05
box(1),0.33922269836462116,0.178931974861126,1.05
box(0),0.5237776558215861,0.4688500253062422,1.05
box(9),0.30236184416770767,0.41454473269907877,1.05
box(8),0.5486433167584452,0.30930716621581067,1.05
box(7),0.30495234090447976,-0.1722300170312946,1.05
box(6),0.6012379662899265,0.10487006042446334,1.05
box(5),0.5981676162604286,-0.43164647223035046,1.05
box(4),0.5682959277826187,-0.08623492727181248,1.05
box(3),0.3826646159037053,-0.021057955197726907,1.05
box(2),0.5821040394056415,-0.26309616189487595,1.05
box(1),0.38301307727431627,-0.3416725966146539,1.05
box(0),0.39272293509652856,0.15474535439195236,1.05
box(9),0.5923004095639757,0.4811586723295572,1.05
box(8),0.32822616520959963,0.30378143577298866,1.05
box(7),0.42196825944613886,0.49886776452122983,1.05
box(6),0.4912118990518246,0.3409929639016156,1.05
box(5),0.6442187806878998,0.2990494855178589,1.05
box(4),0.4391420329765067,-0.1922286330952715,1.05
box(3),0.5561288471241524,-0.05219828704693574,1.05
box(2),0.6459528097269208,-0.4779624281570972,1.05
box(1),0.6285686651402504,-0.20964258349004394,1.05
box(0),0.5574052870088516,0.10985467759819989,1.05
box(9),0.3004634326931014,0.06163159339419688,1.05
box(8),0.3359337446051375,-0.42401795237086126,1.05
box(7),0.33832678635668045,0.3016760534743794,1.05
box(6),0.5141016438791656,-0.3934653101355817,1.05
box(5),0.5291473900944871,0.48547997911153773,1.05
box(4),0.5330925109680422,0.30071105823947575,1.05
box(3),0.31806842018840176,-0.19090705011850184,1.05
box(2),0.4684667334028013,-0.10237216471311772,1.05
box(1),0.3098253804421165,0.4825114730012925,1.05
box(0),0.6419049751621695,-0.10112161301147204,1.05
box(9),0.4821206623262846,0.11939723294743032,1.05
box(8),0.6253129008951996,-0.2913645689044905,1.05
box(7),0.6445024665376164,0.11438753769759025,1.05
box(6),0.3127909534818302,-0.4583088498148553,1.05
box(5),0.46390238763278524,-0.2982977516718496,1.05
box(4),0.4943053309897685,-0.45243582754628753,1.05
box(3),0.33127752879929667,-0.012860682607314433,1.05
box(2),0.3090181565564287,-0.22658256184748915,1.05
box(1),0.5142433941138381,0.43642016306094433,1.05
box(0),0.560011384516899,0.2616183669994032,1.05
box(9),0.4861660954999767,-0.061220447238927056,1.05
box(8),0.30307873500028704,0.44455596650780704,1.05
box(7),0.6197737851100222,-0.24206187187632533,1.05
box(6),0.3760920063110441,0.16265125785278334,1.05
box(5),0.3146234523414943,-0.3803143442627205,1.05
box(4),0.3878647715928959,0.3202215605488089,1.05
box(3),0.5743374721640833,-0.47885770559459384,1.05
box(2),0.6285156044399729,0.04726125628371958,1.05
box(1),0.3430746660984474,0.01298020290168811,1.05
box(0),0.4670331851263505,0.46360486464785355,1.05
box(9),0.5680003399542355,0.27042329782511143,1.05
box(8),0.4127836466012182,-0.14014663398873484,1.05
box(7),0.4838577708595615,-0.33151193916418376,1.05
box(6),0.30103183066010497,0.4711241513366081,1.05
box(5),0.643352459498003,-0.1952489752872777,1.05
box(4),0.620242317851655,0.4239208685113698,1.05
box(3),0.47350017606245903,0.14865616878801247,1.05
box(2),0.6351792476641329,-0.3702406784861837,1.05
box(1),0.6198914974198616,-0.006924477412115215,1.05
box(0),0.3160423324808864,-0.25866736020785996,1.05
box(9),0.44461816519743846,0.3866740650041548,1.05
box(8),0.35443472414758787,-0.41717008033446135,1.05
box(7),0.32953846975137674,-0.02638684069518793,1.05
box(6),0.4675897030826318,-0.2832988183757076,1.05
box(5),0.32772348724933315,0.2903545671803597,1.05
box(4),0.6101660516580981,-0.21455358079979026,1.05
box(3),0.5996758260200548,0.4591210373548299,1.05
box(2),0.49306613090773965,0.24283945204837676,1.05
box(1),0.3159991714173603,0.49418691268493586,1.05
box(0),0.5582074006367534,0.027786732980920492,1.05
box(9),0.5860902744393572,-0.4964494926024855,1.05
box(8),0.31925423965611943,-0.21668414547901438,1.05
box(7),0.46141588941627654,0.400541253351797,1.05
box(6),0.6423161181490677,0.31365909057482333,1.05
box(5),0.33333052923181705,-0.3792932458879248,1.05
box(4),0.3866541203448618,0.053974981030396996,1.05
box(3),0.5594595697436215,-0.23599655552655718,1.05
box(2),0.30038359051624697,0.19512531416544754,1.05
box(1),0.4473009413576493,-0.08941689334308722,1.05
box(0),0.6319958203943877,0.4969570461716756,1.05
box(9),0.5486313986290201,0.19470826635025262,1.05
box(8),0.6467008107812928,-0.4021345195778083,1.05
box(7),0.6201380893313624,-0.03320508374036557,1.05
box(6),0.3497925813276992,0.3996896397221369,1.05
box(5),0.3511437533952235,-0.21218573027665277,1.05
box(4),0.38844514928848345,-0.4282394983006642,1.05
box(3),0.36122653011015254,0.04082682463270071,1.05
box(2),0.5720967697352108,0.3556288819459872,1.05
box(1),0.5650026758502138,-0.24399560479927873,1.05
box(0),0.34272015144584606,0.24903799064606402,1.05
box(9),0.4850082649314432,0.49289563288213145,1.05
box(8),0.47048106398589123,0.1673379069919716,1.05
box(7),0.6342665522105272,0.12810110011569087,1.05
box(6),0.5318080575061975,-0.47331830506266326,1.05
box(5),0.5914246505248594,-0.05023070623543724,1.05
box(4),0.44124973111578647,-0.0992675275386502,1.05
box(3),0.30310211669941767,-0.24267408868203222,1.05
box(2),0.3205173271937225,0.4573838773582515,1.05
box(1),0.5773751383260997,0.31688524557804787,1.05
box(0),0.5813043908730913,-0.23271803566056692,1.05
box(9),0.3830601403170156,0.31423563920898456,1.05
box(8),0.5189851121641319,0.48888600367361856,1.05
box(7),0.31682470048086325,-0.40615790824726816,1.05
box(6),0.4204426863900063,0.08241937167313029,1.05
box(5),0.30432015209180235,-0.026434254824514336,1.05
box(4),0.6018371205843325,-0.48178199770024943,1.05
box(3),0.6065533953518584,0.06326150394950047,1.05
box(2),0.3701875628521965,-0.2568124404899961,1.05
box(1),0.47250397093624363,-0.08569853115048187,1.05
box(0),0.6280300389895165,0.2927534683904153,1.05
box(9),0.35139024602110597,0.48242727389599294,1.05
box(8),0.5958393420430363,-0.17312010584274085,1.05
box(7),0.535431439415942,0.44015772133833886,1.05
box(6),0.3340223081328426,0.221591673985298,1.05
box(5),0.30582572587954726,-0.43540124977143024,1.05
box(4),0.3378242727563451,0.053422388403943755,1.05
box(3),0.6476673571937853,-0.43201896144482865,1.05
box(2),0.5471731228313269,0.14938441227812949,1.05
box(1),0.30412805317610575,-0.18201592262315314,1.05
box(0),0.4989888840892627,-0.496984092607044,1.05
box(9),0.44701400312549244,-0.2827475168112824,1.05
box(8),0.6282765369228158,0.30583890248212553,1.05
box(7),0.514658010985267,-0.05646929937536005,1.05
box(6),0.586106532011974,0.4589712131608946,1.05
box(5),0.3718928459651356,0.4900198402979573,1.05
box(4),0.6335271925465991,-0.15727520444334198,1.05
box(3),0.4047198404073281,0.3157851872980366,1.05
box(2),0.35709187251981095,-0.009598202396062017,1.05
box(1),0.305213954336041,-0.4447077229547942,1.05
box(0),0.5981701792010987,0.07684876408258245,1.05
box(9),0.3375260896189169,-0.1677534590473787,1.05
box(8),0.5326886912481523,-0.40245677990106077,1.05
box(7),0.31759207842229936,0.13592048860454353,1.05
box(6),0.4839486407573794,-0.2502494539803779,1.05
box(5),0.5631838939199685,0.3445348342733351,1.05
box(4),0.3455198397306757,0.47269634638926783,1.05
box(3),0.6324406016201555,-0.15472552535266137,1.05
box(2),0.3034428813465847,0.30163108620970447,1.05
box(1),0.4005326985015107,-0.0212709809326721,1.05
box(0),0.5412985175934915,0.49756198098263305,1.05
box(9),0.560611634934333,0.06537055406948988,1.05
box(8),0.3015008415226791,-0.42571836466596924,1.05
box(7),0.49964796130877565,-0.406949045478994,1.05
box(6),0.34630922903527284,-0.16378194047854522,1.05
box(5),0.6474519997735813,-0.4380633588076118,1.05
box(4),0.5138027799763623,0.3408326000448708,1.05
box(3),0.33379617623622715,0.4591818180155749,1.05
box(2),0.41791077088934303,0.13567425986300252,1.05
box(1),0.5442000926686357,-0.17192818458504766,1.05
box(0),0.3081627550549264,0.004684512941033558,1.05
box(9),0.3054501649810381,0.28144022810621894,1.05
box(8),0.5893559256384475,0.10909017842909696,1.05
box(7),0.3267753699483264,-0.47908308554419565,1.05
box(6),0.48540648932383335,0.49805278227704286,1.05
box(5),0.4880907891735716,-0.31360376940555823,1.05
box(4),0.5787077938602522,-0.4720050382068842,1.05
box(3),0.4758742426488134,-0.019198112923258237,1.05
box(2),0.3511901262938385,-0.21151134108624325,1.05
box(1),0.5050133489426462,0.33005851612881043,1.05
box(0),0.637552164162515,0.4351498536145336,1.05
box(9),0.5906242774630528,-0.12697824969620186,1.05
box(8),0.3396474195606874,0.07608793644401501,1.05
box(7),0.5477792492780392,0.12013354175876134,1.05
box(6),0.34051867245934736,0.42632353800833556,1.05
box(5),0.35385711441610695,0.2599638536743305,1.05
box(4),0.6403954919465544,-0.3288918973618977,1.05
box(3),0.4129532521510415,-0.4667204021919713,1.05
box(2),0.6381525569230972,-0.48531657059543676,1.05
box(1),0.4131912070307883,-0.17080917375356452,1.05
box(0),0.46192069614415443,-0.02821925084575594,1.05
box(9),0.30911227729555046,-0.29908832576103284,1.05
box(8),0.5511077562679075,0.3482532490187129,1.05
box(7),0.5664961224269753,-0.16521706725522944,1.05
box(6),0.6348869566547641,0.02886066956565203,1.05
box(5),0.3052701001932989,0.07429720295131459,1.05
box(4),0.41282704193482256,0.48159096873756924,1.05
box(3),0.36420340522543293,0.30404071728151527,1.05
box(2),0.4678273561000377,0.15048822666510575,1.05
box(1),0.6006178883540347,-0.3152325789152376,1.05
box(0),0.306629403706354,-0.12951729739035345,1.05
box(9),0.3217156587927651,-0.46105772436174897,1.05
box(8),0.4179706044541097,-0.2744369176238274,1.05
box(7),0.5858780473794047,0.3094590683680082,1.05
box(6),0.5462914767339058,-0.16496138062902188,1.05
box(5),0.6397091780987725,0.47738702586397974,1.05
box(4),0.5325127771874586,0.010462803850111113,1.05
box(3),0.6443073433326585,0.13735595907700215,1.05
box(2),0.44074387617110955,0.35637587484546596,1.05
box(1),0.37960933955493126,0.11865889016835185,1.05
box(0),0.620224105003059,-0.3193618488652936,1.05
box(9),0.47161152923982197,-0.4872723136779984,1.05
box(8),0.3622947799099795,-0.047563578985774124,1.05
box(7),0.31922467879667543,-0.2212957873335223,1.05
box(6),0.6198125438679452,0.30758649945023786,1.05
box(5),0.4818086429096617,-0.2203683298933643,1.05
box(4),0.6356954050721837,0.4825020341222078,1.05
box(3),0.6365262196410468,-0.15150576734698262,1.05
box(2),0.3456801772799555,-0.375536018778045,1.05
box(1),0.6313281791607641,0.0949936279909156,1.05
box(0),0.4326328329684703,0.29381446224945784,1.05
box(9),0.4562915775740025,0.10427332603753792,1.05
box(8),0.5746519443546103,-0.4294136275293595,1.05
box(7),0.439985769637647,0.4681417869675496,1.05
box(6),0.3045319480824233,-0.020329708494460585,1.05
box(5),0.6178315731623837,0.33192485317220055,1.05
box(4),0.4770180369881273,-0.155093284928289,1.05
box(3),0.33265738403082984,-0.22543119621238117,1.05
box(2),0.6363558642774725,-0.22302895709280224,1.05
box(1),0.30316988346209134,-0.49126873091106804,1.05
box(0),0.43223146701375786,-0.37565737412382827,1.05
box(9),0.32168442913460715,0.20732953637045126,1.05
box(8),0.5374831382253364,0.0721961210780786,1.05
box(7),0.6222451690014358,-0.42424647069118715,1.05
box(6),0.4763877468040809,0.4424944362652008,1.05
box(5),0.6499534310200443,0.1844123468514175,1.05
box(4),0.6314840568180051,-0.05175443526787993,1.05
box(3),0.3707561263187493,-0.045823731619326846,1.05
box(2),0.39128185379707003,-0.20386484227814938,1.05
box(1),0.6322504739225525,-0.2150990811484772,1.05
box(0),0.6489101381526292,0.4942429915649196,1.05
box(9),0.3235819595070289,-0.4384580687162912,1.05
box(8),0.4061448099617858,0.15779259787815247,1.05
box(7),0.4952897121720189,-0.3148975114019098,1.05
box(6),0.5221254551393467,-0.4627373700769971,1.05
box(5),0.4815301375764899,0.3413280637538352,1.05
box(4),0.6280962592814641,0.2910688520398549,1.05
box(3),0.5041309115687479,0.04355777215036627,1.05
box(2),0.3053219859192681,0.025407390007873065,1.05
box(1),0.3382879703444902,-0.14995020693654781,1.05
box(0),0.6399453947645526,-0.17920930091690512,1.05
box(9),0.6462941656900107,-0.32978467502874276,1.05
box(8),0.30450900825470706,-0.40092382130650495,1.05
box(7),0.40622486454358037,0.4760597344669043,1.05
box(6),0.31618270990173936,0.19105743180016277,1.05
box(5),0.4757246541581733,-0.2998195072483769,1.05
box(4),0.5557596874448787,0.49997179613938525,1.05
box(3),0.5568382589177775,0.31159957865972887,1.05
box(2),0.5291004586644271,-0.05564043650801409,1.05
box(1),0.6223499034911619,0.17060202506880406,1.05
box(0),0.5585092938995339,-0.4561386489024145,1.05
box(9),0.3762680395224623,-0.05589519733262838,1.05
box(8),0.4677715077035109,0.14491820052124715,1.05
box(7),0.33890876262019165,-0.41281132607414517,1.05
box(6),0.4036239026333853,0.417472730506974,1.05
box(5),0.3069936550123935,0.2299753562133896,1.05
box(4),0.44807739709579675,-0.27232235658018367,1.05
box(3),0.6188542599939172,-0.3081974202672898,1.05
box(2),0.6391061364355669,0.3853679838514016,1.05
box(1),0.6115967495564265,-0.09221625720020443,1.05
box(0),0.6043612761508528,0.20922857266387396,1.05
box(9),0.5546195361238775,-0.47685613621786693,1.05
box(8),0.38756346640449657,-0.12019570070491181,1.05
box(7),0.4546146198710256,0.1426466971597926,1.05
box(6),0.3766757393024939,-0.4774792102014238,1.05
box(5),0.39284993957858017,0.4903460052417018,1.05
box(4),0.30611797542370645,0.2508272034022401,1.05
box(3),0.3004285810869228,-0.326234878836022,1.05
box(2),0.5534176112843456,-0.31085337324590745,1.05
box(1),0.580902516681645,0.05955017672699725,1.05
box(0),0.5779949980433682,-0.15259646490892342,1.05
box(9),0.6102775176670658,0.4435013846838711,1.05
box(8),0.4479956536541726,0.33626564710602214,1.05
box(7),0.4490161425605076,-0.04847296891364172,1.05
box(6),0.39688368233710497,0.12613320547169315,1.05
box(5),0.4254447361436502,-0.4860567290108505,1.05
box(4),0.30029109363276546,0.41307260428897896,1.05
box(3),0.6035265334353304,0.21073619654572595,1.05
box(2),0.4162588065397419,-0.19908839978723125,1.05
box(1),0.5406987922611433,-0.29819932523661363,1.05
box(0),0.30673650763112054,-0.39422732594430365,1.05
box(9),0.5851919006495977,0.02079247942255813,1.05
box(8),0.6451935851027518,0.36742778523691355,1.05
box(7),0.49870277301022387,0.4164492499718008,1.05
box(6),0.301078154661174,-0.05764854370754591,1.05
box(5),0.44577203501931084,0.07867948318109885,1.05
box(4),0.554684730259577,-0.12637270438657955,1.05
box(3),0.38685015472562423,0.3023834962128982,1.05
box(2),0.5052142898393426,-0.4765044201334159,1.05
box(1),0.3405892201185954,-0.2385591848194646,1.05
box(0),0.34723266648798445,0.48540574187415153,1.05
box(9),0.5960405238854452,-0.34572857753385633,1.05
box(8),0.6312204803194263,0.20157672639471647,1.05
box(7),0.3608146095969506,-0.4315812109542537,1.05
box(6),0.6145337640695565,0.01881812536034,1.05
box(5),0.6004357116287402,0.3608161671284802,1.05
box(4),0.3464297320755026,0.1365554709915362,1.05
box(3),0.39684804733678564,-0.03659959473793273,1.05
box(2),0.43353697340608677,0.2903455768839307,1.05
box(1),0.5320441011724723,-0.20277768978824262,1.05
box(0),0.5268192292674847,-0.48971269365563375,1.05
box(9),0.3287563905385311,-0.2410902398352367,1.05
box(8),0.45993013505924757,0.4759181181576392,1.05
box(7),0.6008326469437555,0.20481566783675542,1.05
box(6),0.30011825750135324,-0.48954539639019967,1.05
box(5),0.634240677840342,-0.34306177184171915,1.05
box(4),0.6043497199364347,0.4069616321386891,1.05
box(3),0.5313523088147041,0.030449685148117633,1.05
box(2),0.3043769352077288,0.08867896405365294,1.05
box(1),0.30258454599475815,0.37618531830659196,1.05
box(0),0.6216711996857154,-0.10076068591754539,1.05
box(9),0.4788946570231766,-0.22066626414405344,1.05
box(8),0.37352726741985914,-0.09673785342512675,1.05
box(7),0.4414118032686026,0.17950072883776913,1.05
box(6),0.6211169657099279,0.20157058816004325,1.05
box(5),0.457643671999652,0.4876396930539245,1.05
box(4),0.31599111512117645,-0.46230002285893546,1.05
box(3),0.4850017529715378,-0.388778356795638,1.05
box(2),0.6121580049743096,0.3532592956943794,1.05
box(1),0.6448078451526373,-0.4583970959227367,1.05
box(0),0.5527039301155416,0.036490897700933944,1.05
box(9),0.34869520517679886,0.36235503964615,1.05
box(8),0.5393851384992816,-0.18861524465172652,1.05
box(7),0.33057207785163506,-0.03753590102573334,1.05
box(6),0.6374257669363068,-0.3033583563504261,1.05
box(5),0.3902694334526592,-0.22575195575293316,1.05
box(4),0.4729143331446506,0.48617624092931466,1.05
box(3),0.620737262857386,0.2005376464993559,1.05
box(2),0.48974211638686704,-0.3422601061716479,1.05
box(1),0.3237381294063764,-0.39272072629258814,1.05
box(0),0.6414470299972863,0.3964770900885719,1.05
box(9),0.39679172663876333,0.11766264311587804,1.05
box(8),0.32414182356247195,0.2911120578517027,1.05
box(7),0.5979381968588076,0.006122187209272489,1.05
box(6),0.5595513070302416,-0.49396101424689454,1.05
box(5),0.5907779535157567,-0.14480123228801334,1.05
box(4),0.37404289492587517,-0.19951091837794044,1.05
box(3),0.48851478267371073,0.29459902064459753,1.05
box(2),0.4443602348660103,0.4384780616809506,1.05
box(1),0.4245995611400226,-0.031975347501497,1.05
box(0),0.3740225459386632,-0.3768395810508183,1.05
box(9),0.6319774859247416,0.24508743881942519,1.05
box(8),0.6143965587767102,0.39967518004570546,1.05
box(7),0.383090634878598,0.14262796262166832,1.05
box(6),0.6350881587441785,0.0944412751825563,1.05
box(5),0.5215153203587294,-0.4295076694992296,1.05
box(4),0.5837801159990066,-0.28220049107034406,1.05
box(3),0.45240839219789936,-0.2019249283830551,1.05
box(2),0.6318024216109944,-0.12078776897610255,1.05
box(1),0.48128168792107745,0.3173186663374933,1.05
box(0),0.41966112685378076,0.4578193312512452,1.05
box(9),0.3991909008868712,-0.030160823375118162,1.05
box(8),0.38196700419007534,-0.3501449526654701,1.05
box(7),0.6185056437322716,0.4007465573062119,1.05
box(6),0.3211550149442387,0.17737648360573666,1.05
box(5),0.5804232261863049,0.09221816485661238,1.05
box(4),0.6373013869702071,-0.49920605978869115,1.05
box(3),0.47918113322094646,-0.4681790324775691,1.05
box(2),0.5031439991550677,-0.19858223571009237,1.05
box(1),0.6463984884343281,-0.059197103516673844,1.05
box(0),0.5935791540225619,-0.3322947262002721,1.05
box(9),0.5431275987126748,0.247290260734795,1.05
box(8),0.33353095248713704,-0.0751502413974815,1.05
box(7),0.40907149645750335,0.3819141496773757,1.05
box(6),0.5556713697335167,0.49065132397846445,1.05
box(5),0.38087855199435194,0.07392764773463123,1.05
box(4),0.3351179604600306,-0.3966309812614538,1.05
box(3),0.6394064490411531,0.13138994472275545,1.05
box(2),0.3605929812605571,0.23846671488501336,1.05
box(1),0.4944956580984585,-0.4592340034892175,1.05
box(0),0.37169865151372505,-0.2401621020724095,1.05
box(9),0.534937338646715,-0.22236717568296904,1.05
box(8),0.525192023721949,-0.025842860512385712,1.05
box(7),0.6290931668113517,-0.38443632498541636,1.05
box(6),0.3261180259277178,0.4057746521536246,1.05
box(5),0.5427471289640953,0.4553679284312542,1.05
box(4),0.5183331429097352,0.23425313053178798,1.05
box(3),0.34325759690961855,0.08594060103544399,1.05
box(2),0.3283430021861217,-0.0684475669723299,1.05
box(1),0.3493645451239452,-0.39158537861129794,1.05
box(0),0.48307210412732726,-0.49354767941424404,1.05
box(9),0.30439410411262957,-0.23222658141131458,1.05
box(8),0.48249121877177903,-0.28010719633725356,1.05
box(7),0.49356458090668043,0.015227542423557394,1.05
box(6),0.6406268544811535,-0.4787074027786484,1.05
box(5),0.3068100729533783,0.43495987004456804,1.05
box(4),0.641615695009211,-0.2855234156005,1.05
box(3),0.6106723738148908,0.11374363890262285,1.05
box(2),0.6336531645302492,-0.09259341278148481,1.05
box(1),0.5230599946533014,0.30715261611869105,1.05
box(0),0.35255348350899013,0.21377327636226973,1.05
box(9),0.5397094786126857,0.4664751044866181,1.05
box(8),0.34240420176987285,-0.49377084051953934,1.05
box(7),0.37351983432005187,-0.12612399270664687,1.05
box(6),0.3614488078232302,-0.34181868488123024,1.05
box(5),0.41438389672213644,0.06203913864241328,1.05
box(4),0.604975060624509,-0.48469819500244193,1.05
box(3),0.3204014961221136,0.44892213003731585,1.05
box(2),0.5512169593233,-0.34000213139512003,1.05
box(1),0.5958360521265753,0.13043116382638542,1.05
box(0),0.5125369331661296,-0.05756865730988714,1.05
box(9),0.6462471962777645,-0.20220890434942174,1.05
box(8),0.5366557672760955,0.4662699110744378,1.05
box(7),0.452381128469754,0.23884919993723075,1.05
box(6),0.32741917673702675,-0.10549689845672827,1.05
box(5),0.36460510568979915,-0.4399361561084397,1.05
box(4),0.3884565075334048,-0.26178299929878546,1.05
box(3),0.3957469545388632,0.059163677295257955,1.05
box(2),0.3552630292453156,0.4882010079025715,1.05
box(1),0.585972411020178,-0.4964036429389309,1.05
box(0),0.5955335276317492,0.08713370043798607,1.05
box(9),0.6137495571353578,0.2795509700980767,1.05
box(8),0.5080237515337549,-0.14274337116585434,1.05
box(7),0.5399231544291725,0.4414496826562052,1.05
box(6),0.6153876217008969,-0.2628433747019535,1.05
box(5),0.4796674708267993,0.19336201228836247,1.05
box(4),0.31399103768434394,-0.06929579232502359,1.05
box(3),0.31224991174276295,0.18600371497448176,1.05
box(2),0.37826811377987213,-0.4391299259824245,1.05
box(1),0.3849264913108507,0.451677722785516,1.05
box(0),0.33818096827879013,-0.2324120905749878,1.05
box(9),0.6231416431540706,-0.03492705229005222,1.05
box(8),0.6381242644487158,-0.49386416237757413,1.05
box(7),0.6334900653030328,0.12655212597904086,1.05
box(6),0.49849301488129105,0.3503840533047954,1.05
box(5),0.5115278787229055,-0.2901257093465478,1.05
box(4),0.4800286005792479,0.06563447155872637,1.05
box(3),0.49038977406027273,-0.14116259752330018,1.05
box(2),0.30035999033556093,-0.06562731227376295,1.05
box(1),0.48013281435721145,-0.4507941555423509,1.05
box(0),0.36593674940866844,0.4844937638089035,1.05
box(9),0.6462785294143992,-0.19048612196707526,1.05
box(8),0.3101998288127006,-0.3856680159124196,1.05
box(7),0.6418670169125402,-0.4093233112115494,1.05
box(6),0.6496871021436486,0.49674190934219353,1.05
box(5),0.6462968199975265,0.05275682227842171,1.05
box(4),0.30047887457179634,-0.2165424278214516,1.05
box(3),0.5713869818493004,0.1920479368211776,1.05
box(2),0.46863364380623185,-0.2674202077124034,1.05
box(1),0.38001095555907943,-0.04644785318483313,1.05
box(0),0.3940146062140483,0.16601779574861197,1.05
box(9),0.48228255638317646,0.39580138673036624,1.05
box(8),0.6088659004375268,-0.0963492234466562,1.05
box(7),0.340501240909467,-0.4412596454590928,1.05
box(6),0.5382183918951069,-0.485020320109553,1.05
box(5),0.6403593998172978,-0.3108750373135115,1.05
box(4),0.34130014205365844,0.44950899618415563,1.05
box(3),0.301773048177672,-0.20430254753614163,1.05
box(2),0.5156112675421888,0.04059449319113573,1.05
box(1),0.6328109270370694,0.3379660293139227,1.05
box(0),0.33580237078684133,0.004345238316838418,1.05
box(9),0.3732726002154153,0.1911300474115949,1.05
box(8),0.6345947346334916,0.15394964730648597,1.05
box(7),0.5041880695138221,-0.1661345561071197,1.05
box(6),0.35431029255255525,-0.392769261215523,1.05
box(5),0.4994211835532571,0.4582769237174448,1.05
box(4),0.623282091256779,-0.37645592322615107,1.05
box(3),0.6350228548136272,-0.08943933902361789,1.05
box(2),0.30679345260176943,0.37079703486505455,1.05
box(1),0.3521397819337133,-0.2267661940935921,1.05
box(0),0.6466985756102943,0.42579099156661515,1.05
box(9),0.525775562891704,0.024318479354146105,1.05
box(8),0.321036437568497,0.12916708859497827,1.05
box(7),0.5421858990609404,0.2223142469204472,1.05
box(6),0.3140354869338302,-0.06690188893000382,1.05
box(5),0.3425235446271055,-0.41838147145665816,1.05
box(4),0.4790652858673474,0.49730097468302703,1.05
box(3),0.608136261240891,-0.475084408333205,1.05
box(2),0.5685234489327022,-0.23898028783246994,1.05
box(1),0.40866902586556497,0.33213932014811254,1.05
box(0),0.3994950166508603,-0.2218122590863162,1.05
box(9),0.6485146202853107,0.43197671340396104,1.05
box(8),0.5094016506767801,0.010605280652144056,1.05
box(7),0.342231455367368,0.12432468025127175,1.05
box(6),0.6435037879600384,-0.0581917383861027,1.05
box(5),0.5210707564143611,0.20410858128415366,1.05
box(4),0.4212377321120809,-0.47757180504134655,1.05
box(3),0.5019703333992118,0.48568799624729486,1.05
box(2),0.3530876084839052,-0.06757149535506446,1.05
box(1),0.6131853944065673,-0.20922832540757164,1.05
box(0),0.3715492072379539,0.281927565362324,1.05
box(9),0.46173372066985335,-0.29540143323714074,1.05
box(8),0.588604967781875,-0.4230986739783318,1.05
box(7),0.5361592130413866,0.048195942128579694,1.05
box(6),0.5949045971748266,0.34696579083872325,1.05
box(5),0.3679783989321887,0.12614179546124127,1.05
box(4),0.30822167832580477,-0.33663089076024777,1.05
box(3),0.6469266913915557,0.17035318620048645,1.05
box(2),0.4579788479865527,0.4417002439495977,1.05
box(1),0.37836695549349164,-0.1047631542028824,1.05
box(0),0.5921601284927477,-0.09199197447610996,1.05
box(9),0.30258660648936503,0.3264158121318863,1.05
box(8),0.4416784293533466,-0.4709231872075077,1.05
box(7),0.5198294988197381,-0.2827818707287635,1.05
box(6),0.6464294356221763,-0.47805277193706086,1.05
box(5),0.5209779179324194,0.2864311038995937,1.05
box(4),0.43510635001341746,0.04764926640606704,1.05
box(3),0.34805522250442084,-0.3330326719068798,1.05
box(2),0.6488314995563386,0.3737797270297546,1.05
box(1),0.48641423692453767,0.4464692393092443,1.05
box(0),0.3546611238227441,-0.1746953111837669,1.05
box(9),0.6143015420248498,0.05918508018239421,1.05
box(8),0.5854404380923526,-0.09219948840909353,1.05
box(7),0.3975910085934329,0.1940114406788751,1.05
box(6),0.6043672708005934,-0.2870067238635543,1.05
box(5),0.3342681627693556,0.47872682108133724,1.05
box(4),0.521313260407647,-0.43200908665749005,1.05
box(3),0.30258716482667947,-0.493367410914755,1.05
box(2),0.30418413673198713,-0.021597412439240404,1.05
box(1),0.6342813933821443,0.4974880977973638,1.05
box(0),0.5030276305227891,0.39272567167129413,1.05
box(9),0.41778485325187187,-0.29693505480747295,1.05
box(8),0.6085400257830755,0.2647501431241781,1.05
box(7),0.5283950966462165,-0.15226331233612656,1.05
box(6),0.4924782468510752,0.055690098249102205,1.05
box(5),0.38496699154801883,0.29659566140562554,1.05
box(4),0.6374408584868687,0.11089053753628741,1.05
box(3),0.6234997665842206,-0.43859887540187426,1.05
box(2),0.30631363191678196,-0.1912904488547369,1.05
box(1),0.43171778119878457,-0.4901088312010139,1.05
box(0),0.6473317860077398,-0.26625445847527873,1.05
box(9),0.4367322770713752,0.47926432742630554,1.05
box(8),0.6111674689970314,0.43719267687539065,1.05
box(7),0.311368695643453,0.1188780877206268,1.05
box(6),0.4578123028749055,-0.11764732194849703,1.05
box(5),0.6178726365258983,-0.046283732479610706,1.05
box(4),0.45470352299334127,0.06833800734449336,1.05
box(3),0.3173264415782123,-0.347095072188902,1.05
box(2),0.6429693492447396,-0.45978278178263443,1.05
box(1),0.529069711491982,0.2014121971279279,1.05
box(0),0.4991704738424666,-0.2953379385635668,1.05
box(9),0.42783696066572063,-0.47764399420613735,1.05
box(8),0.3437301181699836,0.2881860220151169,1.05
box(7),0.5435520674143137,0.449502749149279,1.05
box(6),0.3125763764764262,0.003455029858024261,1.05
box(5),0.38568351302119924,-0.1674861755973236,1.05
box(4),0.6198146203944952,-0.07991604467016733,1.05
box(3),0.6471390569773223,0.08276851330288604,1.05
box(2),0.6499279592645578,-0.2706746366680113,1.05
box(1),0.6473021615298655,-0.43611957002709867,1.05
box(0),0.6132259745218953,0.27162515267349874,1.05
box(9),0.32846689494457365,0.46217972626769577,1.05
box(8),0.43306941362169993,-0.377575831022549,1.05
box(7),0.5071338863933447,0.1400880807765743,1.05
box(6),0.5261749615354321,0.47836484909982446,1.05
box(5),0.3339961002998181,-0.4942459969313606,1.05
box(4),0.31513400683126885,-0.2668631819396349,1.05
box(3),0.48577942971749744,-0.09671665328443024,1.05
box(2),0.3397030227204057,0.19870090745863878,1.05
box(1),0.6330727358403608,-0.17868383753128836,1.05
box(0),0.5943347407225363,-0.4690367617328034,1.05
box(9),0.6133206087403197,0.309807330726106,1.05
box(8),0.3626224891624067,0.4686700810048161,1.05
box(7),0.4928353603381749,-0.27076718260075217,1.05
box(6),0.5145230272361675,0.1475157771615263,1.05
box(5),0.3402227805282474,-0.014150496968367121,1.05
box(4),0.3392328712113403,-0.47452266217292016,1.05
box(3),0.5697653817319315,0.4893240565174094,1.05
box(2),0.5235269490620745,-0.061468094296547426,1.05
box(1),0.35985565472905867,0.15355245476367652,1.05
box(0),0.4088806319552907,0.3157180792112362,1.05
box(9),0.6441938432771216,-0.26695928644862055,1.05
box(8),0.6306274495518853,0.2832667648804639,1.05
box(7),0.33972377855271546,0.45984747104058266,1.05
box(6),0.45914312717989925,-0.3498226193676205,1.05
box(5),0.39355899753742957,-0.18936662987535424,1.05
box(4),0.5395404669474021,0.11538800961773454,1.05
box(3),0.6006991347648385,-0.45112618680479755,1.05
box(2),0.5347120576899076,0.40901087765012534,1.05
box(1),0.3799074425318242,-0.003665506813930741,1.05
box(0),0.6437501717604921,0.004170831198674563,1.05
box(9),0.40573688778089056,0.2740509529893994,1.05
box(8),0.30918658409461963,-0.3980826652634838,1.05
box(7),0.5999549274843352,-0.17928010429265595,1.05
box(6),0.3508535295345367,0.4886922850575719,1.05
box(5),0.3089393741502932,0.14565515356279723,1.05
box(4),0.3799774554411045,-0.20225863210440842,1.05
box(3),0.6306805693230626,0.23186743803906762,1.05
box(2),0.5361873320804531,-0.43898405703547494,1.05
box(1),0.6372135551221686,0.4293609764697669,1.05
box(0),0.47301397115100563,-0.06708351186664685,1.05
box(9),0.5808619727126076,0.05929593406231304,1.05
box(8),0.4352207172373216,0.3117730333234575,1.05
box(7),0.31639806945213594,-0.4114133429859207,1.05
box(6),0.5894280233550684,-0.20774458980658617,1.05
box(5),0.3831563782007191,0.46378741813685176,1.05
box(4),0.3329034533445752,0.1040527503875357,1.05
box(3),0.34691572004219773,-0.23632666818545423,1.05
box(2),0.6233810442007803,0.23140495386791327,1.05
box(1),0.6310926075181652,-0.42641252079558556,1.05
box(0),0.5543951395797373,0.4285156453734995,1.05
box(9),0.49777427889522097,-0.0761117632059074,1.05
box(8),0.4875584102514041,-0.3379563357441622,1.05
box(7),0.4197910001722692,0.26266380516872456,1.05
box(6),0.6331379570317233,-0.004144715153929002,1.05
box(5),0.3480989056837385,-0.39645408507391644,1.05
box(4),0.31478073355568276,-0.08830116890489736,1.05
box(3),0.6372432251250464,-0.18379137543167168,1.05
box(2),0.33903863078712,0.4585524499879843,1.05
box(1),0.3509735827837046,0.1061895883437215,1.05
box(0),0.5951433599880737,0.2720554145106674,1.05
box(9),0.6432424414384594,-0.384772721522878,1.05
box(8),0.46961531078455565,-0.08558786379079286,1.05
box(7),0.5536275806013349,0.47570825663979865,1.05
box(6),0.5268841548141825,0.13208436216581576,1.05
box(5),0.4551997696387655,-0.24517902014052018,1.05
box(4),0.4482536180284915,-0.4753156080600007,1.05
box(3),0.43286300290018687,0.3018789464244783,1.05
box(2),0.30599850228527115,-0.20467131517572512,1.05
box(1),0.6343619724301877,-0.1063013355753053,1.05
box(0),0.34515800660229723,0.11884894812400093,1.05
box(9),0.3239334561168068,0.4278940054092998,1.05
box(8),0.612429994881904,-0.4754925107862966,1.05
box(7),0.4256588018710717,-0.06668316867580848,1.05
box(6),0.4798952549254323,0.4820043855340992,1.05
box(5),0.6145081712839335,0.3776300887942222,1.05
box(4),0.5116987172726966,0.0726912008449413,1.05
box(3),0.47481849818020283,-0.26123988209271276,1.05
box(2),0.4502797905013673,0.26712447153419805,1.05
box(1),0.5975475243318542,0.20754220566048798,1.05
box(0),0.4466157055174078,-0.4608559592455468,1.05
box(9),0.31269506749399334,-0.27874868513752216,1.05
box(8),0.3292323185592388,0.08808621325292154,1.05
box(7),0.6103158930023909,-0.05576228542388684,1.05
box(6),0.6288645848044319,-0.4988001887684139,1.05
box(5),0.40982255330057094,-0.06420103381066944,1.05
box(4),0.3538419742182823,0.4588474846790631,1.05
box(3),0.5451771535919402,0.3964036453965172,1.05
box(2),0.46531518845714126,-0.3033907787862742,1.05
box(1),0.3833402057643944,0.26647357461512156,1.05
box(0),0.5096872015511955,0.07641815523871232,1.05
box(9),0.6488083041867727,0.13479634390037176,1.05
box(8),0.3079236345122061,-0.18683692442173683,1.05
box(7),0.3689726545392211,-0.49983279643607414,1.05
box(6),0.6202832686010707,-0.11197207604999115,1.05
box(5),0.33196052924111485,0.11842211165800354,1.05
box(4),0.5260251075738162,-0.48391155339266356,1.05
box(3),0.3616632448925799,-0.029962448207776826,1.05
box(2),0.4356877253310986,0.41468936252094457,1.05
box(1),0.49566341522293145,-0.2716673461521816,1.05
box(0),0.5621582302687333,0.30476137995928165,1.05
box(9),0.6358166271476222,0.48369174796446235,1.05
box(8),0.6215734716188924,0.09181223439165098,1.05
box(7),0.3395213155150677,-0.3014811473349486,1.05
box(6),0.31645852642220895,0.2871953813847614,1.05
box(5),0.6470555582943422,-0.06560668860392938,1.05
box(4),0.3326153518018856,-0.49367093440332477,1.05
box(3),0.6286260974081981,-0.48211214321377716,1.05
box(2),0.45731264819004314,0.118872498862724,1.05
box(1),0.3817958944851653,0.4670429269542049,1.05
box(0),0.6278165190812003,-0.24270183188025607,1.05
box(9),0.3757961021822512,-0.14848160626010076,1.05
box(8),0.5666139667215682,0.2330998144917914,1.05
box(7),0.5393867977587061,0.4715523509291595,1.05
box(6),0.30076153189181365,-0.34682983357762665,1.05
box(5),0.3030671854319269,0.024733934923517387,1.05
box(4),0.5786141171175847,-0.012178220182590627,1.05
box(3),0.4848315749997441,-0.33999441969824407,1.05
box(2),0.6109923568200653,-0.42146147938701506,1.05
box(1),0.3232752951337222,0.22175102288156012,1.05
box(0),0.4369002359111078,0.11539644727337439,1.05
box(9),0.3262052985670446,0.47140444190211805,1.05
box(8),0.5125540952519629,-0.1727564370085959,1.05
box(7),0.5837170448686315,0.24031384802755673,1.05
box(6),0.5029841517258196,0.4845871601134908,1.05
box(5),0.3618341541762444,-0.21847016493835436,1.05
box(4),0.35898423962689013,-0.4245054511632842,1.05
box(3),0.626399628288639,0.039493326709726384,1.05
box(2),0.47895914377313414,-0.3263095349486378,1.05
box(1),0.35062910503370115,-0.0632269033790479,1.05
box(0),0.6008768521919674,-0.46955857690767566,1.05
box(9),0.41538075026625804,0.11256451500727482,1.05
box(8),0.33446646320219653,0.28024902539286356,1.05
box(7),0.603023262511912,-0.13483251584025557,1.05
box(6),0.32902810794660464,0.46238800209478426,1.05
box(5),0.6017369670957333,0.3629529833075986,1.05
box(4),0.5249304536935939,0.23330785069683002,1.05
box(3),0.34607853187679677,-0.4474980439197137,1.05
box(2),0.643913718529358,0.07243348850784626,1.05
box(1),0.39730688587217916,-0.26645608459689474,1.05
box(0),0.30796810761150906,-0.06024339190396033,1.05
box(9),0.6334440309444688,-0.3096123231145317,1.05
box(8),0.48598693669166126,0.4769089545852726,1.05
box(7),0.504942855286614,-0.4941073462644947,1.05
box(6),0.518742854417098,-0.08715872324054796,1.05
box(5),0.4623625915182795,0.07601447687827467,1.05
box(4),0.6485784462554308,0.4420450082512103,1.05
box(3),0.3495645293076278,0.3276763154318246,1.05
box(2),0.34117174309216,-0.48383318957509835,1.05
box(1),0.566039706505598,0.19585080527314447,1.05
box(0),0.47624493627437775,-0.29926126395421393,1.05
box(9),0.3233912914324011,-0.18041035112131887,1.05
box(8),0.30394777862974276,0.17652882291506722,1.05
box(7),0.3218389124047602,-0.013827073182988259,1.05
box(6),0.4925919225048524,0.4108304715065576,1.05
box(5),0.3054459663597322,-0.33275182751488996,1.05
box(4),0.5052202224141151,-0.1443821452957812,1.05
box(3),0.5591529914748019,0.0008978539417967557,1.05
box(2),0.31625655967386496,0.4977731756303687,1.05
box(1),0.6020702437599397,-0.3893137081875534,1.05
box(0),0.4150986635715807,-0.46684677376430816,1.05
box(9),0.6487999879711037,0.3877720874390844,1.05
box(8),0.36764799328523184,0.3178324878377081,1.05
box(7),0.41056023436908723,0.11145823153740553,1.05
box(6),0.595332908615579,0.24317200201417577,1.05
box(5),0.3828514710392732,-0.05303889274501483,1.05
box(4),0.3350963095273886,-0.32232388086188823,1.05
box(3),0.4754460578068207,-0.23598843175234718,1.05
box(2),0.6044252176756466,-0.038540534224463685,1.05
box(1),0.5183850680669159,0.47129238475304436,1.05
box(0),0.6367821879310094,-0.18962081744185655,1.05
box(9),0.6312828650080928,-0.38078032682096785,1.05
box(8),0.4416889674913598,-0.4958342064450204,1.05
box(7),0.43139390567170954,0.28037387760631527,1.05
box(6),0.3374031015552275,0.10166974719373212,1.05
box(5),0.6428781450659978,0.2077183180711052,1.05
box(4),0.3537134041024966,-0.13879100701179614,1.05
box(3),0.36114779274726416,0.4746932453933649,1.05
box(2),0.648881997635048,0.39101350943793967,1.05
box(1),0.33414712647738765,-0.3454989621331863,1.05
box(0),0.6080701365680337,0.03265727075850555,1.05
box(9),0.607235993926751,-0.12782755832646042,1.05
box(8),0.47340411701165364,-0.272472931031168,1.05
box(7),0.6114009515558422,-0.3747480708071016,1.05
box(6),0.49221436133725444,0.27548676768155334,1.05
box(5),0.3324656619447035,0.1172644484620724,1.05
box(4),0.4577136410743059,-0.026730433966292377,1.05
box(3),0.4101604673481857,-0.4898564912440718,1.05
box(2),0.4549354628556364,0.42237539708006333,1.05
box(1),0.6385056325890797,0.39425009003604305,1.05
box(0),0.3158697147015609,-0.20432018106503724,1.05
box(9),0.3329650488183029,0.31138992723793457,1.05
box(8),0.631591581153635,0.20230635035355682,1.05
box(7),0.5843070121484403,-0.13548754885753234,1.05
box(6),0.5231453176334687,-0.3354878657036311,1.05
box(5),0.301219383077872,-0.046474402720328656,1.05
box(4),0.49755353404056746,0.12146255499887737,1.05
box(3),0.3469535757738289,0.10714976978852264,1.05
box(2),0.3074545202871711,-0.4297337497970539,1.05
box(1),0.5952945581807318,-0.49383455511882046,1.05
box(0),0.31245934060512875,0.49961504008144775,1.05
box(9),0.5138897671899114,0.3290420181467958,1.05
box(8),0.6484318651209446,0.4745740155179342,1.05
box(7),0.3869744447500998,-0.25814479815974734,1.05
box(6),0.5698600100110255,-0.17835401247403138,1.05
box(5),0.4827890454673499,-0.035028794323701096,1.05
box(4),0.3430075656885968,0.2580626913882448,1.05
box(3),0.5621262907915574,0.17035757210718205,1.05
box(2),0.35139666884038623,0.04306982481456412,1.05
box(1),0.301566431286796,-0.41084938595256737,1.05
box(0),0.5764928387074814,-0.3750727528234674,1.05
box(9),0.34768108970742706,0.4401078768759973,1.05
box(8),0.5221643623742604,0.37530292120602404,1.05
box(7),0.4540452152784873,-0.47804452441785483,1.05
box(6),0.43445974005288307,-0.2796162961844383,1.05
box(5),0.5832739799569768,-0.2025161593424144,1.05
box(4),0.6247202922262567,-0.00638590873729139,1.05
box(3),0.34064843707671466,-0.14617513142281546,1.05
box(2),0.5941113797945063,0.2234852671778459,1.05
box(1),0.36947183621260926,0.11933274445559694,1.05
box(0),0.30554835628244265,-0.39505636326020266,1.05
box(9),0.5868122117185519,-0.3567873446466271,1.05
box(8),0.35301369101357044,0.38627793027337787,1.05
box(7),0.504994637712801,0.4781802640821724,1.05
box(6),0.43924709212114854,-0.031820462626249046,1.05
box(5),0.4963822274715063,-0.4851243180892849,1.05
box(4),0.5776695131569707,-0.15158542608240677,1.05
box(3),0.4570537530019335,-0.2551401499094851,1.05
box(2),0.30978263170862097,-0.13625403424650573,1.05
box(1),0.6467424977180674,0.33595858978046,1.05
box(0),0.5367270591575483,0.10382930484297559,1.05
box(9),0.3040715238433616,-0.4698025537218644,1.05
box(8),0.6454623203299759,-0.45806394631935365,1.05
box(7),0.344602823388224,0.21061798778390095,1.05
box(6),0.3348308837521,0.38292650353874025,1.05
box(5),0.4925505371169686,0.34091991111599773,1.05
box(4),0.3809536796794357,0.019793343210919745,1.05
box(3),0.6450726959998749,-0.2882171226568282,1.05
box(2),0.4855051181580753,-0.11187711092646468,1.05
box(1),0.629483042449303,0.49528693644003496,1.05
box(0),0.4112109548730144,-0.26412436392526895,1.05
box(9),0.6401165363930064,-0.1279772405312264,1.05
box(8),0.3151600089403809,-0.4145196206463484,1.05
box(7),0.6266496905064803,0.08890679578925298,1.05
box(6),0.6276481617772007,-0.4819590715087525,1.05
box(5),0.32758261682041895,0.36071290385675703,1.05
box(4),0.5425682477575872,0.33670447367500944,1.05
box(3),0.44699941316623737,0.1946490058745315,1.05
box(2),0.41030282655134254,0.4934818152090955,1.05
box(1),0.38588712817159254,-0.06605959346273127,1.05
box(0),0.6440886477356501,-0.3198261067998315,1.05
box(9),0.48181322701071533,-0.42519329807269257,1.05
box(8),0.3195499334112273,0.07637874233974473,1.05
box(7),0.5449979363396679,-0.09270925834589172,1.05
box(6),0.3064532751045943,-0.2775408880047108,1.05
box(5),0.6078315905325615,0.06131458649362398,1.05
box(4),0.6465383059182938,0.49048592154851467,1.05
box(3),0.6032892121135233,0.3465969380105596,1.05
box(2),0.4153378318792588,0.22156038693420488,1.05
box(1),0.34216655784052097,0.4013373895067299,1.05
box(0),0.3862998866800684,-0.0841168461735905,1.05
box(9),0.5773734054745703,-0.2633421113356612,1.05
box(8),0.39426027843149863,-0.4731605824426409,1.05
box(7),0.5688633500624753,-0.4361886851380953,1.05
box(6),0.5826328801797311,-0.09441319300234541,1.05
box(5),0.3671423773079978,-0.29180857806460947,1.05
box(4),0.6256871464631926,0.05049209284767753,1.05
box(3),0.4653801385004175,0.046790147485212374,1.05
box(2),0.6450233933516866,0.32775179643887664,1.05
box(1),0.5037125228034594,0.38148328088693617,1.05
box(0),0.3846211839806507,0.4904407140200001,1.05
box(9),0.5261414527689446,0.19939757959980176,1.05
box(8),0.3268318388168255,-0.1383812125129772,1.05
box(7),0.3579389408903102,0.31281115479921073,1.05
box(6),0.5515327987047853,-0.4990979483650477,1.05
box(5),0.3607706019484031,-0.4830468238903455,1.05
box(4),0.46645184016377905,-0.2025787560683685,1.05
box(3),0.3028285074894005,0.044928771228115005,1.05
box(2),0.4699357488560434,-0.3609855414790948,1.05
box(1),0.6031299915946158,0.027348417498664235,1.05
box(0),0.5980657542193579,0.3573073255201955,1.05
box(9),0.30297174130713644,-0.28893661853738284,1.05
box(8),0.4615227348811345,-0.03438091177281377,1.05
box(7),0.486339612748644,0.1239356392745804,1.05
box(6),0.42659373242322607,0.4278843302199993,1.05
box(5),0.6457028403913395,-0.20521738029064196,1.05
box(4),0.31432426545616926,0.20216444947710277,1.05
box(3),0.6357280527584539,0.21107871292209246,1.05
box(2),0.31248133566156605,-0.08845432951780663,1.05
box(1),0.42134642820428325,-0.3822107074830129,1.05
box(0),0.6398478767578897,-0.4955289605397225,1.05
box(9),0.5759967813859137,0.3583756310430326,1.05
box(8),0.6384609640597274,-0.004603751894307728,1.05
box(7),0.4804905486698029,-0.23568289482647964,1.05
box(6),0.3010588045442393,-0.26746241229410794,1.05
box(5),0.46388530729351113,0.04597855076965396,1.05
box(4),0.43302644030162984,0.47293741856804883,1.05
box(3),0.6497990180476856,-0.18264193183148336,1.05
box(2),0.5822857847662308,0.20513487533507513,1.05
box(1),0.3635463158420387,0.24402867391229166,1.05
box(0),0.30912914219313875,-0.02540254789943619,1.05
box(9),0.48441770743691015,-0.4428865881697679,1.05
box(8),0.6267993064116428,-0.3393652223553566,1.05
box(7),0.5866400515703614,0.46253798982212524,1.05
box(6),0.42776147877380055,-0.13174422694186416,1.05
box(5),0.6366514880532304,0.024948267990199224,1.05
box(4),0.32876930187364695,-0.4686105827501641,1.05
box(3),0.39813965754724473,0.4430909442867531,1.05
box(2),0.439461478463558,0.10785456473637578,1.05
box(1),0.3627092279791754,-0.3155790870237629,1.05
box(0),0.551789649488584,0.28781298652668563,1.05
box(9),0.3068335210715402,0.25123345801900854,1.05
box(8),0.6285957505776224,-0.49618177806788777,1.05
box(7),0.54560576639176,-0.34246571814590243,1.05
box(6),0.6131171533776587,-0.15508520466177733,1.05
box(5),0.405828712522824,-0.08411231244532091,1.05
box(4),0.6470074517002303,-0.001668744784869336,1.05
box(3),0.5759949172207894,0.4684356228892532,1.05
box(2),0.33077872838912803,0.46623265622272525,1.05
box(1),0.43876126520449077,-0.48884146693357844,1.05
box(0),0.389084427894562,-0.25288087316281505,1.05
box(9),0.5110551438330257,0.24101152373494317,1.05
box(8),0.4337120178868882,0.11136311784496866,1.05
box(7),0.6388143342822985,-0.46786687580192443,1.05
box(6),0.6483998843593477,0.1551420609631512,1.05
box(5),0.6453553382667852,-0.3092544843888977,1.05
box(4),0.30889381101244456,-0.4082096834542288,1.05
box(3),0.5443643684268842,-0.0036508739677661994,1.05
box(2),0.3331814736148998,0.3155350426350765,1.05
box(1),0.5943664310181934,0.40754628613880817,1.05
box(0),0.39361590919883516,-0.08527977591405045,1.05
box(9),0.4349622707208889,-0.256903947765156,1.05
box(8),0.5942621817631062,-0.16466526145129878,1.05
box(7),0.36607543514768787,0.49443652079476696,1.05
box(6),0.4497543377060218,0.20429236845308396,1.05
box(5),0.30002178655293077,0.16061019893441675,1.05
box(4),0.530581733791401,-0.3743717892949173,1.05
box(3),0.3267821057007337,-0.4165395425206244,1.05
box(2),0.6317418984427776,0.21978108413791575,1.05
box(1),0.5040542027368677,0.02809717967661629,1.05
box(0),0.5079202192653858,0.4211766073798626,1.05
box(9),0.3486803592111635,-0.12506130198241272,1.05
box(8),0.45138511528882774,-0.24289894266877166,1.05
box(7),0.6244979448929437,-0.15662666006803627,1.05
box(6),0.35727375067491796,0.42299695479963195,1.05
box(5),0.4820265692370257,0.17824910708664987,1.05
box(4),0.3532756342079473,0.0762607340383662,1.05
box(3),0.552215947013746,-0.4745046733939522,1.05
box(2),0.351251003943088,-0.41621701270022815,1.05
box(1),0.30307392600909344,0.24495448882528115,1.05
box(0),0.4945419758527685,-0.023333751775817202,1.05
box(9),0.6404139641825375,0.3464501799025411,1.05
box(8),0.5242534985913652,0.4939030306628992,1.05
box(7),0.48845245479996985,-0.23290050837475507,1.05
box(6),0.6252971825078033,-0.3183696425614043,1.05
box(5),0.6445955064477237,-0.07297308551416526,1.05
box(4),0.5396531986971775,0.15869582555539696,1.05
box(3),0.3458930491194341,0.42772379096570634,1.05
box(2),0.3632716725286618,0.080185243501954,1.05
box(1),0.3202651951995548,-0.4206296888166269,1.05
box(0),0.4244758199301152,0.2700495266242684,1.05
box(9),0.4756660031693925,-0.38859947206796674,1.05
box(8),0.31387768360225643,-0.2588827376632953,1.05
box(7),0.6368644675750512,-0.4701225699356628,1.05
box(6),0.32581314969052705,-0.07495751917891202,1.05
box(5),0.5387260390991876,0.4213753689145463,1.05
box(4),0.5478277840568175,-0.02742877723674153,1.05
box(3),0.6443386212673003,0.1863210802278753,1.05
box(2),0.5335553936413556,-0.22599018774611435,1.05
box(1),0.4066898461201356,0.08797630419465219,1.05
box(0),0.36232818992404675,0.42759173372897596,1.05
box(9),0.4311639975375283,0.2871787610609523,1.05
box(8),0.4271057650020122,-0.41036650241384687,1.05
box(7),0.3767413186480914,-0.23241826928869747,1.05
box(6),0.6038405271061545,-0.4530785844502966,1.05
box(5),0.31464202692608817,-0.05116415995389001,1.05
box(4),0.6243072944873451,0.43891362556469227,1.05
box(3),0.6288668204946795,-0.05238650852277227,1.05
box(2),0.6138198691073522,0.09707363857087814,1.05
box(1),0.5890084362895711,-0.21328237325697685,1.05
box(0),0.45769059604940004,0.022677189564244804,1.05
box(9),0.31190654916155963,0.3922853733745517,1.05
box(8),0.3640982058156542,0.23681149490684428,1.05
box(7),0.4774112870737563,0.3883360480793886,1.05
box(6),0.3614169140420776,-0.4811279219705854,1.05
box(5),0.4311706854078621,-0.1596510371076304,1.05
box(4),0.5281804199122572,-0.36435932135215,1.05
box(3),0.6491790445021042,0.2541786194865834,1.05
box(2),0.30630804121553074,0.053089704025603535,1.05
box(1),0.32689927672515956,-0.2977738316924007,1.05
box(0),0.6094738307611318,0.05293336531690129,1.05
box(9),0.6327535463700609,0.4580262360494334,1.05
box(8),0.6032095895490446,-0.1112741159015943,1.05
box(7),0.3267937394401454,0.23155777583923676,1.05
box(6),0.48209327972794513,0.25890218314163616,1.05
box(5),0.3283795012668084,-0.44873577600384096,1.05
box(4),0.47026079793175035,-0.20034539541188412,1.05
box(3),0.5971950251118443,-0.49858122882744804,1.05
box(2),0.5192664670709304,-0.3437438349730185,1.05
box(1),0.43101721806288107,-0.023520521292724417,1.05
box(0),0.3660159867675636,0.3882243552914848,1.05
box(9),0.6189577434960616,0.0688003697114703,1.05
box(8),0.33112462046981966,-0.2652119429517833,1.05
box(7),0.5343483949823215,0.4311887029971857,1.05
box(6),0.3531760683651264,0.17572024670379616,1.05
box(5),0.4919429298757197,0.28163440664453443,1.05
box(4),0.6160696158668817,-0.11133955762938497,1.05
box(3),0.37359924155147506,-0.4635723688349507,1.05
box(2),0.3004200976897584,-0.10886192651906268,1.05
box(1),0.5277831519605042,-0.4749749091736357,1.05
box(0),0.4488061045994537,0.027593306515783067,1.05
box(9),0.3224522049453281,0.474184066971137,1.05
box(8),0.6323263367945293,-0.2778906061217544,1.05
box(7),0.40678360211257897,-0.22473816051652062,1.05
box(6),0.5951875208075991,0.4244079667448116,1.05
box(5),0.5843195386121216,0.1541146175748087,1.05
box(4),0.4139407941140267,0.19983785688992828,1.05
box(3),0.6017491818515563,-0.10166603171565358,1.05
box(2),0.38650745851772184,-0.4100272047743867,1.05
box(1),0.45358076897279326,0.3726548369612368,1.05
box(0),0.5113525761553219,-0.4980324555614857,1.05
box(9),0.33957400318562386,0.05926102870252803,1.05
box(8),0.32040196841024465,0.47177804157165515,1.05
box(7),0.5489912099337584,-0.3315532974604479,1.05
box(6),0.438631494576835,-0.18704144076551898,1.05
box(5),0.6134718313820666,0.381435527465364,1.05
box(4),0.5768931353177482,0.14859647170985235,1.05
box(3),0.32142832581478054,0.26258250860161025,1.05
box(2),0.5221260428881049,-0.02330737581551323,1.05
box(1),0.39365503912982724,-0.3471713156048556,1.05
box(0),0.46867310963550307,0.4374475467248994,1.05
box(9),0.48162952372359724,-0.488518084626557,1.05
box(8),0.30659601414900167,-0.09362130783184108,1.05
box(7),0.6425770061251322,-0.4839182105546699,1.05
box(6),0.5638967461248563,-0.28756140908109995,1.05
box(5),0.3860143508767178,0.08355983736177541,1.05
box(4),0.3151915326932675,0.4443081529593397,1.05
box(3),0.5924894873811973,0.19975356278090217,1.05
box(2),0.412811587427058,0.2531188772087578,1.05
box(1),0.5895940381518578,-0.09213765492496218,1.05
box(0),0.6141400534325094,0.36807988808607894,1.05
box(9),0.30059341292541475,-0.42870237742626305,1.05
box(8),0.47480968341312524,0.49942966490505314,1.05
box(7),0.457094295226511,-0.4602010128808235,1.05
box(6),0.3901614661832385,-0.2839426853747765,1.05
box(5),0.5961793259624423,-0.3742932940754329,1.05
box(4),0.31305296031559415,-0.08938532654382836,1.05
box(3),0.33923032017247023,0.4296271737350027,1.05
box(2),0.5092982393315029,0.12176100604946338,1.05
box(1),0.4356103458563667,0.2564522388463156,1.05
box(0),0.6047887287955518,-0.2107406743807244,1.05
box(9),0.5422999497686785,-0.05780449579744351,1.05
box(8),0.629451764312047,0.2221384977530232,1.05
box(7),0.5568784121329033,0.41665911476476736,1.05
box(6),0.4724245675483977,-0.47330723069193614,1.05
box(5),0.40867526938907517,-0.22265677127888683,1.05
box(4),0.3107990784259975,0.12896985659648363,1.05
box(3),0.6494665740100967,0.06313002179795335,1.05
box(2),0.36961877117043573,0.4477883747732947,1.05
box(1),0.6456627049916402,-0.45136102549802914,1.05
box(0),0.48432582159038456,0.18405779527496213,1.05
box(9),0.34177466509959775,-0.08821000094953613,1.05
box(8),0.632531200477765,-0.21702823706486285,1.05
box(7),0.31861244956515083,0.29411358996580683,1.05
box(6),0.5127710537307225,0.3845519446282122,1.05
box(5),0.3827864070615657,-0.40952549086727474,1.05
box(4),0.46910795030373,-0.28580805729320646,1.05
box(3),0.45841920373139233,0.009207840493352437,1.05
box(2),0.6207949571331739,-0.004700468119779644,1.05
box(1),0.326649544997696,0.10050472422791856,1.05
box(0),0.31827851619483594,-0.25833284356650077,1.05
box(9),0.6474520942797655,0.19411090808822928,1.05
box(8),0.5536088166590573,-0.4505181660393466,1.05
box(7),0.3515604701334219,0.45641282180308185,1.05
box(6),0.31674576429855944,0.2556892183149556,1.05
box(5),0.504984130201422,0.3510531219279125,1.05
box(4),0.3696937995369709,-0.48475203165049263,1.05
box(3),0.4698330131145605,0.19752057709009574,1.05
box(2),0.3443491219147402,-0.09744109118323263,1.05
box(1),0.6363261793877178,-0.03886470977059786,1.05
box(0),0.6239626912200429,0.44605299831051937,1.05
box(9),0.3069624965037334,0.08763065605334852,1.05
box(8),0.38990481997666804,-0.2594188086783933,1.05
box(7),0.5130720430121352,-0.36658099230571617,1.05
box(6),0.6385845482440257,0.27420109547527527,1.05
box(5),0.34731202893594865,0.4396896664095985,1.05
box(4),0.4674324418060072,0.024566180848680008,1.05
box(3),0.6192907555741529,-0.48599062955018,1.05
box(2),0.6423957768975364,-0.23456372950698956,1.05
box(1),0.47773567836681063,0.3278809471627777,1.05
box(0),0.3100726317175638,-0.08887050626481785,1.05
box(9),0.5086355342427108,-0.13664465494624145,1.05
box(8),0.6497150834924674,0.006840096115287908,1.05
box(7),0.39241231986824887,0.19178538727072625,1.05
box(6),0.33735284609213034,-0.29949168132439896,1.05
box(5),0.44333950717024895,-0.44807293895235223,1.05
box(4),0.33730677571916245,0.4998382568566544,1.05
box(3),0.576477665953558,0.17148353767276514,1.05
box(2),0.6198573492186372,-0.42079832350576785,1.05
box(1),0.4765806851707334,0.04407516954601498,1.05
box(0),0.5077758572036707,0.3225415384966377,1.05
box(9),0.3046336242191,0.006222789581201371,1.05
box(8),0.6264974901507612,-0.2399176504746693,1.05
box(7),0.5972800102437843,-0.07888552655296122,1.05
box(6),0.38711141557958295,0.2291186901419373,1.05
box(5),0.3700156635963538,-0.3011340136934878,1.05
box(4),0.32526645579114355,-0.4633397640973085,1.05
box(3),0.5183062547698082,0.492163720112732,1.05
box(2),0.3062318189650721,0.4644831040123367,1.05
box(1),0.43062964432799117,-0.11121854258137265,1.05
box(0),0.5578615129058664,-0.49295979834995995,1.05
box(9),0.6437669434686982,0.3550324652338418,1.05
box(8),0.6389378919913892,0.11260305308395813,1.05
box(7),0.5713705618004274,-0.2823310476503963,1.05
box(6),0.4725153857894462,0.03665221297407595,1.05
box(5),0.3984708051764789,0.33940370025311817,1.05
box(4),0.3257641067611118,0.1085903359466579,1.05
box(3),0.42363453500035936,-0.3960536329060843,1.05
box(2),0.49757811340436453,0.2016883942782014,1.05
box(1),0.434559250251526,0.4933340285244826,1.05
box(0),0.36438813704574546,-0.17905794972865963,1.05
box(9),0.6397323119758438,-0.1277089822382298,1.05
box(8),0.5760382935352635,-0.47568647827587707,1.05
box(7),0.5929769106703756,0.4503238702555993,1.05
box(6),0.54497177401333,-0.27209425664412457,1.05
box(5),0.48092702368329526,-0.060375585747850735,1.05
box(4),0.6048805816293404,0.06128616096490502,1.05
box(3),0.3027150131210756,0.26158462701604857,1.05
box(2),0.38881822829344526,-0.3912412829840132,1.05
box(1),0.5963200095811614,0.27889148956043575,1.05
box(0),0.3338852992407239,0.42306570340472927,1.05
box(9),0.33313034045068846,-0.24867694231924553,1.05
box(8),0.3582173880366987,0.033519679903387445,1.05
box(7),0.5845494714326492,-0.4543163455431325,1.05
box(6),0.5433923824126174,0.42454123977976177,1.05
box(5),0.5389657671094847,-0.2760452948165443,1.05
box(4),0.5118059012230229,-0.06415609801526767,1.05
box(3),0.5367787265446897,0.08684619618411848,1.05
box(2),0.33597276739862014,0.2550585023382539,1.05
box(1),0.34343941904834857,-0.419959866107253,1.05
box(0),0.6487438518729048,0.2932988142602674,1.05
box(9),0.31509646382409195,0.42267717314137865,1.05
box(8),0.3851744006686007,-0.2282212326823433,1.05
box(7),0.37071361551684945,0.07389279522695613,1.05
box(6),0.4886636237486577,-0.4811266019542788,1.05
box(5),0.5111360420711957,0.41207175172471144,1.05
box(4),0.5873169571798951,-0.2694266452475862,1.05
box(3),0.6065638883071943,-0.10337677251704736,1.05
box(2),0.5063892398600668,0.1409347113957352,1.05
box(1),0.3219335506047512,0.26588376945433767,1.05
box(0),0.6417653853091936,-0.49676258811277996,1.05
box(9),0.6468811040130701,0.0438738852007482,1.05
box(8),0.6277935042365372,0.2655590324019763,1.05
box(7),0.4294452461711461,-0.1261598347228976,1.05
box(6),0.31954698821360844,-0.01197663249345493,1.05
box(5),0.31465253272659954,-0.44732870987006623,1.05
box(4),0.3219326722236866,-0.2901195562653619,1.05
box(3),0.4171069515552235,0.3913683793750625,1.05
box(2),0.6259087666042573,-0.14336680872768226,1.05
box(1),0.5733183767290531,0.4277804959207263,1.05
box(0),0.4508989433866484,0.09113040048414722,1.05
box(9),0.473851022647517,-0.4813988697234699,1.05
box(8),0.49059952988103195,-0.2994962592776089,1.05
box(7),0.36929028310290396,0.24744836654935365,1.05
box(6),0.6146681659988757,0.19133652852589833,1.05
box(5),0.6005802001941163,0.018346736065310565,1.05
box(4),0.3819125861903944,-0.09449327338616764,1.05
box(3),0.6245388246717223,-0.4685579374013197,1.05
box(2),0.3055734238503001,0.4537164209043717,1.05
box(1),0.5845259100480251,-0.1758092240433422,1.05
box(0),0.5774345248981902,0.3757466633813592,1.05
box(9),0.39894196551227057,0.07199917572807202,1.05
box(8),0.3107136605870528,-0.30077156360946966,1.05
box(7),0.47622166693821033,-0.4321470713045744,1.05
box(6),0.3872438522885463,0.2567683004720773,1.05
box(5),0.48181112617139643,0.4914112203957851,1.05
box(4),0.5908975259987705,0.20820482901589388,1.05
box(3),0.5548301056145788,0.025112396578685692,1.05
box(2),0.6167171434676214,-0.36015340196848444,1.05
box(1),0.3427049933123246,0.402629277880556,1.05
box(0),0.3610882422118121,-0.11019608748431287,1.05
box(9),0.6239916615279388,0.4122555088351735,1.05
box(8),0.4655306295873121,-0.2673838102040045,1.05
box(7),0.32752942703963495,-0.40500783408526553,1.05
box(6),0.5506185818608342,-0.49743863197179794,1.05
box(5),0.3499854258098268,0.120572992209111,1.05
box(4),0.6286236437541284,-0.17792440515313224,1.05
box(3),0.4669114444060736,0.2683550805232904,1.05
box(2),0.5422116716506427,0.11835630258045526,1.05
box(1),0.5117428009809113,-0.06105445814798127,1.05
box(0),0.460153540773673,0.47643579776482425,1.05
box(9),0.6471113257807737,-0.3768144601820217,1.05
box(8),0.644816885217742,0.2940679629002181,1.05
box(7),0.6128813594215946,0.47470038625601807,1.05
box(6),0.4510616923758838,-0.26077581721755994,1.05
box(5),0.44715740280959004,-0.4121251362749443,1.05
box(4),0.30579398071875896,0.11510541798406304,1.05
box(3),0.3215664504062681,-0.15625641118841593,1.05
box(2),0.6434551101844725,-0.15752219823468183,1.05
box(1),0.5096780405149454,0.1411040790713325,1.05
box(0),0.36987506498134765,0.26998160118822956,1.05
box(9),0.3015061458055107,-0.35619488414617384,1.05
box(8),0.4935643920175095,-0.1152334510353541,1.05
box(7),0.6295712366973799,-0.0069418727543973935,1.05
box(6),0.5044002955327112,0.3517746091924102,1.05
box(5),0.5455209437674596,0.499606014667868,1.05
box(4),0.5562285025227193,-0.4796300738089575,1.05
box(3),0.3455581869352902,0.10822926753760032,1.05
box(2),0.3904271636161112,-0.48383685702812285,1.05
box(1),0.3191731148839091,0.46552505082452533,1.05
box(0),0.585633327571021,-0.3276939338286192,1.05
box(9),0.5821330903114001,0.1930468811691748,1.05
box(8),0.3378606828776213,-0.0904766908996677,1.05
box(7),0.42434189036780473,-0.25064994404291163,1.05
box(6),0.5640584912425815,-0.010167050065836292,1.05
box(5),0.4106456361341335,0.3154791296553673,1.05
box(4),0.6205324357214533,0.3515897693255551,1.05
box(3),0.5878041160140144,-0.48797323790434577,1.05
box(2),0.5492825518868155,-0.1608009284200662,1.05
box(1),0.30864059525101656,0.11473097224896134,1.05
box(0),0.3826453561085157,0.4661916512588683,1.05
box(9),0.34774782833618323,-0.3820366870903352,1.05
box(8),0.48921269605751516,0.18340427965433137,1.05
box(7),0.6366778436437455,-0.3238549739239035,1.05
box(6),0.37053288867521006,-0.20322976291688344,1.05
box(5),0.4640769565582429,-0.03695264455556091,1.05
box(4),0.5875147975922554,0.4991617496677422,1.05
box(3),0.5890715480695907,0.3410889808106663,1.05
box(2),0.6416247194849705,0.08435298323680707,1.05
box(1),0.5501260611679089,-0.45214021437702956,1.05
box(0),0.3177805634322801,0.04589526138762445,1.05
box(9),0.43004098427385423,0.42495292283391506,1.05
box(8),0.3741000051646214,-0.48689447369732475,1.05
box(7),0.4402584199549615,0.26466456515591563,1.05
box(6),0.645250006004749,-0.2648327143529319,1.05
box(5),0.40748814841979675,-0.18408894806012255,1.05
box(4),0.30962480300353884,-0.3146041575944428,1.05
box(3),0.5755730307550959,-0.08044292338071746,1.05
box(2),0.6283135692798569,0.2886598506104108,1.05
box(1),0.6043335525787465,0.1370523085542531,1.05
box(0),0.6255566805736068,-0.48255857477519526,1.05
box(9),0.4033954008941453,-0.009492805659774506,1.05
box(8),0.5494684638759757,0.4214395433181246,1.05
box(7),0.4628183222913468,-0.38508993685017234,1.05
box(6),0.35995173946111836,0.4855432864195497,1.05
box(5),0.4767620469279852,0.272228253988401,1.05
box(4),0.33594458475277894,0.14132304989696687,1.05
box(3),0.32063974499185693,-0.22271297768639853,1.05
box(2),0.5429204219034041,-0.20639940775871501,1.05
box(1),0.5962493852820072,-0.06259062079911315,1.05
box(0),0.6225916840473322,0.12743794227397276,1.05
box(9),0.643237023192414,0.2842410278558718,1.05
box(8),0.6267879158099163,-0.4754635928580584,1.05
box(7),0.30969178894154487,-0.38701644837754035,1.05
box(6),0.31798295646596303,0.3119848564055778,1.05
box(5),0.5712437782501675,0.43033564401016067,1.05
box(4),0.42513427219937516,-0.05261830900758524,1.05
box(3),0.45747301280654584,-0.4844511316618153,1.05
box(2),0.3199603260833825,0.47793353692462825,1.05
box(1),0.6255182589884563,-0.23366101778835346,1.05
box(0),0.32860434311971964,0.15293140112917847,1.05
box(9),0.6387787450478012,0.012910336166163328,1.05
box(8),0.5992455919173699,0.27554355247325557,1.05
box(7),0.44910872158485504,-0.2953789659638114,1.05
box(6),0.6431788440619672,-0.42233752026816196,1.05
box(5),0.31685949499219224,-0.18183302139239965,1.05
box(4),0.44577285769168384,0.31467688278518324,1.05
box(3),0.4848853578586643,0.05197921327398014,1.05
box(2),0.46411987064074184,-0.4515528788803185,1.05
box(1),0.30730507332127116,-0.4107727087158489,1.05
box(0),0.3090128592641796,0.0019394380769532926,1.05
box(9),0.6130240793852171,0.44339974514736735,1.05
box(8),0.6242474694615789,-0.08082214262147946,1.05
box(7),0.3249116675214849,0.4856312457177153,1.05
box(6),0.5855785670879958,0.184806515325309,1.05
box(5),0.556217668588088,-0.2614899195636933,1.05
box(4),0.4040863658743748,-0.2660878005585001,1.05
box(3),0.3045886840234212,0.20548900251622237,1.05
box(2),0.4935947312082409,0.34358535587951156,1.05
box(1),0.45362758966012834,0.11117150792647168,1.05
box(0),0.6214175222805294,-0.49133301750092473,1.05
box(9),0.4268908156795702,-0.0436690470247969,1.05
box(8),0.5714327459176489,0.49277307598165687,1.05
box(7),0.6477150761879163,0.0481603286184612,1.05
box(6),0.35207094926987137,-0.43819971930211465,1.05
box(5),0.6481159032505233,0.32416177478423724,1.05
box(4),0.3226280567476726,0.4557338285089254,1.05
box(3),0.3930505181826667,-0.28678532833205983,1.05
box(2),0.6396388937595163,-0.2680534398350909,1.05
box(1),0.3807715830739738,0.2999797837491125,1.05
box(0),0.46583621701568345,0.13478386655186914,1.05
box(9),0.5313495799513493,-0.4788532677982542,1.05
box(8),0.453918861821287,-0.1298168486416248,1.05
box(7),0.5298531409244047,0.4319187627897694,1.05
box(6),0.6411520699227381,-0.10642707928874029,1.05
box(5),0.3611141415433733,-0.49484015235554857,1.05
box(4),0.6256469166004638,0.3071517608855966,1.05
box(3),0.32353101868978995,0.08613955165792908,1.05
box(2),0.3521226341735446,-0.2558487705085838,1.05
box(1),0.6084620679670261,-0.27870677898118323,1.05
box(0),0.400456378011125,0.3255322123029718,1.05
box(9),0.5454648221559548,0.025236731383083244,1.05
box(8),0.3614581159852969,0.48684437020541926,1.05
box(7),0.5089382413371766,0.1742040432132469,1.05
box(6),0.538941156225287,-0.4916624326582536,1.05
box(5),0.5589982598404198,0.487557149215306,1.05
box(4),0.49854749808220983,-0.16744624669153307,1.05
box(3),0.30052167473840374,-0.10508487540825129,1.05
box(2),0.5838912822379798,0.33497281883465657,1.05
box(1),0.332084745455191,0.11473178358022906,1.05
box(0),0.6358143112777604,-0.3143479624917208,1.05
box(9),0.3852034334377784,-0.3771724678237939,1.05
box(8),0.6115635918640387,0.0511300249072566,1.05
box(7),0.34734779992483256,0.3510325599790183,1.05
box(6),0.5191650975256803,0.17110798501285351,1.05
box(5),0.6426855177707694,-0.4843968868406232,1.05
box(4),0.6481716339374739,-0.13138040585589017,1.05
box(3),0.45504999651350486,-0.016822469257712025,1.05
box(2),0.30778827931939806,-0.0539487810229311,1.05
box(1),0.64995591849592,0.24819258708749825,1.05
box(0),0.48283692061621686,-0.21215547883180996,1.05
box(9),0.6489526968955867,-0.2899973871570125,1.05
box(8),0.34307006421920966,0.10642764118242698,1.05
box(7),0.42299503988759046,-0.3920511406907864,1.05
box(6),0.3324889746912819,0.29793666806933083,1.05
box(5),0.4703685548522185,0.47931286645060045,1.05
box(4),0.49975923118738474,0.23207974308794377,1.05
box(3),0.5756249124210675,-0.47339885236452484,1.05
box(2),0.6420772056415973,0.022041848358163252,1.05
box(1),0.47150596607333883,0.023318102520643813,1.05
box(0),0.3263778965774433,-0.14292354418931408,1.05
box(9),0.6472292093656423,0.3716105075996896,1.05
box(8),0.6164201637499683,-0.32314696351292627,1.05
box(7),0.5073402432781382,-0.12359177088610074,1.05
box(6),0.3550849109500915,-0.4067433331503961,1.05
box(5),0.3164863130640785,0.28853378260641527,1.05
box(4),0.44496077980908577,0.4377851434235782,1.05
box(3),0.31633787106341626,0.09141810112285065,1.05
box(2),0.5255472750479475,0.2677314171365788,1.05
box(1),0.5155791704372649,-0.4983006209671794,1.05
box(0),0.5465594179478438,0.02950215337572759,1.05
box(9),0.3606046779371775,-0.2356341156336308,1.05
box(8),0.6292242198922497,0.4426028219817699,1.05
box(7),0.6470000251357002,-0.3468137527871926,1.05
box(6),0.5658248941511561,-0.15077403186842642,1.05
box(5),0.38599668641357876,-0.04906801485660539,1.05
box(4),0.48646710785653774,-0.3224983051559641,1.05
box(3),0.3332385976304983,-0.4257390063952763,1.05
box(2),0.39439424334371204,0.4392549179260873,1.05
box(1),0.42699685441346724,0.18936567448585073,1.05
box(0),0.592430529781647,0.23873268810227455,1.05
box(9),0.5680048772872316,0.028356750926430085,1.05
box(8),0.47551303862167943,-0.4966764590608139,1.05
box(7),0.64933393761342,0.4198849670122743,1.05
box(6),0.6354262942406306,-0.39069624435900074,1.05
box(5),0.6126102532107403,-0.15892546001765118,1.05
box(4),0.3010796800748988,0.03198526720869488,1.05
box(3),0.39506285112214434,-0.2238036528016235,1.05
box(2),0.30765149161656313,-0.43798753512585753,1.05
box(1),0.46446649366155596,0.34656924290238134,1.05
box(0),0.3854270278089995,0.17691288371692326,1.05
box(9),0.5936582855102241,0.18480767244000296,1.05
box(8),0.5435720320642207,-0.020369697309452595,1.05
box(7),0.30631823754981446,0.43065576189114063,1.05
box(6),0.46096785639713106,-0.4585113691525009,1.05
box(5),0.6499234602392949,-0.33754886776217685,1.05
box(4),0.6311150606713055,-0.49208315416268233,1.05
box(3),0.6322755844936097,0.3659290071835629,1.05
box(2),0.35632994288917424,-0.0678138007219713,1.05
box(1),0.34505789349008464,-0.30529853264549933,1.05
box(0),0.5868472616956678,-0.1749059035625583,1.05
box(9),0.3865544606477334,0.14970584071515836,1.05
box(8),0.46199898514854243,0.49734844337199946,1.05
box(7),0.6201772288391552,0.18978618806401293,1.05
box(6),0.5410924566007007,0.05970483496911694,1.05
box(5),0.4473884529925878,0.2890102953915251,1.05
box(4),0.5188982130661396,-0.3253703216301408,1.05
box(3),0.6433922112256167,-0.46005135442888057,1.05
box(2),0.3444231315736296,-0.4628406680521614,1.05
box(1),0.4330763402158432,-0.14073288630168734,1.05
box(0),0.30064721500441577,0.3442268752173143,1.05
box(9),0.3436150836452652,-0.26203653899136203,1.05
box(8),0.605672918231709,-0.1083809770639923,1.05
box(7),0.5004662125393189,0.4848502309646042,1.05
box(6),0.6302646909173861,0.3240864942815702,1.05
box(5),0.32318191115951844,0.01607097115020173,1.05
box(4),0.4773322526636482,0.3366389454015726,1.05
box(3),0.4368928926185228,0.11918562723516302,1.05
box(2),0.5786417070143346,0.17115275015417808,1.05
box(1),0.6092025704233575,-0.4390915769492989,1.05
box(0),0.3146568892901393,0.4963431741298767,1.05
box(9),0.37161234715221025,-0.41861473759402223,1.05
box(8),0.37089598236719845,-0.22376063054168138,1.05
box(7),0.5843716009531353,-0.14253755241918642,1.05
box(6),0.3006139456674432,0.19103055844519723,1.05
box(5),0.6259098978913702,0.4172850799004737,1.05
box(4),0.31219522455562887,-0.012323455245675907,1.05
box(3),0.38530359108754214,0.33916829026390405,1.05
box(2),0.6275728638262357,0.024836094942741638,1.05
box(1),0.44725399853914144,0.13777558468780238,1.05
box(0),0.5574272338040158,0.2783617102905249,1.05
box(9),0.46675238669389174,-0.01704515886395952,1.05
box(8),0.6116026718600458,-0.3441828995035465,1.05
box(7),0.3669806124828597,0.4981050303630483,1.05
box(6),0.3753246328468725,-0.44230652300449,1.05
box(5),0.3543949340573621,-0.23354494501861,1.05
box(4),0.5257365192380266,0.44237587288807967,1.05
box(3),0.5492035754540243,-0.15880945005375158,1.05
box(2),0.31395319404115307,0.22851279952173265,1.05
box(1),0.315249242386007,-0.07925622214863326,1.05
box(0),0.44204260985807814,0.14398680825350785,1.05
box(9),0.641812394304001,0.020571858971504153,1.05
box(8),0.4313219636267663,0.32343311838207267,1.05
box(7),0.5597024298594582,-0.4649547873541128,1.05
box(6),0.48011137191947295,-0.013873966763673584,1.05
box(5),0.4036191688087439,-0.3788780470824533,1.05
box(4),0.35144781390756386,0.46083915937155706,1.05
box(3),0.6184225080608338,0.22977933832524355,1.05
box(2),0.615356524547521,-0.18551420050444978,1.05
box(1),0.4595119491156262,-0.23679207456633733,1.05
box(0),0.5335737086033246,0.468587529917338,1.05
box(9),0.43271152125854995,0.1612385069066974,1.05
box(8),0.3559469271098844,-0.12603855791072271,1.05
box(7),0.32090999514763835,0.2631078877446529,1.05
box(6),0.4817053942021404,0.30772894210939195,1.05
box(5),0.34403001426920243,0.026390763542218587,1.05
box(4),0.5656677955469507,-0.38863710882838354,1.05
box(3),0.5501197250757976,0.032658278333428936,1.05
box(2),0.4301010369668733,-0.460107161578158,1.05
box(1),0.6491076836950771,0.15683291818655032,1.05
box(0),0.3278088404322394,0.4392263386515244,1.05
box(9),0.5824887603078901,-0.19386443442681678,1.05
box(8),0.5269880597812014,0.459531557082558,1.05
box(7),0.4519366204259535,-0.08911842582309715,1.05
box(6),0.3110415453177932,-0.15945003432841542,1.05
box(5),0.3618422044093368,0.29274152809144904,1.05
box(4),0.3532314531622976,0.12434720935663757,1.05
box(3),0.3053205931482511,-0.33457448386747524,1.05
box(2),0.6400898152827417,-0.4260960318872614,1.05
box(1),0.4852559515267991,-0.4268289953678255,1.05
box(0),0.503626399834021,0.11876369989993685,1.05
box(9),0.6335618608467163,-0.041875020704336796,1.05
box(8),0.5904816718512995,-0.2202658951844818,1.05
box(7),0.41435429228833365,0.46252713180577076,1.05
box(6),0.6070815423136451,0.26805376360441524,1.05
box(5),0.43730181144334124,-0.16251619330735168,1.05
box(4),0.3920619284032605,0.2754673451502684,1.05
box(3),0.3104951902558516,0.10627296639943706,1.05
box(2),0.3336016259601861,-0.45642654824697126,1.05
box(1),0.6075063247420613,0.49639873786992283,1.05
box(0),0.544665508874999,-0.46369682268237056,1.05
box(9),0.33498835244424474,-0.047427116701494576,1.05
box(8),0.46209117464929783,0.09260698811080725,1.05
box(7),0.5534039592991189,-0.29865274430448474,1.05
box(6),0.3176437344830921,0.456541990888947,1.05
box(5),0.643352093684287,0.047098047778148966,1.05
box(4),0.38065010097458535,-0.27157034902716337,1.05
box(3),0.6191171865817017,0.2849197557190749,1.05
box(2),0.3170465704347195,0.23269217907308493,1.05
box(1),0.4895590388456938,-0.05740222905037762,1.05
box(0),0.6417297060978533,0.43956673710211724,1.05
box(9),0.47355426405804457,0.4530418417458433,1.05
box(8),0.5591583811446375,-0.4492369702579364,1.05
box(7),0.42766861536016065,0.09276469219923633,1.05
box(6),0.5898983346471832,-0.26660959633504155,1.05
box(5),0.3473731298662845,-0.46243896697062414,1.05
box(4),0.636199734946816,0.037942715140724004,1.05
box(3),0.4170238923744076,-0.23218480346467052,1.05
box(2),0.6282612604436306,0.26875206890469827,1.05
box(1),0.30938342145017966,0.3602848708102927,1.05
box(0),0.5127571494636296,-0.05114080322393011,1.05
box(9),0.31568920489372937,-0.019394315990953315,1.05
box(8),0.4853482206607588,0.3613693850247861,1.05
box(7),0.6089895981816698,-0.4416671994636244,1.05
box(6),0.5235248183284835,0.14525418260018086,1.05
box(5),0.6155896432105261,-0.1893495305442301,1.05
box(4),0.40127678746935813,-0.46596699558794963,1.05
box(3),0.36502577227852495,0.21264865847396253,1.05
box(2),0.32959107844935026,-0.3060483718171694,1.05
box(1),0.6456455700262478,0.03146631457060911,1.05
box(0),0.6452749757299293,0.34496846389554847,1.05
box(9),0.46210263608901064,-0.1789533311871161,1.05
box(8),0.3172623136854734,0.4260332793229641,1.05
box(7),0.584042748895411,0.48511860030625453,1.05
box(6),0.36784977954634,0.025949346850343336,1.05
box(5),0.5631465903458196,-0.4861913935693498,1.05
box(4),0.4886766986067196,0.34370707279642,1.05
box(3),0.637048937053232,-0.1578601754049831,1.05
box(2),0.4016492455926346,-0.44217068290394546,1.05
box(1),0.5785240562715737,-0.3076135965154878,1.05
box(0),0.36297577735396225,0.22318391237667845,1.05
box(9),0.5416160013924823,0.1385857855226018,1.05
box(8),0.41150236767915693,-0.16488790942447062,1.05
box(7),0.31315020357448575,0.4384892835822286,1.05
box(6),0.6489442094496758,0.28850171431599847,1.05
box(5),0.3882987393577758,-0.007735782028444826,1.05
box(4),0.615753778179368,-0.4922389707634043,1.05
box(3),0.6253009358627134,0.45253897507189,1.05
box(2),0.4832312284211483,0.3387145410876834,1.05
box(1),0.5692201687938285,-0.15238495799711038,1.05
box(0),0.5378990931416017,-0.3011534194637021,1.05
box(9),0.4573575869987375,-0.48516251440464664,1.05
box(8),0.3502799900880601,0.19439948411461427,1.05
box(7),0.33672248141909134,-0.16229668763213356,1.05
box(6),0.5479043798453734,0.15112558938602338,1.05
box(5),0.6386494256428572,0.2878948419899233,1.05
box(4),0.33541732909710054,-0.010133167590847592,1.05
box(3),0.32874241356861017,0.41204833538541585,1.05
box(2),0.3841415123056957,-0.32456583172903575,1.05
box(1),0.4669510862728362,0.4836228773627732,1.05
box(0),0.6036118764806936,-0.05971795468621044,1.05
box(9),0.5768833094561612,-0.38857267259014094,1.05
box(8),0.5422769452815183,-0.1988794524432842,1.05
box(7),0.6444098269588608,0.4823542548530587,1.05
box(6),0.3020350822676731,-0.17157924267689528,1.05
box(5),0.4626952662639431,0.11566177269669742,1.05
box(4),0.37186109323291905,0.24417290713016404,1.05
box(3),0.5238441329268095,0.32172939029605097,1.05
box(2),0.4450329335801394,-0.07302840578083769,1.05
box(1),0.6459442328766674,0.13463282482206096,1.05
box(0),0.3743955934574434,-0.47920971795397815,1.05
box(9),0.6355075343112635,-0.06405447533943631,1.05
box(8),0.5096034765066888,-0.3858498883194612,1.05
box(7),0.3114786180036812,0.4042961337250427,1.05
box(6),0.6476876928436495,0.4074301770936898,1.05
box(5),0.3077440798771905,0.03685743922913909,1.05
box(4),0.30399965963257847,-0.25221066525123526,1.05
box(3),0.48528172044803786,0.48792905457979496,1.05
box(2),0.4148199141252782,0.1730700012899733,1.05
box(1),0.5012898320750976,-0.1869440639410147,1.05
box(0),0.4687102823475647,-0.015337361604866317,1.05
box(9),0.3357711341099538,-0.45225794196265934,1.05
box(8),0.5661423077217678,0.13785085668890884,1.05
box(7),0.5779305605691114,-0.444385058287303,1.05
box(6),0.3360410142747131,0.3354731289141236,1.05
box(5),0.6177027231542266,0.3184703848684043,1.05
box(4),0.619650379711356,-0.0074301470490657495,1.05
box(3),0.3146851271427541,-0.1974782814283098,1.05
box(2),0.6440866363845132,0.4944324841213653,1.05
box(1),0.40507731105529976,0.16086456108084501,1.05
box(0),0.4694613971597499,-0.29750236559958754,1.05
box(9),0.4769942927477138,-0.08352913516517069,1.05
box(8),0.3897638970762374,-0.4499334807333024,1.05
box(7),0.6337986070492218,-0.2947440397104678,1.05
box(6),0.30001143288078774,0.017272389169838087,1.05
box(5),0.4049857911384708,0.43192837044579113,1.05
box(4),0.5347219733988269,0.23739324319092414,1.05
box(3),0.5783160289861022,0.027727402641417265,1.05
box(2),0.34152500715436973,-0.19619536593446008,1.05
box(1),0.6413431855590437,0.4720565357509606,1.05
box(0),0.3639403604871969,0.1583074316811821,1.05
box(9),0.6258806511357297,-0.4639059539610092,1.05
box(8),0.5409962980332198,-0.1607196299063054,1.05
box(7),0.4221729317013684,-0.4631038300186736,1.05
box(6),0.48891362791169946,-0.32788026017626404,1.05
box(5),0.3535376963909471,-0.03013342298289834,1.05
box(4),0.46977091483087574,0.4816055078667011,1.05
box(3),0.6394707509945212,0.19125434559888854,1.05
box(2),0.5997700639454262,0.013083589553483876,1.05
box(1),0.3028082543155113,0.34695391700649425,1.05
box(0),0.30153335382724483,-0.2101347180122194,1.05
box(9),0.47121593735329215,0.29782190317794255,1.05
box(8),0.4416637511583043,0.12367706682647783,1.05
box(7),0.6359769483913178,0.46879756981399456,1.05
box(6),0.5527205594509966,-0.49405285306909286,1.05
box(5),0.48033444461674346,-0.35389532835705617,1.05
box(4),0.6128090489151852,-0.21403105916809395,1.05
box(3),0.41524123924195794,0.4521297536775185,1.05
box(2),0.4594918229430086,-0.04011852984036379,1.05
box(1),0.6399768036120961,0.1311176061340572,1.05
box(0),0.3042973791033501,0.2985002323669177,1.05
box(9),0.3039314254119338,-0.4141965284446465,1.05
box(8),0.30847861767962603,-0.2188722605543012,1.05
box(7),0.3191140053670979,0.10308887340395678,1.05
box(6),0.5407913929396885,0.28924863022809333,1.05
box(5),0.6141845696254653,-0.059100882962228485,1.05
box(4),0.5209058889197473,-0.38067082006442476,1.05
box(3),0.5957130095917835,-0.21279891939229523,1.05
box(2),0.3470239773677652,0.45240444534702495,1.05
box(1),0.49910838683895253,0.4374904188928386,1.05
box(0),0.6421964544134403,-0.49518318413638895,1.05
box(9),0.35742110756599077,-0.0683160227642432,1.05
box(8),0.34680645036543833,-0.4506086120823485,1.05
box(7),0.5346759809149374,0.09541926932457623,1.05
box(6),0.35314475729392664,0.11216662228089846,1.05
box(5),0.4124422846560616,0.26659988005962965,1.05
box(4),0.637384608086216,0.49613442656912643,1.05
box(3),0.3437639329213285,-0.24465696520206315,1.05
box(2),0.5692873688990432,-0.08121182428555085,1.05
box(1),0.6203854346520369,-0.3290089982589297,1.05
box(0),0.3084649258429505,0.4235027938390593,1.05
box(9),0.635165189213759,0.2701557166228319,1.05
box(8),0.49173116737817235,0.4191667595648765,1.05
box(7),0.4385229704543817,-0.45269258711488114,1.05
box(6),0.5260269143905453,0.09986773769572277,1.05
box(5),0.3424744065692674,0.06499448972508304,1.05
box(4),0.3896502205362535,0.2821313335025626,1.05
box(3),0.3087465027943558,-0.08309965081868276,1.05
box(2),0.44028623737606704,-0.25207413661659217,1.05
box(1),0.5911749828424394,-0.48169798629802973,1.05
box(0),0.597489406592429,-0.3132875605219506,1.05
box(9),0.5183385354212613,-0.1226603715506921,1.05
box(8),0.5951649629322142,0.2931728211070084,1.05
box(7),0.5056324321336585,0.47284092449333914,1.05
box(6),0.6299947373770819,-0.017387062653434593,1.05
box(5),0.31243747451388015,-0.4681788327854891,1.05
box(4),0.5263706462487732,0.13891683330581672,1.05
box(3),0.3115851675391889,0.4011297089362532,1.05
box(2),0.34892826500715457,0.19597751051727952,1.05
box(1),0.4052309098528265,-0.260643735570782,1.05
box(0),0.5390698914510015,-0.49955330289536004,1.05
box(9),0.3572521738183422,-0.04673151459023139,1.05
box(8),0.5048630760456959,-0.13511630923206397,1.05
box(7),0.5613645242470254,-0.28491611193172095,1.05
box(6),0.58947107630269,0.35653861574490875,1.05
box(5),0.43288759600250426,0.4923857701060764,1.05
box(4),0.633224056390767,-0.0265187208770572,1.05
box(3),0.5233207509333665,0.14567885173944362,1.05
box(2),0.3292863910122124,-0.41282259286147827,1.05
box(1),0.3145826207796712,0.22767138183038738,1.05
box(0),0.35387252554258125,-0.22428455628046706,1.05
box(9),0.5540820285138158,-0.4690938551643751,1.05
box(8),0.41762325541819323,0.34270467215090217,1.05
box(7),0.4557634313899367,-0.03877443996390295,1.05
box(6),0.47245258235665694,-0.3338349738488746,1.05
box(5),0.6470172373190164,-0.28959148703148285,1.05
box(4),0.35582478551131413,0.49154316989453706,1.05
box(3),0.5530094631860178,0.47007900829251714,1.05
box(2),0.6102720361064797,0.05019847324682525,1.05
box(1),0.34835354872677016,-0.4764295577566019,1.05
box(0),0.5932017946559858,0.2924739391662171,1.05
box(9),0.3772431072311968,-0.21269781479295313,1.05
box(8),0.33943947837877253,0.19565846077936233,1.05
box(7),0.5961730222787089,-0.4773735933215908,1.05
box(6),0.5414421059409258,-0.08942016911330519,1.05
box(5),0.4611972997144509,-0.3710204784640978,1.05
box(4),0.6370132247086138,-0.2748893459309676,1.05
box(3),0.3764398048695031,0.005458758224439864,1.05
box(2),0.6396101057357267,0.48758267260658306,1.05
box(1),0.4403011630877989,0.3577386083947488,1.05
box(0),0.5310628584987294,0.06752615432902087,1.05
box(9),0.5193310899710675,0.22093021411699465,1.05
box(8),0.6457990352501352,0.3333242735819604,1.05
box(7),0.3363726214551051,-0.14511490126349658,1.05
box(6),0.6315336754248506,-0.4630886911569271,1.05
box(5),0.5672206835895446,-0.10321918835574806,1.05
box(4),0.4459105431075192,-0.2508797041567542,1.05
box(3),0.4416844500704248,-0.4487616088801769,1.05
box(2),0.3015253815750042,0.15527286978914123,1.05
box(1),0.30752360059315936,-0.3160279095013715,1.05
box(0),0.4030785767970304,0.3434131934234461,1.05
box(9),0.3133761714869768,0.47747650609213055,1.05
box(8),0.6010691732727848,0.14284435190414324,1.05
box(7),0.5901958928268582,0.4665704087084853,1.05
box(6),0.6252165500980168,-0.30015770267631103,1.05
box(5),0.3110249658934999,-0.0005768432034144455,1.05
box(4),0.5801191270905246,-0.09763150975617951,1.05
box(3),0.6036248491008613,-0.47310123336904997,1.05
box(2),0.4209974772410562,-0.11228275341001415,1.05
box(1),0.4261666022994081,-0.4379320543625471,1.05
box(0),0.45153844746092625,0.18246680080559197,1.05
box(9),0.5984541990929617,0.3003557880251807,1.05
box(8),0.44834683422436916,0.4033909191189393,1.05
box(7),0.32905735546198134,-0.26998832949273466,1.05
box(6),0.4736204536560644,0.0340303493998928,1.05
box(5),0.6402346246115213,-0.3259006882336828,1.05
box(4),0.6214366220426502,0.07032240845240711,1.05
box(3),0.30342682004346044,0.11302641153133974,1.05
box(2),0.5781618285970758,-0.15065578181012484,1.05
box(1),0.30370631033733086,0.2907759554089613,1.05
box(0),0.32268234087463843,-0.4668783157839044,1.05
box(9),0.5933101589074952,0.45860527493643144,1.05
box(8),0.5690691609262695,0.2781756727385818,1.05
box(7),0.48300912198234675,-0.45924172891181925,1.05
box(6),0.31304557179163284,0.48265710808010454,1.05
box(5),0.39489795101361946,-0.19013218330948634,1.05
box(4),0.464764342552935,-0.018453176885733336,1.05
box(3),0.6435182254224845,0.07895495041679335,1.05
box(2),0.37175250477321553,0.11630453324041778,1.05
box(1),0.5766802871432144,-0.2898065459843935,1.05
box(0),0.30362793712422004,-0.31780489054190075,1.05
box(9),0.3419653378821021,0.26612126132461333,1.05
box(8),0.3045489672546885,-0.48703545833104,1.05
box(7),0.5791980044080008,0.26775168000338023,1.05
box(6),0.5753803479826758,0.4494766699860804,1.05
box(5),0.6457837651498689,-0.09211680245980036,1.05
box(4),0.304410374422485,0.4651242456727701,1.05
box(3),0.4196721819785443,-0.15850815533431029,1.05
box(2),0.6137116585454896,0.11217334224956821,1.05
box(1),0.4410666103294065,0.013224669405737521,1.05
box(0),0.4594134891109569,-0.3526355483003689,1.05
box(9),0.6482406072213178,-0.40896086532643205,1.05
box(8),0.3309703350102737,0.20491596504931064,1.05
box(7),0.3667550256233907,-0.49059963301079657,1.05
box(6),0.4472058793781304,0.34559672335665326,1.05
box(5),0.6334597515643692,0.4666247643487277,1.05
box(4),0.626567386097955,-0.07309456103530232,1.05
box(3),0.6038505474577129,0.2743900640761324,1.05
box(2),0.3792037581086502,-0.12838531596351466,1.05
box(1),0.6116234903567102,-0.25730775964461716,1.05
box(0),0.3586355888044418,0.47917100828049364,1.05
box(9),0.4707120686147581,0.10626775349154671,1.05
box(8),0.560499381581909,-0.4085543412877183,1.05
box(7),0.3508215670795632,0.22994104322590148,1.05
box(6),0.3559096475296878,-0.4102313515599293,1.05
box(5),0.44042254959867955,-0.2701790864409823,1.05
box(4),0.550242247025879,0.4632088818944361,1.05
box(3),0.627756974937087,-0.034743887840387844,1.05
box(2),0.5525669690843635,0.2644982915184275,1.05
box(1),0.31709024928111035,0.0217254820238999,1.05
box(0),0.6335349611969197,-0.24691222224398912,1.05
box(9),0.37188404066722275,0.47909022742882346,1.05
box(8),0.3316256183900714,-0.15459511091091294,1.05
box(7),0.47762797207038765,0.1295722394997043,1.05
box(6),0.33482680780497637,0.18413706884900993,1.05
box(5),0.3822379115433221,-0.47290284056922116,1.05
box(4),0.4638833134366693,-0.25819288270131013,1.05
box(3),0.31688650616678504,-0.33705003517779775,1.05
box(2),0.5391594011577577,0.4298118953759612,1.05
box(1),0.545164572258384,-0.06620237128189743,1.05
box(0),0.6387017998994137,0.2591063738236924,1.05
box(9),0.5337055694400117,-0.44299139379887187,1.05
box(8),0.3168164383197889,0.4155566604369908,1.05
box(7),0.3362300638025578,-0.050995522680373884,1.05
box(6),0.5447107313784951,0.10061779048788011,1.05
box(5),0.36825415183885624,0.1917071214996574,1.05
box(4),0.6116278223082883,-0.2150482807107177,1.05
box(3),0.4418608916594986,-0.2207128899071954,1.05
box(2),0.3857145511929183,-0.49305755081714475,1.05
box(1),0.5550533972374662,0.4057266050872108,1.05
box(0),0.550673917575305,-0.0765254532952876,1.05
box(9),0.32249739859900844,-0.33260965308049706,1.05
box(8),0.5708521945677962,-0.4656249351296119,1.05
box(7),0.6262413680461272,0.2584520589210447,1.05
box(6),0.30634460739156394,-0.03823692696404324,1.05
box(5),0.30508676514358074,0.474925078907501,1.05
box(4),0.5431245416503425,0.130951210433356,1.05
box(3),0.3376222404744584,0.20084206186029696,1.05
box(2),0.6353749956164547,-0.24981489350939456,1.05
box(1),0.4525046527157908,-0.21789534924242548,1.05
box(0),0.5647620767096526,0.48370059972245794,1.05
box(9),0.4439261793747311,0.34840436696015675,1.05
box(8),0.3327752279984596,-0.3544906406576843,1.05
box(7),0.4662477807178138,-0.05132047147909258,1.05
box(6),0.5652197000534278,-0.4661820499636088,1.05
box(5),0.6495831236957369,-0.02181788255415662,1.05
box(4),0.6400508903141969,0.3274120913699703,1.05
box(3),0.3252918671495387,0.49451357336612,1.05
box(2),0.5929940941486453,0.13271011967893953,1.05
box(1),0.4315788860982357,0.10819815805648902,1.05
box(0),0.4472956945390332,-0.22031346967129228,1.05
box(9),0.6348577444997346,-0.22995537440816072,1.05
box(8),0.523396361127068,0.4287322614918331,1.05
box(7),0.39827456357674296,0.3161203484962395,1.05
box(6),0.3606943507179158,-0.030508694570912764,1.05
box(5),0.3882604074241882,-0.4966776895154572,1.05
box(4),0.6109628136875479,-0.025324255756219216,1.05
box(3),0.60974423909434,0.29542815963511293,1.05
box(2),0.5176506277498898,-0.4178097714331599,1.05
box(1),0.3178018390309239,0.45319193187054496,1.05
box(0),0.3362880212722232,0.14717428500547747,1.05
box(9),0.45770681778603634,-0.20419021335293963,1.05
box(8),0.5698148321487633,0.12377631612365114,1.05
box(7),0.5769663538807103,0.4583190045481632,1.05
box(6),0.4269739252283393,0.2830748169524573,1.05
box(5),0.6379810020995356,-0.3241120850630631,1.05
box(4),0.4584209147971047,-0.02913034629920208,1.05
box(3),0.6394973009298224,-0.13773929375642646,1.05
box(2),0.36046314437745924,-0.4291274032980451,1.05
box(1),0.6446483957102984,0.30130422045279937,1.05
box(0),0.316680979791102,0.4897650531196295,1.05
box(9),0.36972895097359526,0.11969666830528292,1.05
box(8),0.4210901796186101,-0.24752416421880563,1.05
box(7),0.6270467255304553,0.07242419398106348,1.05
box(6),0.6438926032630728,-0.4977155727341699,1.05
box(5),0.3973846323743512,0.3374879843580779,1.05
box(4),0.4951829360969333,0.49145260835371274,1.05
box(3),0.4240746411148042,-0.0829773099287342,1.05
box(2),0.5023783447766654,0.19865777822248998,1.05
box(1),0.5800629951966397,-0.11901795682540806,1.05
box(0),0.6335443194351484,0.39518665708099077,1.05
box(9),0.5583813434104425,-0.3287353016876481,1.05
box(8),0.34124236183515244,-0.40001783458447004,1.05
box(7),0.3111511761887466,-0.18561743910856499,1.05
box(6),0.6336079007650919,0.11719945087507133,1.05
box(5),0.6494632947120931,-0.4517002017214863,1.05
box(4),0.32119458731831996,0.4282207822256654,1.05
box(3),0.48694251906591224,0.46832303625738525,1.05
box(2),0.3159875955152584,0.25085961602221163,1.05
box(1),0.4968126770490334,-0.4903998951320784,1.05
box(0),0.4841612858922531,-0.15659471164130467,1.05
box(9),0.3016487349146563,-0.015476571566281128,1.05
box(8),0.3978796693904997,0.11721254176902474,1.05
box(7),0.37116295942684774,-0.36792875644543555,1.05
box(6),0.6038573483989536,-0.27509186560512966,1.05
box(5),0.6172110764879019,0.23718711211476262,1.05
box(4),0.6204954373584478,0.3976991118104817,1.05
box(3),0.540530808115112,0.06896402263763202,1.05
box(2),0.45262132591797954,0.3453118828155908,1.05
box(1),0.3437486790867874,0.45919311336680124,1.05
box(0),0.6379445261309613,-0.07533215454441111,1.05
box(9),0.554785940627376,-0.4481534364655232,1.05
box(8),0.35571102225819473,-0.08220632060224942,1.05
box(7),0.3191070985271363,0.2608089588016349,1.05
box(6),0.4054268354813057,-0.4656390253328647,1.05
box(5),0.46739088771834825,-0.21618934121446431,1.05
box(4),0.33982904746357834,0.09451514142610029,1.05
box(3),0.300378734163866,-0.24040605936575454,1.05
box(2),0.535933711111197,0.08759945797931534,1.05
box(1),0.5766349334665096,0.27536569963909907,1.05
box(0),0.431393277922734,0.47682682224227946,1.05
box(9),0.6340144310017611,-0.16648478822778678,1.05
box(8),0.5837891795790519,0.49406156057915984,1.05
box(7),0.5605811162574634,-0.4431086427989295,1.05
box(6),0.30188004178725486,-0.08358754601507468,1.05
box(5),0.40382810824769255,-0.4941176469174271,1.05
box(4),0.5022506115348301,-0.26482799728151996,1.05
box(3),0.3926355223978715,0.23523018602596157,1.05
box(2),0.3000764871863873,-0.29722067120811413,1.05
box(1),0.30103839981152536,0.39231477597993025,1.05
box(0),0.5139013976757354,-0.02311633292413917,1.05
box(9),0.5804980047044814,0.2892907564926588,1.05
box(8),0.6339225871449097,0.09088274223970128,1.05
box(7),0.505389279792038,0.42696971890373936,1.05
box(6),0.5894178005961321,-0.4380594016933531,1.05
box(5),0.32607439779204045,-0.014340178253240632,1.05
box(4),0.40981378485287534,-0.4969776184309216,1.05
box(3),0.4614000902918707,-0.2597607811485818,1.05
box(2),0.4457746065851593,0.14908633735309684,1.05
box(1),0.6220043104531312,-0.15810978858973823,1.05
box(0),0.32115871875466095,0.3671291379194822,1.05
box(9),0.4687737117624206,-0.07202942932761403,1.05
box(8),0.6118407306649905,0.29159491836421136,1.05
box(7),0.3079979291843632,-0.21806432515666963,1.05
box(6),0.6077554175666854,0.08390775775178794,1.05
box(5),0.6439667947526821,0.4939163677500743,1.05
box(4),0.5659355031492597,-0.40154195033637363,1.05
box(3),0.3060824944906293,0.0016943558775972534,1.05
box(2),0.3896676540836047,-0.3650179024745176,1.05
box(1),0.43714417486689416,0.21893379609037245,1.05
box(0),0.5124014403370977,-0.24472941898541267,1.05
box(9),0.4073781733252979,0.45426891885728715,1.05
box(8),0.5060150518764972,-0.07493749506524172,1.05
box(7),0.6050704548189878,0.3088983141422329,1.05
box(6),0.32608668996233925,-0.21610472337102726,1.05
box(5),0.5546196580978697,0.0972380282316696,1.05
box(4),0.32386292662641636,0.31797115909238793,1.05
box(3),0.5662765111312354,0.46282554122804387,1.05
box(2),0.3254971833735766,-0.05344617549252373,1.05
box(1),0.4213872837265418,-0.47218258170694183,1.05
box(0),0.5662181030198519,-0.40311888314227295,1.05
box(9),0.44219918179312234,0.21430018103115012,1.05
box(8),0.3072202271998735,0.48893079603351086,1.05
box(7),0.6383195347194783,-0.06619969938789139,1.05
box(6),0.5722852821673121,0.31222125961411307,1.05
box(5),0.6336049299885308,-0.248266428145955,1.05
box(4),0.3050730032335763,-0.256393679552016,1.05
box(3),0.31430849921678206,0.13222628363300126,1.05
box(2),0.34547347322403593,0.333747489963667,1.05
box(1),0.43814356790800885,-0.03706392168639849,1.05
box(0),0.39076573168668927,-0.38504670458187285,1.05
box(9),0.4693964957190119,-0.18806639220402877,1.05
box(8),0.570109284976874,-0.43070392108727806,1.05
box(7),0.5771307268926078,0.07341558651877034,1.05
box(6),0.3240603710702474,0.4969958423374703,1.05
box(5),0.5499567119898783,0.3028375213463318,1.05
box(4),0.493289340690528,0.46523458693143016,1.05
box(3),0.3133294619975199,-0.12048306331120096,1.05
box(2),0.3631801389035648,0.17672494482646284,1.05
box(1),0.6312945704286977,-0.21452884868590394,1.05
box(0),0.4436971883714541,0.0028688730034551746,1.05
box(9),0.41746091545593983,-0.4583398330263926,1.05
box(8),0.4778124924979773,-0.2189500571415628,1.05
box(7),0.37952640852752967,0.3330857202475256,1.05
box(6),0.6151729254685455,-0.37763966753415323,1.05
box(5),0.5916993744278192,0.04399319634648868,1.05
box(4),0.5496750941647721,0.3049875997465027,1.05
box(3),0.39263682785507226,0.4970534556847591,1.05
box(2),0.3003193846278453,-0.08632333671619663,1.05
box(1),0.6019128394992503,0.4935242239563328,1.05
box(0),0.4307730401442728,0.19124733364686464,1.05
box(9),0.3288461961975726,-0.3131124983566139,1.05
box(8),0.40690031795531295,-0.46337243262922956,1.05
box(7),0.515787911727156,-0.22572240595602966,1.05
box(6),0.33168412115013607,0.345277040185497,1.05
box(5),0.5830260867924328,-0.471031102159173,1.05
box(4),0.6282012284803612,-0.09844000588721857,1.05
box(3),0.6242369485117869,0.26566299538881677,1.05
box(2),0.5985653981892489,0.05444200314044223,1.05
box(1),0.42149141496049664,0.02114173696989774,1.05
box(0),0.5228969895705962,0.4655927254602399,1.05
box(9),0.407219089635102,0.1883572309832281,1.05
box(8),0.3788866114307189,-0.30794188339402595,1.05
box(7),0.3338265645967127,-0.10921052748315041,1.05
box(6),0.6125946749752986,-0.29854769944725323,1.05
box(5),0.3071737396446996,0.3676432628636521,1.05
box(4),0.4688389049105792,-0.18166985738070052,1.05
box(3),0.5091415170467343,-0.4085830752716294,1.05
box(2),0.639502732774162,0.3037831308650413,1.05
box(1),0.6277231923530909,-0.019023526594421303,1.05
box(0),0.45651994939898854,0.04399651297322704,1.05
box(9),0.4581185522173644,0.3855217408862468,1.05
box(8),0.3516366489756681,-0.4956972761710656,1.05
box(7),0.3838398668425819,-0.3261164464303463,1.05
box(6),0.5911147193806999,0.1329417836776542,1.05
box(5),0.35763183729551246,0.1732473689724897,1.05
box(4),0.6494761849173909,-0.21567976051901216,1.05
box(3),0.5949758048357501,0.49482553160889386,1.05
box(2),0.3007443230150387,0.3884239640259258,1.05
box(1),0.5968959144837163,-0.4480155632127487,1.05
box(0),0.3584839892263019,-0.10829102569282667,1.05
box(9),0.6087594256325843,0.3191621746519362,1.05
box(8),0.5256695792109201,-0.050350632981529975,1.05
box(7),0.4155072043649884,-0.4984861132804871,1.05
box(6),0.3940263371596732,-0.2564101883788855,1.05
box(5),0.45107044325008017,0.31653652064662163,1.05
box(4),0.46373218228888624,0.10728829270146867,1.05
box(3),0.6461916965324203,0.1600981074468697,1.05
box(2),0.6014558753615036,-0.22501123006904122,1.05
box(1),0.5084841661599498,0.495929486939631,1.05
box(0),0.32045384808811345,0.4263181847276647,1.05
