Object,X,Y,Z
box(9),0.6022815323329644,-0.25768422167273464,1.05
box(8),0.34757925936174633,-0.13700809047722584,1.05
box(7),0.5907743915098871,0.4486699010870554,1.05
box(6),0.6418372365472478,-0.49235680512333935,1.05
box(5),0.3288362891954965,0.2430918896468215,1.05
box(4),0.6452695291341582,-0.10547221171991528,1.05
box(3),0.40044240122262054,0.10785493524681278,1.05
box(2),0.5216052805430977,0.24579064135597695,1.05
box(1),0.4406481989607549,-0.32841653637417567,1.05
box(0),0.31228248962020333,-0.4481266150491703,1.05
box(9),0.4194096829457888,0.3917600382327854,1.05
box(8),0.6231168896123143,-0.31052713565888035,1.05
box(7),0.4186301058834361,-0.07377977893533194,1.05
box(6),0.578868523171792,0.4060996112530565,1.05
box(5),0.5676620719490753,-0.49144361606347964,1.05
box(4),0.5609286048184676,0.04914458408376776,1.05
box(3),0.5168678274408759,-0.19188089451749302,1.05
box(2),0.32082258388151746,-0.1914061465045772,1.05
box(1),0.5046407796146856,0.23958582030515885,1.05
box(0),0.3871863719576592,0.09302440619294383,1.05
box(9),0.3244077239934975,-0.4048353352357651,1.05
box(8),0.3465439504296307,0.2761974482005596,1.05
box(7),0.3858452165593196,0.48905233448689034,1.05
box(6),0.5780153744232881,-0.3410415800938482,1.05
box(5),0.6426654080532715,0.31587224391920976,1.05
box(4),0.5447361366743997,0.4498210755827504,1.05
box(3),0.6458486555759739,0.14446856482809844,1.05
box(2),0.4579029849068159,-0.057066523253742396,1.05
box(1),0.6108424063275465,-0.17433592471035486,1.05
box(0),0.46437475290833324,-0.2176682311198055,1.05
box(9),0.6411342342810202,-0.49254756082995177,1.05
box(8),0.416441509302384,-0.413839190585519,1.05
box(7),0.4916499702360322,0.15827308337661627,1.05
box(6),0.3380237870779241,0.2780492809224706,1.05
box(5),0.3044218876684107,-0.12731386142877998,1.05
box(4),0.3723592533658545,0.45971810519971845,1.05
box(3),0.5239131060861888,0.32248080959962844,1.05
box(2),0.34742112622905963,0.07990021651089652,1.05
box(1),0.5649265578640026,-0.005445551481314093,1.05
box(0),0.6115047590923034,-0.2507569367284156,1.05
box(9),0.45785483678762706,-0.2524578224842652,1.05
box(8),0.5892419210998867,-0.41204296824630393,1.05
box(7),0.6450021743034262,0.20723993356480408,1.05
box(6),0.31344154643775535,-0.46014702252753026,1.05
box(5),0.4969616722703074,0.1532828882122601,1.05
box(4),0.30253064565461146,0.2519328965026858,1.05
box(3),0.5774789710436659,0.4944465194551576,1.05
box(2),0.3927943314814505,0.4960729694524847,1.05
box(1),0.34223663467280463,-0.11124770067946932,1.05
box(0),0.3518885757580179,0.05294854108008029,1.05
box(9),0.5334754882701562,-0.025629591723146272,1.05
box(8),0.5553996686068985,0.34168426786714634,1.05
box(7),0.47136630821619535,-0.37483579167000247,1.05
box(6),0.6465614832740374,-0.2154540356231247,1.05
box(5),0.30481080003386224,-0.41727556725773707,1.05
box(4),0.6020950776854178,-0.47643653156053367,1.05
box(3),0.5881829087124091,0.19189755888131477,1.05
box(2),0.3756272933038136,0.3348743788150492,1.05
box(1),0.475455000761282,0.4959242263443998,1.05
box(0),0.3897008390487455,-0.18467324433293453,1.05
box(9),0.3064584291427084,0.1521341933956174,1.05
box(8),0.42638431562424217,0.019671244402696964,1.05
box(7),0.593071399033063,0.02439032953732534,1.05
box(6),0.47247168105423154,-0.37754263310162484,1.05
box(5),0.6414696362457692,-0.14354979705502968,1.05
box(4),0.5436882102601694,0.3375978756555379,1.05
box(3),0.3021983708344175,-0.4975953136986787,1.05
box(2),0.6296960572467118,0.4866453615503792,1.05
box(1),0.4434139922360849,0.22488628682853817,1.05
box(0),0.609937614288415,-0.4991017873051865,1.05
box(9),0.33099673533829854,-0.2460517999906121,1.05
box(8),0.32612137883154263,0.4870041901020511,1.05
box(7),0.32063440797589515,0.03197220174448123,1.05
box(6),0.5440421467612186,-0.0009599645653369793,1.05
box(5),0.6312948530635432,0.20696256940161528,1.05
box(4),0.4960588085799285,-0.16319469590705382,1.05
box(3),0.47378563641643545,0.42501720131527965,1.05
box(2),0.4512289804696289,-0.39587031215659885,1.05
box(1),0.6493834032711421,0.43105945401396517,1.05
box(0),0.6456488370017983,-0.29035513141640457,1.05
box(9),0.5812711824331751,-0.4891261705406553,1.05
box(8),0.32781302440418186,-0.20828976308882385,1.05
box(7),0.32076145401411477,0.19063814158023096,1.05
box(6),0.3248695670418658,0.4433329172427197,1.05
box(5),0.44704708809753024,0.27617116507930695,1.05
box(4),0.5530961277382456,0.12838212513293068,1.05
box(3),0.5200147450585072,-0.07154372237820061,1.05
box(2),0.37862155836220385,0.03261784843926496,1.05
box(1),0.3277492672323585,-0.42130204973002483,1.05
box(0),0.4977036820324998,-0.32478246515938924,1.05
box(9),0.5836832946480432,0.46745571805873554,1.05
box(8),0.6440258995682322,-0.22462755458977757,1.05
box(7),0.34022325177729384,-0.17071723612851764,1.05
box(6),0.5861880293465321,-0.4461740633647965,1.05
box(5),0.6081678556956118,0.3014333341087344,1.05
box(4),0.45345202064557055,0.3629296648507577,1.05
box(3),0.5519306489644975,0.08975355882213076,1.05
box(2),0.4877449365598391,-0.1355078547451628,1.05
box(1),0.3469531600687011,0.20545500769292835,1.05
box(0),0.41631087243241127,0.009082505451037393,1.05
box(9),0.3068519280114456,-0.3299171258139545,1.05
box(8),0.3832731033143748,-0.46409476091771196,1.05
box(7),0.6358075312156409,-0.18463891909793995,1.05
box(6),0.6220207699722593,0.4741741067171844,1.05
box(5),0.64843028957249,-0.35968174615381165,1.05
box(4),0.6375175093140572,0.30851084721547295,1.05
box(3),0.39761758589858026,0.3556270076051009,1.05
box(2),0.615398147448899,-0.03304028907150991,1.05
box(1),0.47955349317291995,-0.1757355762276842,1.05
box(0),0.5216413240096321,0.20477619084985954,1.05
box(9),0.37169475161795357,0.18297665210992142,1.05
box(8),0.3204972741770638,-0.09171919692036135,1.05
box(7),0.44827984833606915,-0.4788917160860504,1.05
box(6),0.36668055661854076,-0.3445522382352296,1.05
box(5),0.6312112822065902,-0.20300000145266595,1.05
box(4),0.6170313013170557,0.4859046971546198,1.05
box(3),0.6034619806200094,-0.4372682177347247,1.05
box(2),0.36988767158325675,0.3692915486381657,1.05
box(1),0.4234950942040831,0.040399522033297885,1.05
box(0),0.48752002356681323,-0.09655901200953898,1.05
box(9),0.6026601066551774,0.27651342552804326,1.05
box(8),0.3481088807414504,0.1803021637083997,1.05
box(7),0.3346364224003017,-0.19540620624846172,1.05
box(6),0.5923973308764102,0.04345073998021698,1.05
box(5),0.4321934970961591,-0.352913793640121,1.05
box(4),0.6449507667238573,-0.25675872512148745,1.05
box(3),0.46814936588105094,0.49975954412231327,1.05
box(2),0.5765684413268979,-0.4626903770644504,1.05
box(1),0.34717633507330276,0.38329036363158786,1.05
box(0),0.6249048096798931,0.4853038873284633,1.05
box(9),0.6444516122519638,-0.10265138796066609,1.05
box(8),0.4932751331761933,0.265414182216799,1.05
box(7),0.47289102748900225,-0.1046843143875964,1.05
box(6),0.30864900072506146,0.2026787241988145,1.05
box(5),0.5922469201321579,0.04054670871534327,1.05
box(4),0.3493026194568174,-0.4276979010798676,1.05
box(3),0.4631049058288464,-0.317074825497327,1.05
box(2),0.41591726214664415,0.04206082422014734,1.05
box(1),0.6474614478803926,-0.48397960834830844,1.05
box(0),0.614015257487176,-0.255044069174045,1.05
box(9),0.3031966559234473,-0.26832656389455867,1.05
box(8),0.5751488938508134,0.464640374540065,1.05
box(7),0.41638167105196017,0.31148115881597993,1.05
box(6),0.4298829107813621,-0.1308832916158459,1.05
box(5),0.6324171504334262,0.21667062238770074,1.05
box(4),0.3799299232834561,0.4754126144662718,1.05
box(3),0.5713434983015602,-0.026348787689159714,1.05
box(2),0.484846392095425,-0.3934153848979135,1.05
box(1),0.3908227806990118,0.020431386932447726,1.05
box(0),0.3195081915382661,-0.4485685445768367,1.05
box(9),0.31199139833160333,0.15688041643032113,1.05
box(8),0.4760516693317715,0.15620667600713523,1.05
box(7),0.5446752956746186,0.4908473187615291,1.05
box(6),0.3903442426548435,0.2895771441375713,1.05
box(5),0.6474318540173314,-0.2507210041306911,1.05
box(4),0.5795617446693151,0.27016740200632827,1.05
box(3),0.30620766152023565,0.43689765139089054,1.05
box(2),0.6221170302953359,-0.06705109152591393,1.05
box(1),0.3075518061433943,-0.20907172330547374,1.05
box(0),0.4638169402386869,-0.02006644343702546,1.05
box(9),0.6090231942866589,-0.4764921184500055,1.05
box(8),0.4910387515329336,-0.3393198295199308,1.05
box(7),0.43980771451846373,0.13838865487470908,1.05
box(6),0.5855614514837074,0.4404781845860556,1.05
box(5),0.30778080253800916,-0.4976971478716776,1.05
box(4),0.36658373187024396,0.2855451597979247,1.05
box(3),0.5659669791505867,0.24622638180877987,1.05
box(2),0.6485779644933385,-0.30246253973711645,1.05
box(1),0.41756446415579906,0.4798121568180821,1.05
box(0),0.6179053264669907,-0.05928347760714414,1.05
box(9),0.3936390066383345,-0.1567246410999822,1.05
box(8),0.6202520099289672,0.09401494874655147,1.05
box(7),0.4918125844913011,-0.4337068810726117,1.05
box(6),0.3871731363650077,0.02051360435839611,1.05
box(5),0.6414218657873538,0.40769941279425714,1.05
box(4),0.3331547555663665,-0.33103398155243,1.05
box(3),0.314840927681579,0.24820285130604103,1.05
box(2),0.325447981108913,-0.4942534338004714,1.05
box(1),0.5136690662236666,0.29473066254382696,1.05
box(0),0.5683517033197871,-0.23885496037935494,1.05
box(9),0.6116755079108659,-0.057850456704605424,1.05
box(8),0.38765388553505675,0.40157375332469925,1.05
box(7),0.6458126427814079,-0.4475674134864711,1.05
box(6),0.3611846663139518,-0.1809880809574056,1.05
box(5),0.5480453383135332,0.081974137433652,1.05
box(4),0.5994854128957636,0.467591947462628,1.05
box(3),0.5082540543127374,-0.3864731237001442,1.05
box(2),0.3123207422477815,0.19621919010543742,1.05
box(1),0.3209268166319519,-0.39969467900458233,1.05
box(0),0.41405707126409935,-0.017844591567704016,1.05
box(9),0.588994370499002,0.2955461359139736,1.05
box(8),0.6117447589700722,-0.06634605353028,1.05
box(7),0.43541385710705716,0.3089566108733337,1.05
box(6),0.642392621300293,-0.49222181244668795,1.05
box(5),0.3068030107826404,-0.13389276852915022,1.05
box(4),0.5925162225167584,0.1371144248372832,1.05
box(3),0.6232923355131991,0.49408620504602707,1.05
box(2),0.43599389213957995,-0.27958946446855293,1.05
box(1),0.3539790278859387,0.12241561175410354,1.05
box(0),0.6034470485776166,-0.300184806796272,1.05
box(9),0.457735180611558,-0.12457282579900586,1.05
box(8),0.6088139932266765,0.3206946541360428,1.05
box(7),0.3563783017932324,-0.43639934323776486,1.05
box(6),0.6333472004374339,-0.025111212608959432,1.05
box(5),0.39681651662408235,0.4286691008180956,1.05
box(4),0.544573794725417,-0.48061264994340813,1.05
box(3),0.5712274119928166,0.11713169620665709,1.05
box(2),0.6397852679444075,0.47588378408533427,1.05
box(1),0.3736731120859814,0.2745384391534217,1.05
box(0),0.32395644512726257,-0.05560059204649326,1.05
box(9),0.45846263331405246,-0.2986854788693891,1.05
box(8),0.594148650472643,-0.17600033772881285,1.05
box(7),0.6196583333673324,0.2688747442476004,1.05
box(6),0.3105211044886815,-0.2696235728854812,1.05
box(5),0.3943581760010222,0.11760877035513839,1.05
box(4),0.3999243563100439,0.4616327935709066,1.05
box(3),0.34338348004556807,-0.41923516649998094,1.05
box(2),0.6098043891417465,-0.3298678957360939,1.05
box(1),0.5788478493926581,0.012841506579599815,1.05
box(0),0.5436226902158181,0.40635798066120077,1.05
box(9),0.39315175440217986,0.3091234820232919,1.05
box(8),0.405811153868444,-0.10654887179643302,1.05
box(7),0.6394854574607787,-0.16567547699753582,1.05
box(6),0.4771536952941322,-0.24927336652727594,1.05
box(5),0.5262089656818629,0.1989595284454968,1.05
box(4),0.3080468060631911,0.1488905275025253,1.05
box(3),0.302059610342456,0.4561294035213084,1.05
box(2),0.38945883211706733,-0.45090800803796116,1.05
box(1),0.31396366827495514,-0.24679006921795021,1.05
box(0),0.5958992391535118,-0.3882589939296337,1.05
box(9),0.6426088358068817,0.35807975328653696,1.05
box(8),0.40094377764587485,0.31447362786759003,1.05
box(7),0.5591115107155169,-0.0041160673015263605,1.05
box(6),0.3106336280994311,-0.015193189755956737,1.05
box(5),0.4912062819781623,0.4801034969708694,1.05
box(4),0.6248438307608305,0.1618968884776627,1.05
box(3),0.3920641467806678,0.12854048979395727,1.05
box(2),0.5679808736910388,-0.1638709247280764,1.05
box(1),0.4051693367790259,-0.4172552962680035,1.05
box(0),0.30010563016650404,-0.18996710099718628,1.05
box(9),0.3122963254630898,0.4683928123963984,1.05
box(8),0.5928987689807443,-0.4478511632006582,1.05
box(7),0.6389671464222589,0.3719197999830208,1.05
box(6),0.5111341020104256,0.25989960946842505,1.05
box(5),0.5198855647762414,0.029516633915239843,1.05
box(4),0.4964980179210282,0.4681108319197189,1.05
box(3),0.30405522843544186,-0.0026234439294278156,1.05
box(2),0.39540608045137066,0.12218956052187013,1.05
box(1),0.32283647572713614,0.2697552949303097,1.05
box(0),0.3080819332125501,-0.37964006898799474,1.05
box(9),0.6270027678877282,-0.130932147392539,1.05
box(8),0.5385019344649346,-0.29065007152775835,1.05
box(7),0.38526241553778406,-0.16182113659356978,1.05
box(6),0.6479789031275498,0.3758755152444938,1.05
box(5),0.44482961191400217,-0.46915789786638984,1.05
box(4),0.5015381731217802,0.2565430913812332,1.05
box(3),0.49051957537235497,0.4514988867504699,1.05
box(2),0.6496944258399613,-0.49556604081534583,1.05
box(1),0.4450485650513103,0.03699101478965239,1.05
box(0),0.3427978316726481,0.16901869455891905,1.05
box(9),0.3169847505812068,-0.35986244803303935,1.05
box(8),0.5750211533207621,-0.06699804176473445,1.05
box(7),0.6105113041822061,-0.29605676069621323,1.05
box(6),0.43454883295723934,-0.20064304163588476,1.05
box(5),0.6367478100037354,0.17928258053854806,1.05
box(4),0.43295998431844784,-0.4960143705677147,1.05
box(3),0.46733901720529814,0.2963170142522581,1.05
box(2),0.6484005479153142,0.43802092964428696,1.05
box(1),0.3656199541316907,0.46263290110750677,1.05
box(0),0.4235324208339406,0.011884552070123067,1.05
box(9),0.3064936902105552,0.15189225768628556,1.05
box(8),0.6117064366633288,-0.4955636776181842,1.05
box(7),0.3080583025972288,-0.37194261335082335,1.05
box(6),0.531204926612028,-0.318419061306943,1.05
box(5),0.3067927407075637,-0.1441371997842973,1.05
box(4),0.4981884842421125,-0.12991694239255103,1.05
box(3),0.5880249706408504,0.12751833158356884,1.05
box(2),0.491124665790727,0.36368527927309735,1.05
box(1),0.6079602694432111,-0.02185849108824378,1.05
box(0),0.5759471829320497,0.4946812157448697,1.05
box(9),0.3750480915621022,0.005888878646179818,1.05
box(8),0.3034923371604562,0.33688328992697225,1.05
box(7),0.44034785677118116,-0.4727547430827298,1.05
box(6),0.6426613588230334,-0.20814580455235443,1.05
box(5),0.6390293046001219,-0.3890116268092144,1.05
box(4),0.3225097151783487,-0.3196693302899861,1.05
box(3),0.3929650468270435,-0.18152470132261722,1.05
box(2),0.43368631137719216,0.1678374090564645,1.05
box(1),0.5599597706803017,0.33017528074722646,1.05
box(0),0.5770955566290239,0.00024017733987835577,1.05
box(9),0.403776633699762,0.4978850276801967,1.05
box(8),0.4127086457139563,-0.01643218798105861,1.05
box(7),0.5925077320822056,0.48069088155090645,1.05
box(6),0.6298735438381136,0.1795610443251594,1.05
box(5),0.4826709308857783,-0.4046946227347178,1.05
box(4),0.36017960456583464,0.3011371322022446,1.05
box(3),0.32647477050846807,-0.4531658237275602,1.05
box(2),0.43037957883581973,-0.2637858170569328,1.05
box(1),0.6352024401407298,-0.29311346982643427,1.05
box(0),0.6467873191348974,-0.1401385944208272,1.05
box(9),0.388708816120593,0.13284090029491646,1.05
box(8),0.34442343397492303,0.4599398008522937,1.05
box(7),0.43010493349820733,-0.02128512268731908,1.05
box(6),0.5714870981126607,0.43887233715720275,1.05
box(5),0.5878402119695212,0.2870609181957089,1.05
box(4),0.591579182387542,-0.4655277956701871,1.05
box(3),0.5615503160463873,0.09745288258666851,1.05
box(2),0.3211517041085685,-0.14310968915210864,1.05
box(1),0.4336943942232111,-0.3176628847597367,1.05
box(0),0.41573725588916427,0.3157417887284383,1.05
box(9),0.41432558193088154,-0.4985532022865007,1.05
box(8),0.6372760871223018,-0.15952723699381788,1.05
box(7),0.3206377902376405,0.14659735377542082,1.05
box(6),0.41655389802768633,-0.004468792004597266,1.05
box(5),0.35508591445171844,0.4991216252083458,1.05
box(4),0.614592115869175,0.2708802030957218,1.05
box(3),0.48657787211451065,-0.1460409645977212,1.05
box(2),0.5857330792340658,0.4899707677844597,1.05
box(1),0.5718426833839803,-0.4289205822895651,1.05
box(0),0.3037442500188591,-0.30771869431167875,1.05
box(9),0.6430789866034975,0.05445379886367696,1.05
box(8),0.41942311031815827,0.27521466361873725,1.05
box(7),0.42629140256139664,-0.46827123905240897,1.05
box(6),0.3403146000470937,0.14063810680814282,1.05
box(5),0.6472258007375229,-0.10857398015326525,1.05
box(4),0.5153872901165398,0.14738161894644952,1.05
box(3),0.32259900642411377,-0.07176361848461221,1.05
box(2),0.6439705730557812,-0.2597289151513099,1.05
box(1),0.43249067335705804,-0.20599838672640958,1.05
box(0),0.593979387766328,0.41745660087268477,1.05
box(9),0.6157847501117967,0.26709321106448203,1.05
box(8),0.4844773914056818,-0.0316420956308604,1.05
box(7),0.3287984158892693,0.3953918569611081,1.05
box(6),0.5069950909035934,-0.47087950596255823,1.05
box(5),0.4080257125920743,0.2630605028039865,1.05
box(4),0.35723790045742004,-0.3748577390265406,1.05
box(3),0.6232916859525699,-0.10786448470012133,1.05
box(2),0.32696588392352977,-0.08075873962773561,1.05
box(1),0.3056338715903063,0.1060796209247461,1.05
box(0),0.47111674385277785,-0.2103969787664869,1.05
box(9),0.6329178044132932,0.42033646481240683,1.05
box(8),0.5992954337411314,-0.33375459258131857,1.05
box(7),0.46918767522357907,0.08653656440041624,1.05
box(6),0.5700769965759194,0.28220272210061637,1.05
box(5),0.3741680733724675,0.4508322708697704,1.05
box(4),0.6274441605239696,0.12582968195423072,1.05
box(3),0.42384529837100027,-0.385958876820645,1.05
box(2),0.30153032662088575,-0.25472865831345026,1.05
box(1),0.38000150517831177,0.26132423281364703,1.05
box(0),0.3121102852660577,0.025058175283313888,1.05
box(9),0.47104355440159407,-0.07227286629490381,1.05
box(8),0.5304453300913742,0.44587686435214835,1.05
box(7),0.5277207581696054,-0.23594516164022694,1.05
box(6),0.30990203773060626,-0.4922189760005947,1.05
box(5),0.622843727206434,-0.08584355466001592,1.05
box(4),0.6408320699865118,-0.346230176117446,1.05
box(3),0.6218883727009484,-0.4996438486384299,1.05
box(2),0.599478365843179,0.30579010409620033,1.05
box(1),0.3418408689237802,-0.18975630811767707,1.05
box(0),0.3060593565577139,0.47702141068856885,1.05
box(9),0.476922379557679,-0.3788665281298371,1.05
box(8),0.35244242542757476,0.2916034816021529,1.05
box(7),0.46134102191771464,-0.07154219581964671,1.05
box(6),0.6226197714849325,0.12886826022444386,1.05
box(5),0.6439901417519225,0.45040210468550457,1.05
box(4),0.4530268571421519,0.13152913489718354,1.05
box(3),0.47797131370488455,0.430086777287082,1.05
box(2),0.5162614008640036,-0.22183846971321386,1.05
box(1),0.3168576127769155,0.04557409365215126,1.05
box(0),0.6423391045749643,-0.03816389323480507,1.05
box(9),0.3433283254824715,-0.4580895680310014,1.05
box(8),0.5989105802762231,-0.37739082846871175,1.05
box(7),0.5347933665277851,0.27056034980970267,1.05
box(6),0.3037388667016657,0.4974254869912995,1.05
box(5),0.3440408564260566,-0.12326030074295502,1.05
box(4),0.30062212573820424,0.3009521840190392,1.05
box(3),0.5433973587634177,0.11146146114503064,1.05
box(2),0.48682359109012885,-0.04505216096501641,1.05
box(1),0.511138727450059,0.49490214571315694,1.05
box(0),0.48668945492955284,-0.21158653833313512,1.05
box(9),0.3481796259721982,0.1402510255952948,1.05
box(8),0.30692740561389026,-0.3500344047157399,1.05
box(7),0.6495326083952906,-0.0794590933815622,1.05
box(6),0.609160072872418,0.3050136437405663,1.05
box(5),0.6305220865360137,-0.48052067675315013,1.05
box(4),0.325199558067057,-0.054327941039143846,1.05
box(3),0.45772162628533797,-0.48891959140509555,1.05
box(2),0.33778189205288234,0.4189078290270597,1.05
box(1),0.5010794382366055,0.15126904671922903,1.05
box(0),0.6426032524883172,0.4706864850206406,1.05
box(9),0.6368621198042934,-0.3203696206653568,1.05
box(8),0.49045041080861407,-0.2387472752534504,1.05
box(7),0.3183801638828125,0.12120843240651746,1.05
box(6),0.6181157071937431,-0.07533503227374017,1.05
box(5),0.4830667772603532,0.32214594184930667,1.05
box(4),0.6360163850785938,0.28004497882970236,1.05
box(3),0.4899144494065223,0.49343839049560534,1.05
box(2),0.3591737576201615,-0.33599861735359915,1.05
box(1),0.46616790022304033,-0.019941831904961127,1.05
box(0),0.5361978122064375,0.1197551762519552,1.05
box(9),0.32734286591452205,0.2856227503764883,1.05
box(8),0.5804555900477995,-0.4004341974807871,1.05
box(7),0.34673422094148637,-0.492544013180239,1.05
box(6),0.5195306067760934,-0.2526064236316157,1.05
box(5),0.31617503749969667,0.021070184350496457,1.05
box(4),0.6431743163021391,0.44387067500606225,1.05
box(3),0.6398501219560988,-0.11507175274241732,1.05
box(2),0.3130798044114631,0.4753623360518008,1.05
box(1),0.3018732366722239,-0.27453569743427453,1.05
box(0),0.5132479675060764,0.287974328696609,1.05
box(9),0.4478082601212243,-0.07773826418204743,1.05
box(8),0.5953592442456719,0.08294248218477696,1.05
box(7),0.591987583937593,-0.40827969855193336,1.05
box(6),0.3436913018715894,-0.45597297674251336,1.05
box(5),0.5096622366931359,-0.22467587870634786,1.05
box(4),0.315382588651322,0.08576542809812837,1.05
box(3),0.6414479607011028,0.44148647219965786,1.05
box(2),0.35860073033003975,0.2985415335800553,1.05
box(1),0.44244818935079344,0.48091824837189134,1.05
box(0),0.3180356742013055,-0.23896512069864995,1.05
box(9),0.6284102498380253,-0.12284562427401491,1.05
box(8),0.5967273607817333,0.2926347383053296,1.05
box(7),0.41031472891011705,-0.0957669559621056,1.05
box(6),0.6312991081710404,-0.38021874797264377,1.05
box(5),0.6137435177035606,0.05684964964341743,1.05
box(4),0.3143904566455127,-0.4440054656735227,1.05
box(3),0.3131878846895438,0.07886220776973274,1.05
box(2),0.48672845337639986,-0.4654553914056373,1.05
box(1),0.6338765586082551,0.4816946761915092,1.05
box(0),0.35769589445518624,0.3617728212936395,1.05
box(9),0.40966341002311424,-0.2631371929237767,1.05
box(8),0.48369573241979347,0.44722893385333584,1.05
box(7),0.5062774801029705,0.2018337965370528,1.05
box(6),0.5697333435159866,-0.19826558340041645,1.05
box(5),0.3322724531309519,-0.09622327971087796,1.05
box(4),0.47287252712750755,0.003329125094673757,1.05
box(3),0.6213140282331866,-0.03761003404148844,1.05
box(2),0.3176867414697335,0.2119189903864367,1.05
box(1),0.5835785642421372,-0.3666703543268802,1.05
box(0),0.4140036230252483,-0.4746101142976663,1.05
box(9),0.6490695903265147,0.15336093930388972,1.05
box(8),0.30402694030658406,-0.28674812389387727,1.05
box(7),0.4204899995473729,0.4845728187928291,1.05
box(6),0.46178190759658144,0.28619383994347325,1.05
box(5),0.6039854577197846,-0.21542512599567099,1.05
box(4),0.34733471437016167,-0.07895410728864671,1.05
box(3),0.38968361288423803,0.07553892680677143,1.05
box(2),0.5786421856126789,0.46211508464675055,1.05
box(1),0.6412091935279569,-0.028227482856440833,1.05
box(0),0.3103533070530992,0.36730677206848883,1.05
box(9),0.35725564664593934,-0.47377575163533003,1.05
box(8),0.6143687349331062,0.14061692988633145,1.05
box(7),0.5771878686797118,-0.40270399616784935,1.05
box(6),0.33144182252513343,-0.2570667098474022,1.05
box(5),0.47810328519253553,0.29609332254965826,1.05
box(4),0.49651606541335214,-0.21342314400556905,1.05
box(3),0.4907443676763983,-0.037940937786978046,1.05
box(2),0.3549099348592503,0.039986472024755915,1.05
box(1),0.48060744559802343,0.4525162054870254,1.05
box(0),0.35371486716630796,0.19715562143767373,1.05
box(9),0.6370951124187905,-0.15270146838802667,1.05
box(8),0.32090168412662706,0.44505094901129894,1.05
box(7),0.3594247313125568,-0.43063475219092173,1.05
box(6),0.6324910028221873,0.10168370559607465,1.05
box(5),0.6467413023612327,-0.36599690450797384,1.05
box(4),0.5853039370258626,0.31971662640449117,1.05
box(3),0.4137354896568052,-0.24473178872567214,1.05
box(2),0.48947199659604446,-0.06358329462857026,1.05
box(1),0.31467577278819053,-0.010254468582906684,1.05
box(0),0.4735675062249166,0.4719894484812127,1.05
box(9),0.38674598214872863,0.15314667098264756,1.05
box(8),0.6396800679757817,-0.12173803986783494,1.05
box(7),0.3200092051763333,0.4500624349182841,1.05
box(6),0.46857110730212215,-0.3881960141735328,1.05
box(5),0.6498213421205215,0.07090103667049785,1.05
box(4),0.3536534080487616,0.30168437199117615,1.05
box(3),0.573585880912509,0.35331276626542785,1.05
box(2),0.47983310520464084,-0.2230321249310796,1.05
box(1),0.4546976320938032,-0.07182658998799862,1.05
box(0),0.3526356791963503,-0.4881030147231431,1.05
box(9),0.6383020204681964,-0.3970945587080491,1.05
box(8),0.4687927597897945,0.13372659300918532,1.05
box(7),0.4726525248871286,0.49914397578855674,1.05
box(6),0.3051438869746603,0.1371758104567522,1.05
box(5),0.3197112939941065,-0.16680659505723905,1.05
box(4),0.6238940934516809,-0.1417112429981564,1.05
box(3),0.3787253109553865,0.37889631433678495,1.05
box(2),0.5156084736232427,0.3106936692443676,1.05
box(1),0.510182491312437,-0.25873737956872855,1.05
box(0),0.6248608860797628,0.10677355402501776,1.05
box(9),0.35962314209527124,-0.38566232706080694,1.05
box(8),0.6061623363708197,-0.46206674587435415,1.05
box(7),0.47832236382766335,-0.04085390849612669,1.05
box(6),0.5170143357948651,0.46687329151159485,1.05
box(5),0.3192057648089336,0.1557855535749314,1.05
box(4),0.30338182411710773,-0.15590290868345202,1.05
box(3),0.6479579616379132,-0.18248015750947566,1.05
box(2),0.33956630397644527,0.3753675192198854,1.05
box(1),0.5103271914950893,0.2746551977448599,1.05
box(0),0.4351126869445747,-0.2531096330146939,1.05
box(9),0.3269378895692285,-0.004568928946256046,1.05
box(8),0.5994259275473766,0.08917279727900462,1.05
box(7),0.5235226586674518,-0.4452972001113831,1.05
box(6),0.3117509596340617,-0.4536940387058429,1.05
box(5),0.5571317314769679,-0.05866886788018033,1.05
box(4),0.40230580855804976,0.15987478962272872,1.05
box(3),0.5589986817047572,0.46514759855525833,1.05
box(2),0.6033503014570898,-0.30616807643196375,1.05
box(1),0.36580200905446014,0.34511430553122346,1.05
box(0),0.5585714906743466,0.24297215843503117,1.05
box(9),0.34951933765584176,-0.1839976946725529,1.05
box(8),0.3012413786255661,-0.017534776194977675,1.05
box(7),0.38899219193504936,0.4995599162580413,1.05
box(6),0.47271298811867785,-0.4100452109992708,1.05
box(5),0.31033381824412803,-0.48842220920693247,1.05
box(4),0.4677544655351713,-0.0009799905201673953,1.05
box(3),0.3324998679898342,0.19110793503188983,1.05
box(2),0.5289621227858817,-0.1662810750469913,1.05
box(1),0.6307334492720142,0.48305237974817317,1.05
box(0),0.6366559598297602,0.10205252780401386,1.05
box(9),0.6371839969963923,-0.37369081824649564,1.05
box(8),0.45261188342028275,0.3266121151319624,1.05
box(7),0.32917632780752426,-0.172079745360477,1.05
box(6),0.326516548748912,0.4135061656529465,1.05
box(5),0.4536418075536173,-0.34347777533805757,1.05
box(4),0.346311007953304,-0.4877448462788553,1.05
box(3),0.30465100163305825,0.014881646470173981,1.05
box(2),0.46069741472169967,0.14008515507870922,1.05
box(1),0.5802920950863102,-0.1659505210669766,1.05
box(0),0.5755671521508299,0.47170520751126077,1.05
box(9),0.6423295991573671,0.12887175084162028,1.05
box(8),0.3087235988380837,0.2588377222495385,1.05
box(7),0.6175373293909501,0.2852658696821664,1.05
box(6),0.4059673365522357,-0.16346841431674286,1.05
box(5),0.6214760973605113,-0.3648700659958032,1.05
box(4),0.33242186838781757,0.41879319448164565,1.05
box(3),0.42315286004053954,-0.48492923698620793,1.05
box(2),0.5429899183273377,0.011467129296048095,1.05
box(1),0.37250943310935036,0.001452232329930081,1.05
box(0),0.5759104908690926,-0.16880294142372487,1.05
box(9),0.3086499037971521,-0.3800770750863518,1.05
box(8),0.4874444371224088,0.47474812052013304,1.05
box(7),0.40888528643658817,0.2750022901227357,1.05
box(6),0.6043198110290191,0.3159522373900394,1.05
box(5),0.36132428237848785,-0.1931800038272723,1.05
box(4),0.5779281016694859,-0.40837096625530867,1.05
box(3),0.3015363958631428,0.43422132606966235,1.05
box(2),0.4022277239927107,-0.4984128062829134,1.05
box(1),0.532611974727237,0.008134505126418445,1.05
box(0),0.3743897623115161,0.10179570233635848,1.05
box(9),0.6019280966076972,-0.20767339834664755,1.05
box(8),0.6408877676932834,0.13101681544867794,1.05
box(7),0.3453034037966998,-0.3504178094820747,1.05
box(6),0.4224081124991249,0.2756053119987042,1.05
box(5),0.5543590315406577,0.44829765254828313,1.05
box(4),0.3631331642329882,-0.12674037976692543,1.05
box(3),0.5450319387930074,-0.3936389477559279,1.05
box(2),0.3295580090743477,0.44498721883843273,1.05
box(1),0.6352409767364426,0.28728193909082667,1.05
box(0),0.5093327543495855,-0.02783942521319338,1.05
box(9),0.31530532557299096,0.0826889529322099,1.05
box(8),0.5551161132933604,-0.17693323390105886,1.05
box(7),0.5492501884269078,0.12197404054365446,1.05
box(6),0.38722116563266396,-0.45461177467256453,1.05
box(5),0.3493615731585542,0.23419185780970808,1.05
box(4),0.3216233808058331,-0.28631514849080786,1.05
box(3),0.3606425567602732,-0.11222830730619915,1.05
box(2),0.48173339451277797,0.31434361008540945,1.05
box(1),0.5460294159554642,-0.4090294203990531,1.05
box(0),0.33233447566740876,0.49101885219483365,1.05
box(9),0.5521160148986017,0.4611866985778911,1.05
box(8),0.35187350148502167,0.058499446374164155,1.05
box(7),0.5649362669404294,-0.17958209295694105,1.05
box(6),0.5570758936834429,0.11284120053692193,1.05
box(5),0.38119378468536325,-0.4537520770475957,1.05
box(4),0.30633731695220556,0.3417321067854333,1.05
box(3),0.4055442889437708,-0.2625713073591277,1.05
box(2),0.41195604732631175,-0.09248592135053713,1.05
box(1),0.3910907980637544,0.2152031242457999,1.05
box(0),0.5753000371505925,0.271454302313892,1.05
box(9),0.6092106451822404,-0.37428512837208505,1.05
box(8),0.4124819089861397,0.49098165106376523,1.05
box(7),0.31671802011296546,0.035467294251435466,1.05
box(6),0.5908149234542722,0.4971574078754789,1.05
box(5),0.5438862953085134,-0.004128146367012198,1.05
box(4),0.6277849222462557,-0.21725955070231862,1.05
box(3),0.34278930525348295,-0.4974295726772683,1.05
box(2),0.325304539809092,-0.23699713558336433,1.05
box(1),0.6306074045970146,0.13095603808267398,1.05
box(0),0.3688075516422902,0.26665500303728196,1.05
box(9),0.45478408548089555,-0.3369799337041194,1.05
box(8),0.6275227858301942,-0.3788749262736415,1.05
box(7),0.3208392073990235,0.49865312552980867,1.05
box(6),0.542038003710474,0.25957161218771174,1.05
box(5),0.30763254716275273,-0.024664064780841488,1.05
box(4),0.649250449480389,0.43800526867756306,1.05
box(3),0.6342819898006649,-0.05278870228024357,1.05
box(2),0.48017918539548843,0.3993692247476637,1.05
box(1),0.5302623863828013,-0.1757288816528776,1.05
box(0),0.313598436927317,-0.40557262336791966,1.05
box(9),0.40106441705683693,0.20600534082021116,1.05
box(8),0.49418622764738585,0.008485178247557679,1.05
box(7),0.48338788572163327,-0.47378259007274615,1.05
box(6),0.3626087939374694,-0.21539610355878025,1.05
box(5),0.5786757340154998,0.2159130189246341,1.05
box(4),0.6443011470781049,-0.4809737397974376,1.05
box(3),0.31406822386858,0.4875120277499009,1.05
box(2),0.631319177240247,0.4405532228923328,1.05
box(1),0.31392679035659493,0.000746391959124515,1.05
box(0),0.5565530850216427,-0.277353556582401,1.05
box(9),0.3513259576319399,-0.3816050821538127,1.05
box(8),0.46374383749463843,0.41815509816070984,1.05
box(7),0.5103957303612513,-0.022063487964053663,1.05
box(6),0.48153084797477275,-0.48776710728483796,1.05
box(5),0.4235660906040538,0.2291252961953576,1.05
box(4),0.6328409343258037,-0.12912908174290927,1.05
box(3),0.41483528486616955,-0.15888783880129964,1.05
box(2),0.6441493929673012,-0.46193799196789276,1.05
box(1),0.5908314307938531,0.1214310524442257,1.05
box(0),0.3139982904821292,0.03278909663148255,1.05
box(9),0.5638366760589588,-0.32362137575165406,1.05
box(8),0.39049378750951985,-0.3381118144189239,1.05
box(7),0.3109558811217433,0.4171987042285077,1.05
box(6),0.5853058571166521,0.31012609702407334,1.05
box(5),0.34482279001182625,-0.4861524880629673,1.05
box(4),0.3156101318503163,0.2534394977025083,1.05
box(3),0.46889093036120955,-0.006308173899119862,1.05
box(2),0.6037889576225494,-0.10420221790586803,1.05
box(1),0.5438181752863916,-0.47741703480893294,1.05
box(0),0.5150738432013138,0.1765603140409726,1.05
box(9),0.6427867309456129,0.059756496517055835,1.05
box(8),0.45460018635443594,0.4669592156106185,1.05
box(7),0.42805448866408446,-0.2545054334828212,1.05
box(6),0.5850754729106775,-0.33085509281080083,1.05
box(5),0.3491363826839713,0.0859581774849113,1.05
box(4),0.3742162906567743,-0.4216985865792868,1.05
box(3),0.31656040263105134,0.267748867144163,1.05
box(2),0.35203128711170883,-0.12320073187456104,1.05
box(1),0.6127002230110365,0.4737376705205879,1.05
box(0),0.5307554540990467,-0.05862691532279485,1.05
box(9),0.6473840044115253,0.2622233909131063,1.05
box(8),0.5264588225200555,0.09188418490909389,1.05
box(7),0.31048506697496847,0.44539850665524006,1.05
box(6),0.4875620616580244,-0.20416357266296714,1.05
box(5),0.5182349229129363,-0.37746571935120066,1.05
box(4),0.6453403488007854,-0.18321140952981385,1.05
box(3),0.3866883147336955,0.0230499859435771,1.05
box(2),0.3388402086787454,0.16639075034115547,1.05
box(1),0.33867931548479147,-0.23224403619977352,1.05
box(0),0.45919191500973155,0.27115785750586385,1.05
box(9),0.6021823335257516,0.42201213085252687,1.05
box(8),0.636356775848859,-0.4774738485530352,1.05
box(7),0.534549284373741,0.06222781704850455,1.05
box(6),0.6285946756325556,0.19005972139876903,1.05
box(5),0.3733683071443205,0.42492428295137175,1.05
box(4),0.4536091958870547,-0.41430770167455055,1.05
box(3),0.5067681218053868,-0.1780346792049382,1.05
box(2),0.3589512231386377,-0.06503326551811595,1.05
box(1),0.3886633000662322,0.09878675705055351,1.05
box(0),0.3783315361192927,-0.27322406731962123,1.05
box(9),0.47396133421817754,0.2980216552859768,1.05
box(8),0.6363027113364168,-0.2891622757778385,1.05
box(7),0.30147296971062193,-0.4866062169207035,1.05
box(6),0.6390889677126836,-0.08366491769406292,1.05
box(5),0.6164209124784822,0.3467600168862426,1.05
box(4),0.5972032071956489,0.13246212621199194,1.05
box(3),0.5327745405685929,-0.42078342598993523,1.05
box(2),0.34699331491266483,0.41082983062355394,1.05
box(1),0.48641553330719145,-0.1320063438694209,1.05
box(0),0.4490910847415323,0.016882079773605896,1.05
box(9),0.4033698394747963,-0.31502550228740533,1.05
box(8),0.5321171114920802,0.48968041768411985,1.05
box(7),0.41021931470063616,0.22284806471825147,1.05
box(6),0.3135172926201013,-0.12166876576194485,1.05
box(5),0.6274890633986121,-0.04221124170702162,1.05
box(4),0.38884370731983997,-0.46845907271648835,1.05
box(3),0.6396928789236771,-0.27781338543821776,1.05
box(2),0.6384242140514014,0.22303510042118124,1.05
box(1),0.6303662457023389,-0.4551029112116637,1.05
box(0),0.3462002629624565,0.3942303601143837,1.05
box(9),0.3224467981700796,0.09431861682532172,1.05
box(8),0.48507995386444547,0.08282884680742675,1.05
box(7),0.49399239884739043,-0.13422649755136862,1.05
box(6),0.5044592540317618,0.4428275785250265,1.05
box(5),0.4235497167739057,0.2296681204395814,1.05
box(4),0.46485873540344136,-0.30792337963257066,1.05
box(3),0.31435497628446296,-0.43923270777387746,1.05
box(2),0.3039128665088019,-0.08422209633915745,1.05
box(1),0.5650056819738754,0.2875114443513317,1.05
box(0),0.5997409927200239,-0.48035881649804757,1.05
box(9),0.6470388223254138,-0.06503587331247329,1.05
box(8),0.3220809662976197,-0.25650963125439674,1.05
box(7),0.47395762980413325,0.03306290222460917,1.05
box(6),0.5203557957270897,-0.15920987148106625,1.05
box(5),0.6280900121121265,0.4418325470067791,1.05
box(4),0.30396449751091853,0.45490804392652207,1.05
box(3),0.399944284045231,0.3175168007423479,1.05
box(2),0.4752662019757923,-0.3735269526518723,1.05
box(1),0.32126331826499505,0.09488336942357511,1.05
box(0),0.5050476898699593,0.20220647277932768,1.05
box(9),0.3410971462349215,-0.07226136964880081,1.05
box(8),0.6334560704961402,-0.29384355957173525,1.05
box(7),0.34797484956482305,-0.4741923308551236,1.05
box(6),0.6456351103490743,0.09796675378421615,1.05
box(5),0.5845824980035208,-0.1356293243372232,1.05
box(4),0.6485639622122362,0.45257745143139594,1.05
box(3),0.41572544926348787,-0.22518450059023543,1.05
box(2),0.37692513973793873,0.3642395832689964,1.05
box(1),0.6381269031395016,0.2806659090226702,1.05
box(0),0.6190300235118771,-0.44580076623144227,1.05
box(9),0.33794241974258477,0.21004881752918436,1.05
box(8),0.3912753055316975,0.034089401831738475,1.05
box(7),0.30840259559201944,-0.1055297334312233,1.05
box(6),0.32583389837858834,-0.3879903605090671,1.05
box(5),0.5583642066731054,0.14494252526129459,1.05
box(4),0.5081792846631913,-0.06503547406343291,1.05
box(3),0.6074988315787585,-0.25264856779004063,1.05
box(2),0.4415297983902724,-0.277755282009462,1.05
box(1),0.5361285363936013,0.42335527448315347,1.05
box(0),0.637073634695456,0.3056897235960455,1.05
box(9),0.5268009689154273,-0.4137395609259853,1.05
box(8),0.32054012434724494,0.4843570573191852,1.05
box(7),0.34082168422968717,0.14222901763383422,1.05
box(6),0.32061729878176154,-0.011399254749224652,1.05
box(5),0.30955974422173066,-0.1715552403779349,1.05
box(4),0.5760420065196635,0.14161925194790848,1.05
box(3),0.5422048799061321,-0.07463957304503432,1.05
box(2),0.6325838547322895,-0.20991245333385544,1.05
box(1),0.3017495615387719,-0.4274158748659428,1.05
box(0),0.5104037793221885,0.42235594188383874,1.05
box(9),0.45451744711947184,-0.23550629195366135,1.05
box(8),0.5339739597607714,-0.3978588157183408,1.05
box(7),0.6489080176865858,0.35357319407933185,1.05
box(6),0.3416812635068986,0.3782284405546512,1.05
box(5),0.3806556459043863,0.16099070769513057,1.05
box(4),0.347054250912115,-0.11709440816409644,1.05
box(3),0.5648993164817728,0.2069185156321276,1.05
box(2),0.6398649544056119,-0.02950819562564866,1.05
box(1),0.6476890832564017,-0.2913355594832734,1.05
box(0),0.44994216701208833,0.00881352901962773,1.05
box(9),0.3191813552492298,-0.4920648717233632,1.05
box(8),0.5333586542169861,-0.18665421228791423,1.05
box(7),0.4566100837339929,-0.3814253395868078,1.05
box(6),0.6316905187653854,-0.4943212352269679,1.05
box(5),0.34670668663840853,0.3636921587023211,1.05
box(4),0.31106176012874803,-0.3244004298617058,1.05
box(3),0.3087292302075883,-0.16044016004388606,1.05
box(2),0.471198917197874,0.16369803041927866,1.05
box(1),0.6410488561377232,0.4592652387835684,1.05
box(0),0.5256207976834083,0.30366168471933463,1.05
box(9),0.4653349797604296,-0.03993727468018038,1.05
box(8),0.3046966168572697,0.12225760279703646,1.05
box(7),0.5971786871976266,0.06498071561598284,1.05
box(6),0.5174668673536116,-0.38991895396999643,1.05
box(5),0.33671615360031515,-0.4781320856960064,1.05
box(4),0.323998838424417,0.40416091127338283,1.05
box(3),0.45906322167779817,0.4817972302823269,1.05
box(2),0.6162034231066247,-0.2745226355546875,1.05
box(1),0.32452334390330606,-0.17841093866538682,1.05
box(0),0.6055127855620963,-0.11981238747291179,1.05
box(9),0.48912481484497383,0.22689657564593724,1.05
box(8),0.5852647434466398,0.3441995870374994,1.05
box(7),0.3848660549697354,-0.31721516631570734,1.05
box(6),0.3303987143588066,0.006774424518632305,1.05
box(5),0.4855479844471699,0.02159060067634,1.05
box(4),0.45517381345027497,-0.481903609662114,1.05
box(3),0.6326256089269817,0.09044791229232307,1.05
box(2),0.4152557375297962,0.37368357501628,1.05
box(1),0.5732381297278739,0.495070054285093,1.05
box(0),0.6131066907836,-0.37259359503334355,1.05
box(9),0.3073681979862743,-0.1424639569963262,1.05
box(8),0.6265083487176291,-0.129236787665436,1.05
box(7),0.395467955151153,0.21569162233007988,1.05
box(6),0.4743142579938108,-0.3023175573864666,1.05
box(5),0.6463134768841393,0.24678703225793153,1.05
box(4),0.3926541452292026,-0.01663922920946881,1.05
box(3),0.34475570573653813,-0.39750596897761037,1.05
box(2),0.5512711830314223,0.07637752672301978,1.05
box(1),0.31531506828576356,0.48019586334840003,1.05
box(0),0.5233527819784688,0.3964319894271451,1.05
box(9),0.6321414641580763,-0.3186340472647836,1.05
box(8),0.6235995188093446,-0.4986906164368067,1.05
box(7),0.5966137547769468,-0.0876977522325505,1.05
box(6),0.32610092534199747,0.28635172625291017,1.05
box(5),0.34420840717894574,-0.21293285360032232,1.05
box(4),0.49604646804370506,-0.23080591593223987,1.05
box(3),0.44847919100177047,0.18795174864815145,1.05
box(2),0.34022803519610423,0.07979676457024787,1.05
box(1),0.44265020409650085,-0.04605674553976935,1.05
box(0),0.43938505288502994,-0.4950775250165881,1.05
box(9),0.5472441284486376,0.31583815569934615,1.05
box(8),0.6343680673763274,0.09545953213703429,1.05
box(7),0.5866740531936612,-0.38621513805053675,1.05
box(6),0.3384608813387269,0.47651359228223067,1.05
box(5),0.6300231517914432,0.4882045833066486,1.05
box(4),0.3257248773807199,0.32611415272933464,1.05
box(3),0.618818952047014,-0.06407654661057938,1.05
box(2),0.3540590484183047,-0.23871002235949346,1.05
box(1),0.48706860089363463,0.1251020553852208,1.05
box(0),0.361541378706139,0.003665793217324409,1.05
box(9),0.39284914621903405,-0.4496316608598748,1.05
box(8),0.6110036934704606,0.3377120984682591,1.05
box(7),0.5268928327634435,-0.22199469888022638,1.05
box(6),0.5956616786821032,-0.3963156907449856,1.05
box(5),0.6418850864835057,0.08942391586275245,1.05
box(4),0.3678011095731655,0.4932781728403389,1.05
box(3),0.375575687451352,0.25973931004675677,1.05
box(2),0.5699745911805361,-0.054729525035252635,1.05
box(1),0.3117192580483863,-0.21860276230471531,1.05
box(0),0.6129439726948203,0.4962436523009831,1.05
box(9),0.3575178940514337,-0.04702233742339035,1.05
box(8),0.34766127755102605,-0.4086025821064101,1.05
box(7),0.5497764062117791,0.29230987850901613,1.05
box(6),0.46637546981394773,-0.2537832984710684,1.05
box(5),0.6418952293375868,-0.32325511097964643,1.05
box(4),0.5465367415025129,0.14110285769567343,1.05
box(3),0.43962218878929055,0.45308260962602975,1.05
box(2),0.405104115714497,0.2409777661573922,1.05
box(1),0.5448317862024531,-0.0923864221813786,1.05
box(0),0.49887996447139815,-0.46343286024011643,1.05
box(9),0.33615265702431707,0.10771954957302576,1.05
box(8),0.5999209411865065,0.4623009262073542,1.05
box(7),0.313990214382671,-0.09146358010312983,1.05
box(6),0.34030413048024627,-0.4573313754514756,1.05
box(5),0.4213667935776073,-0.2170514102529435,1.05
box(4),0.564714551710247,0.3158313629324585,1.05
box(3),0.6041776680398254,0.13522491899341516,1.05
box(2),0.630448680324095,-0.23280397288197618,1.05
box(1),0.341911516076138,0.31091227247843034,1.05
box(0),0.34900661771769814,0.4811343044456893,1.05
box(9),0.5048742757213494,-0.38341201238471556,1.05
box(8),0.6154137490095035,-0.04073697933189935,1.05
box(7),0.4492296812527964,0.0025406029980198364,1.05
box(6),0.5104584058498667,0.4686224843536487,1.05
box(5),0.3386379080783427,-0.3450587602710202,1.05
box(4),0.39312055531488993,-0.1530595764821101,1.05
box(3),0.6428349064748042,-0.48060831412948746,1.05
box(2),0.5984909198891109,0.2636856150386583,1.05
box(1),0.34804021087882825,0.1488530323982914,1.05
box(0),0.5745680205099393,0.1037448492114208,1.05
box(9),0.6086634507813387,-0.25783366849643774,1.05
box(8),0.3562187289738686,0.4711173800696279,1.05
box(7),0.409837342148167,-0.48180129820399475,1.05
box(6),0.5436459107297551,-0.06604743131285473,1.05
box(5),0.511729373070008,0.490539899216341,1.05
box(4),0.4241091117952577,-0.30947445129666573,1.05
box(3),0.3386008150601045,-0.1282063454865614,1.05
box(2),0.611594001613331,-0.4489381067335233,1.05
box(1),0.607554996188053,0.34862188186989596,1.05
box(0),0.3088559237495093,0.32059642110647035,1.05
box(9),0.37289921761879535,0.1429253308574714,1.05
box(8),0.5881341578789956,0.09530177939976237,1.05
box(7),0.45640801624601457,0.27854626339727306,1.05
box(6),0.31047277341319524,-0.4415029964411573,1.05
box(5),0.32007324021082767,0.47119353697136823,1.05
box(4),0.4982162106818352,-0.0834403033707729,1.05
box(3),0.490604938293862,0.48572260338100137,1.05
box(2),0.4748968606296643,-0.35461819296174946,1.05
box(1),0.6197109349856778,-0.4305836465194882,1.05
box(0),0.5908838610938811,-0.24577555637147075,1.05
box(9),0.32439748632693954,-0.27534539456977003,1.05
box(8),0.3037787593747684,0.270843564946351,1.05
box(7),0.36290874656437083,0.1101650954843153,1.05
box(6),0.5306519200235651,0.26344103195426816,1.05
box(5),0.6279040941283853,0.05883033302288243,1.05
box(4),0.33691401521053277,0.4209654541359198,1.05
box(3),0.30322155409886176,-0.11853134105004326,1.05
box(2),0.473420905399035,-0.13437390285182693,1.05
box(1),0.5978647001702968,0.42037343567794117,1.05
box(0),0.6361547525003176,-0.0966334894920089,1.05
box(9),0.4562911201260127,-0.43612374088352734,1.05
box(8),0.5382708171327507,-0.29456607482298525,1.05
box(7),0.6479846596471917,-0.4801679121447693,1.05
box(6),0.365348096666536,0.27027087428539665,1.05
box(5),0.6258603130135124,0.2383318913313146,1.05
box(4),0.5923798265632858,0.05544700190585938,1.05
box(3),0.374867814102217,0.02844157352342358,1.05
box(2),0.3331986088050294,0.4225896365261974,1.05
box(1),0.3060556962284794,-0.22248628653771108,1.05
box(0),0.49161864935804866,0.3768380740279764,1.05
box(9),0.5597215069175943,-0.11443185739999906,1.05
box(8),0.6438264214748037,0.41785211038461256,1.05
box(7),0.49422026373097666,-0.4978134557222974,1.05
box(6),0.32794328924242167,-0.48343487779523286,1.05
box(5),0.5966115195485017,-0.2920712336683501,1.05
box(4),0.38903095413856253,0.22174326850779558,1.05
box(3),0.5828181805930159,0.16835031898523112,1.05
box(2),0.3711471577650853,-0.05627942539599795,1.05
box(1),0.3454785841923179,0.4397979525207697,1.05
box(0),0.3664062681270922,-0.3131522557672617,1.05
box(9),0.6475955368645858,-0.4539770754798903,1.05
box(8),0.5448389263197633,-0.01941645177680773,1.05
box(7),0.5672020198285361,0.42271104216247124,1.05
box(6),0.481657941042821,-0.42992358016296706,1.05
box(5),0.4802243679871583,-0.1786187268186772,1.05
box(4),0.6052553612496026,-0.3094977883548907,1.05
box(3),0.4192837078418612,0.1628966559463022,1.05
box(2),0.6294125894534512,0.1844440299547344,1.05
box(1),0.3010032913442725,-0.4894755527087469,1.05
box(0),0.3654016856670683,0.38748892283728065,1.05
box(9),0.32847022388022307,-0.2088124898457201,1.05
box(8),0.3035346330857515,0.05827844762095857,1.05
box(7),0.6264048717479747,-0.10980409618610398,1.05
box(6),0.549925260835604,0.04195174668623669,1.05
box(5),0.4552827056937777,-0.45236245662834484,1.05
box(4),0.5318265898338966,0.3634388543084772,1.05
box(3),0.43048262498042106,-0.09747406147883864,1.05
box(2),0.39146158939254827,0.19343336142290435,1.05
box(1),0.5731545229768482,-0.3454267501907943,1.05
box(0),0.6307040584236487,0.21768499313547351,1.05
box(9),0.34812266187525726,0.39106562092736263,1.05
box(8),0.30137077559489533,-0.4316610988922768,1.05
box(7),0.43000058637450933,-0.29290283133537065,1.05
box(6),0.30638622107552865,0.00023346823092496027,1.05
box(5),0.5830510533740485,-0.13916809911725136,1.05
box(4),0.5996662414093986,-0.494662787953147,1.05
box(3),0.6076340057234436,0.04272674351884953,1.05
box(2),0.6009501771445235,0.4121192236758511,1.05
box(1),0.45123900765621855,-0.05331476531474377,1.05
box(0),0.36639951610841326,0.23280829351546128,1.05
box(9),0.5758756800060758,0.2256142872343877,1.05
box(8),0.30561447763719296,0.3902640358765007,1.05
box(7),0.3335238946461738,-0.49098735163938,1.05
box(6),0.4983760856899081,-0.2669476185333497,1.05
box(5),0.4505969317077322,0.46141568841361225,1.05
box(4),0.31697780742383896,-0.296156589625748,1.05
box(3),0.6185373643442442,-0.38233774703041645,1.05
box(2),0.6469670419473459,-0.21813806991679296,1.05
box(1),0.30256921225603134,0.03303837575028401,1.05
box(0),0.5467913889127991,-0.0782668685922443,1.05
box(9),0.4529342786977544,0.06810286011389055,1.05
box(8),0.630367008995919,0.06481449193890298,1.05
box(7),0.36434902730251834,-0.14739638336923955,1.05
box(6),0.41268561601131104,0.2511361471053566,1.05
box(5),0.5644249215263094,0.35937233876911634,1.05
box(4),0.4679442858533919,-0.2861150524606838,1.05
box(3),0.36985320764336277,0.4060946325286042,1.05
box(2),0.32914479310925804,-0.4774062708147315,1.05
box(1),0.6216191288944636,-0.373652635410468,1.05
box(0),0.3160047768940263,-0.3118927369122233,1.05
box(9),0.6377236088721592,-0.19589362002201638,1.05
box(8),0.47923585094351223,0.07418161079172625,1.05
box(7),0.48445732312801704,-0.47930422191104627,1.05
box(6),0.361339034738119,-0.16715595806661843,1.05
box(5),0.30805508782931434,0.12228366021822179,1.05
box(4),0.5832710185615806,0.3161593836912874,1.05
box(3),0.5425813098124675,0.47754330087116215,1.05
box(2),0.6323448831383197,0.1717512709395409,1.05
box(1),0.3747338436872934,0.36294354722424704,1.05
box(0),0.6385349391711628,-0.006106031084659902,1.05
box(9),0.3942838014694963,-0.330930028141707,1.05
box(8),0.5979015801278996,-0.27634094318824787,1.05
box(7),0.4613025027026111,0.10358983626476936,1.05
box(6),0.5609190636790686,-0.4526490250820646,1.05
box(5),0.3199513189517688,-0.4963570677675555,1.05
box(4),0.31074137471712787,0.0060999674061580356,1.05
box(3),0.3160568658060314,0.19949488006351723,1.05
box(2),0.4895057752142416,-0.0786973150535516,1.05
box(1),0.3690349948529335,-0.17973531243968288,1.05
box(0),0.45518876262662805,0.3731257823267856,1.05
box(9),0.6247024062799094,0.07935527808531673,1.05
box(8),0.5992039546517217,0.4420317799224005,1.05
box(7),0.4807077024010773,-0.29210391649395284,1.05
box(6),0.4648661977033646,0.16064465179153198,1.05
box(5),0.6392200432062773,-0.16948300348170853,1.05
box(4),0.4933154379451806,-0.45029677626198306,1.05
box(3),0.32971155320012574,-0.01791044910937456,1.05
box(2),0.31004683526895804,0.27538175019718125,1.05
box(1),0.643765239465783,-0.38074531806339407,1.05
box(0),0.34918736303992093,-0.39015980848476184,1.05
box(9),0.3050898988318667,0.4528896592503844,1.05
box(8),0.5334708950419818,-0.04299884403873577,1.05
box(7),0.31258289698995423,-0.17771998144967205,1.05
box(6),0.5896770173323487,0.33582310667192894,1.05
box(5),0.4994774930045673,0.10338783045828692,1.05
box(4),0.5974885362694746,-0.18397359114058576,1.05
box(3),0.4612097932680875,0.46808063898814256,1.05
box(2),0.36662977177714784,-0.013339275384681382,1.05
box(1),0.39102327665058223,0.3191042756375315,1.05
box(0),0.6374170787682332,-0.46978121811006046,1.05
box(9),0.4890560721436604,-0.4275197538062181,1.05
box(8),0.34293994726365146,-0.32982779848629995,1.05
box(7),0.6111580608110103,0.4917561246000033,1.05
box(6),0.6377838656801083,-0.02724860670175111,1.05
box(5),0.6124228114550625,0.27701980309656105,1.05
box(4),0.4942873364539711,0.18187708780005074,1.05
box(3),0.4684933154554848,-0.14005783813580386,1.05
box(2),0.6254794731915843,-0.21830494451318816,1.05
box(1),0.3341252387011757,0.10518074971721048,1.05
box(0),0.3050622021330152,0.39665439485418186,1.05
box(9),0.3209358790061535,-0.4916927790488186,1.05
box(8),0.5800564140179123,-0.3915584677434074,1.05
box(7),0.3162580235890281,-0.05809176476954836,1.05
box(6),0.43446992686471136,-0.34940577054328537,1.05
box(5),0.5766738026186784,0.02797076297095169,1.05
box(4),0.4744132427096136,0.4589911469415645,1.05
box(3),0.6335237735595788,0.28357580470529986,1.05
box(2),0.32696714363010193,-0.23929134135486785,1.05
box(1),0.5093560534057087,-0.1450894845964671,1.05
box(0),0.31492382370731453,0.19917854618056718,1.05
box(9),0.3303975136142585,0.40506180908347844,1.05
box(8),0.308337955594558,-0.43121502165710524,1.05
box(7),0.5888251684453107,-0.4256633378112106,1.05
box(6),0.49161216390865314,0.2283599024465205,1.05
box(5),0.34664638803833275,0.04397218235909606,1.05
box(4),0.6322404253922986,0.0788802208263839,1.05
box(3),0.6179503854071124,0.4387733707100372,1.05
box(2),0.464616418781021,0.4945573068898711,1.05
box(1),0.3058447124542193,-0.1968328650698834,1.05
box(0),0.6290455189554475,-0.08577650805852866,1.05
box(9),0.4556407570599543,-0.17771921577706584,1.05
box(8),0.3592646614559669,0.37774590506958006,1.05
box(7),0.3395379693900351,-0.3982990286157264,1.05
box(6),0.6025239389490205,-0.24054725680713662,1.05
box(5),0.467057306158278,0.16226541535837613,1.05
box(4),0.49482825932095964,-0.018016670258900414,1.05
box(3),0.5001340823036808,-0.4853041728901111,1.05
box(2),0.6467665027461422,-0.39714258041955497,1.05
box(1),0.4909092485559322,0.4598518497627303,1.05
box(0),0.6455505961158206,0.4132113367257849,1.05
box(9),0.6317246005747135,0.05226385284380286,1.05
box(8),0.31196752206982314,0.10381119458151677,1.05
box(7),0.42179113715476396,-0.26770223239449464,1.05
box(6),0.33675637096160327,-0.07586684717620773,1.05
box(5),0.5837483479829881,-0.14081637551117465,1.05
box(4),0.4575837478727335,0.2892190877045623,1.05
box(3),0.3081601534473297,0.4305540787230837,1.05
box(2),0.4395659257836684,-0.4979239093909449,1.05
box(1),0.5821971446923615,-0.3112797871521772,1.05
box(0),0.48649067158186354,-0.019296731456810323,1.05
box(9),0.5250893397982951,0.4356585784005196,1.05
box(8),0.6465907984340102,0.3460843807875774,1.05
box(7),0.6097988131328129,0.08522662278517257,1.05
box(6),0.31880235269580226,0.20114255942626558,1.05
box(5),0.35752970863658623,-0.15127991106378258,1.05
box(4),0.6272026887358471,-0.10862695444921,1.05
box(3),0.5233736360974265,0.21493219091900007,1.05
box(2),0.3518786979887318,0.39337434737556287,1.05
box(1),0.6289231568880875,-0.46561356470602444,1.05
box(0),0.3068742854078083,-0.49409659126927774,1.05
box(9),0.4957342867357969,-0.35978105686672945,1.05
box(8),0.4204294092274077,0.06822080622287052,1.05
box(7),0.35001975361227133,-0.3231101719617905,1.05
box(6),0.48194290383152233,0.49106026951508885,1.05
box(5),0.3209179902984023,0.19087144309292414,1.05
box(4),0.391936678573685,-0.15604432212794295,1.05
box(3),0.6252947699572481,0.3603080955005318,1.05
box(2),0.5311377080206252,0.19778459245154822,1.05
box(1),0.5453160953160072,-0.11897284723238766,1.05
box(0),0.6236524813946331,-0.2804553718953312,1.05
box(9),0.5986421273334998,-0.478218979437365,1.05
box(8),0.3248676301925465,0.3953393346976768,1.05
box(7),0.4120458529845994,0.008083939562074205,1.05
box(6),0.41507336657719224,-0.47790545162114517,1.05
box(5),0.4787352948875058,-0.32505086429046404,1.05
box(4),0.33192519388945074,0.14843397741064202,1.05
box(3),0.3050001641482254,-0.22477050325799608,1.05
box(2),0.532902859002985,0.4094701256924739,1.05
box(1),0.5708394036794862,0.16654995322510258,1.05
box(0),0.6161644188147359,-0.10361006852409371,1.05
box(9),0.6144844873272388,-0.25969084438170253,1.05
box(8),0.6240345510215983,-0.45486870261552537,1.05
box(7),0.3249747228572442,0.306206708785533,1.05
box(6),0.45578460262706455,0.047679687082477606,1.05
box(5),0.4472394808128871,-0.16985463951686874,1.05
box(4),0.37394929152951384,0.4570809592446481,1.05
box(3),0.33962623440233924,-0.4868065847062827,1.05
box(2),0.30481832037387024,-0.24041601982119665,1.05
box(1),0.47606261798021754,0.2961105983982535,1.05
box(0),0.5747843511183227,0.1427224124677724,1.05
box(9),0.554720156526096,0.42585355763919297,1.05
box(8),0.4832150790048919,-0.32614792793887426,1.05
box(7),0.6377481383936511,-0.3076675652452717,1.05
box(6),0.3199462818194775,0.22818711064113184,1.05
box(5),0.44501967978713486,-0.012473963364522112,1.05
box(4),0.55501395054968,-0.4730310599615244,1.05
box(3),0.4123192693596059,0.47889738696770545,1.05
box(2),0.3072198378549984,-0.4203934222181499,1.05
box(1),0.6137855764122468,-0.12927108249599628,1.05
box(0),0.3212606389203024,-0.20560847393309034,1.05
box(9),0.6188939073355992,0.23065500537139516,1.05
box(8),0.6122625187559663,0.43735913220534894,1.05
box(7),0.6369925859314043,0.03878966330595279,1.05
box(6),0.6311216173202925,-0.27928408637937674,1.05
box(5),0.46646734393091227,-0.2464294114954535,1.05
box(4),0.4550960221156709,0.15883335729509818,1.05
box(3),0.45506923773540786,-0.0711795317385685,1.05
box(2),0.3095886613462801,0.2616397401244789,1.05
box(1),0.5731309746510512,-0.4406529928322783,1.05
box(0),0.3465061474444548,0.443407070986242,1.05
box(9),0.316965621808822,-0.3959353071145293,1.05
box(8),0.4975437353202405,0.3163497405007183,1.05
box(7),0.6351529877011725,0.2188236397292348,1.05
box(6),0.6209111536673528,-0.022315146869664848,1.05
box(5),0.6365111575528501,-0.20789947224792749,1.05
box(4),0.46092691819903253,-0.2304897950057636,1.05
box(3),0.31113561582821847,0.0275630922121769,1.05
box(2),0.5966257825079018,0.4461573672908129,1.05
box(1),0.3947150786117211,0.17327433405248938,1.05
box(0),0.4612509631211894,-0.07956462590243263,1.05
box(9),0.48941498011168716,-0.46841654335665284,1.05
box(8),0.32425482287730434,-0.4997238647522365,1.05
box(7),0.3561060078041849,0.36964509452031025,1.05
box(6),0.30101674255145544,-0.13419251733524795,1.05
box(5),0.6152849008219086,-0.05241030146614245,1.05
box(4),0.3555063635068411,-0.3519166224806538,1.05
box(3),0.6477051636324529,-0.3122954216848005,1.05
box(2),0.6078559906995771,0.15514332131674435,1.05
box(1),0.5655264757165821,0.4903092516480113,1.05
box(0),0.34692076766972135,0.1243039473457771,1.05
box(9),0.4314127319906857,-0.043892358639465834,1.05
box(8),0.6430488403251304,0.3461150913494566,1.05
box(7),0.4930979644834539,-0.19639136836544901,1.05
box(6),0.5775731191981084,-0.49709586437416486,1.05
box(5),0.3625401290302588,0.3487231111680361,1.05
box(4),0.643115464156806,-0.04927077049627149,1.05
box(3),0.37531294119529834,-0.4364936579473525,1.05
box(2),0.31423833813891777,-0.1551475517027313,1.05
box(1),0.6044851445708382,-0.3306705750445881,1.05
box(0),0.5030182743254514,0.26869971054067565,1.05
box(9),0.5011603103987293,0.48129710080838795,1.05
box(8),0.4142792115861833,-0.030079883702101462,1.05
box(7),0.5604035790798066,0.09300498679920755,1.05
box(6),0.4694790499765621,-0.25107185799753895,1.05
box(5),0.3306892231523384,0.10237761558203085,1.05
box(4),0.3478702174008536,0.4761145649979226,1.05
box(3),0.6360300075964729,-0.15870884665194207,1.05
box(2),0.3501161976280778,-0.4442272808495348,1.05
box(1),0.6284985080461516,0.37494463375669584,1.05
box(0),0.605252140226825,-0.34251163707867127,1.05
box(9),0.5128159189804671,0.2625626681938048,1.05
box(8),0.5146320211208384,-0.48891752116257936,1.05
box(7),0.41042653430045833,-0.046734352121667766,1.05
box(6),0.568418234846344,0.08620425115171959,1.05
box(5),0.4189990114115899,-0.2852012739718566,1.05
box(4),0.3160254068138932,0.28562123763106007,1.05
box(3),0.40291632546291273,0.1322200576841429,1.05
box(2),0.36916254961534317,0.47526116460833645,1.05
box(1),0.5848946198195408,-0.14913276987413182,1.05
box(0),0.36376244317268835,-0.45617008667312664,1.05
box(9),0.5619133987586364,0.40651465944039333,1.05
box(8),0.571625790413437,0.23769110104766367,1.05
box(7),0.5116679002507143,-0.4966349779637925,1.05
box(6),0.5749038403615097,-0.31966117993945753,1.05
box(5),0.3052354296132545,-0.1861656078844266,1.05
box(4),0.37371394813115927,-0.02617376457088838,1.05
box(3),0.3349995782021952,0.31253233994621643,1.05
box(2),0.5828744014009455,0.0012971013023206357,1.05
box(1),0.3801076264672714,0.14909350151903578,1.05
box(0),0.47746884581365867,-0.17129227549998438,1.05
box(9),0.42044728038214196,-0.3349580603969746,1.05
box(8),0.42784008917024396,0.4704109650576457,1.05
box(7),0.5372599186785539,0.2642996079259313,1.05
box(6),0.3277444121959834,-0.47729844233764984,1.05
box(5),0.6230539409339986,-0.3788360921332744,1.05
box(4),0.3000497635991061,-0.23132707719575107,1.05
box(3),0.5906389088800481,0.41171457641463094,1.05
box(2),0.3099589194016959,0.31227503792847655,1.05
box(1),0.5776908149607893,0.024276823135813252,1.05
box(0),0.34237103811741165,-0.05986284696230204,1.05
box(9),0.4253970049933634,0.1412902720007576,1.05
box(8),0.6444038829459815,-0.20958339512383062,1.05
box(7),0.4625111552855054,-0.2921169478260326,1.05
box(6),0.510122130410724,-0.1238703077032488,1.05
box(5),0.3940094218479808,0.46731899072544747,1.05
box(4),0.6490375641745794,-0.47160540370780435,1.05
box(3),0.3118753974328916,-0.4487204414305742,1.05
box(2),0.5714924189672672,0.48472107003532694,1.05
box(1),0.5208267740914303,0.33197024745748294,1.05
box(0),0.4740710758479987,-0.48030810780640987,1.05
box(9),0.36190313893712067,-0.038339040615203546,1.05
box(8),0.3789215239973744,0.28049191843316656,1.05
box(7),0.5767905420993173,0.11885906396844259,1.05
box(6),0.38809174027743987,-0.27012410206497217,1.05
box(5),0.6164264350442505,-0.12811635639242558,1.05
box(4),0.6027649229378783,-0.3175811769582507,1.05
box(3),0.33556861248558345,0.12275211474339043,1.05
box(2),0.3510005214219498,0.48553937560345517,1.05
box(1),0.3131283249487295,-0.4023303166208686,1.05
box(0),0.5941549195918934,0.2938214411288781,1.05
box(9),0.5902978630800698,-0.4975613189197494,1.05
box(8),0.39774877879730874,-0.09752431370381764,1.05
box(7),0.424335577699635,0.3078583530818192,1.05
box(6),0.5400138408006352,0.4580826190127404,1.05
box(5),0.5495324401273438,0.12874584873789152,1.05
box(4),0.5443504010555213,-0.037373020241490695,1.05
box(3),0.48177621212584476,-0.2592069830091053,1.05
box(2),0.344048994258882,0.17113992690361046,1.05
box(1),0.37367206684425036,0.4549794989537208,1.05
box(0),0.42075248498649254,-0.40542223911761477,1.05
box(9),0.638535695378069,-0.20041411722334834,1.05
box(8),0.5989440849192094,-0.3792930490476477,1.05
box(7),0.6053908485194699,0.3076000232682541,1.05
box(6),0.3801721167038946,-0.11654770218902699,1.05
box(5),0.3047383874589192,0.3203244736610492,1.05
box(4),0.6319842280189572,0.4622187513398849,1.05
box(3),0.3308066305840824,-0.2797110442913766,1.05
box(2),0.6046469059782279,0.09822303941592603,1.05
box(1),0.37533239107313954,0.10618996737975905,1.05
box(0),0.36187215005470924,0.48311172531551827,1.05
box(9),0.4981967678685798,-0.4913760881879127,1.05
box(8),0.5074685478239972,-0.20367483332452097,1.05
box(7),0.6441698823015487,-0.43526665580700086,1.05
box(6),0.5204060528598229,0.3550912943815545,1.05
box(5),0.37614868683027974,-0.07752626515161043,1.05
box(4),0.638989814208268,-0.0935864876463216,1.05
box(3),0.624239074021566,0.46628083558198796,1.05
box(2),0.4114373439354323,-0.3451499039423277,1.05
box(1),0.587196954029584,0.1231685817174678,1.05
box(0),0.355139977022143,0.17549788337287675,1.05
box(9),0.34210528648913174,0.41136859170891027,1.05
box(8),0.3127622747574776,-0.4980445387936844,1.05
box(7),0.6171258237659449,-0.2656735015459344,1.05
box(6),0.581084939807125,-0.41380813273028416,1.05
box(5),0.49450682193975304,0.27001159234374106,1.05
box(4),0.3918758714856623,-0.02603515662535738,1.05
box(3),0.30771280959547953,-0.17538791140195542,1.05
box(2),0.5332840941961673,0.4762158910031713,1.05
box(1),0.5338176829563386,-0.11288094407104055,1.05
box(0),0.5614724684731913,0.04351310324756641,1.05
box(9),0.3807621418478119,0.16784313960911124,1.05
box(8),0.3527615659557282,0.4405828275669621,1.05
box(7),0.4648319379242155,-0.30599586487859876,1.05
box(6),0.3562194575541507,-0.43201233362302427,1.05
box(5),0.6222088282642053,-0.4562088968444695,1.05
box(4),0.4872926293857457,0.32686744936601586,1.05
box(3),0.6355253267349211,0.21473131020889447,1.05
box(2),0.6227755022753124,-0.28391722553464516,1.05
box(1),0.379615305939382,-0.08668678369308247,1.05
box(0),0.612525037764595,-0.1320592157161592,1.05
box(9),0.48396924300288624,0.026229435000710066,1.05
box(8),0.4175869890647256,0.19043111034786042,1.05
box(7),0.30966311895759835,0.06517117341758105,1.05
box(6),0.599932740206685,0.4509719253053328,1.05
box(5),0.3931730914501757,-0.37179298443040276,1.05
box(4),0.3267180388147587,0.4757377846968518,1.05
box(3),0.5967350564787476,-0.44906206497722434,1.05
box(2),0.6292445755247548,0.11379836615915373,1.05
box(1),0.496389877091439,0.33432999917870343,1.05
box(0),0.617332324477898,-0.30030242333971,1.05
box(9),0.306828568963803,-0.16198034895578206,1.05
box(8),0.5592855021035239,-0.11998499824622377,1.05
box(7),0.30027759214021127,0.28407147014227174,1.05
box(6),0.31904265387546843,0.02266311763872486,1.05
box(5),0.4757853129253251,0.08800885327942021,1.05
box(4),0.6376976501092697,0.3851946094252616,1.05
box(3),0.35130451900769977,-0.3812634260495863,1.05
box(2),0.5641770491617515,-0.4700003381232477,1.05
box(1),0.37283270321316997,0.49693717571295115,1.05
box(0),0.46965145862410007,0.2673551391976492,1.05
box(9),0.6193179881284752,-0.2682024267271639,1.05
box(8),0.3159727465983175,-0.22599813811898317,1.05
box(7),0.6247931770598041,0.03311081031700003,1.05
box(6),0.48163668159766104,-0.09173525352012313,1.05
box(5),0.3250033309161006,0.07035894409600818,1.05
box(4),0.6216865840131574,0.20699543709302082,1.05
box(3),0.3035593344605051,0.2551983299180337,1.05
box(2),0.5420833583861673,0.49685084522770007,1.05
box(1),0.6483186583837,-0.4621263276386435,1.05
box(0),0.39033313799331915,-0.4205247642967914,1.05
box(9),0.404088564316654,0.42127114501608354,1.05
box(8),0.5453325779713705,-0.30500365350011727,1.05
box(7),0.3811727800975021,-0.21178698099968318,1.05
box(6),0.6452128764827607,-0.15165581715331689,1.05
box(5),0.5012459250632838,0.06662272702308791,1.05
box(4),0.3414635905587588,0.10791219675168262,1.05
box(3),0.6023387586563553,0.3390320487326657,1.05
box(2),0.4793551261487007,0.235062260268998,1.05
box(1),0.6459095492197878,0.12980257074361645,1.05
box(0),0.397530105797648,-0.056544351160845996,1.05
box(9),0.4484232843389838,-0.47002898421686323,1.05
box(8),0.3016481481312292,0.3300633572927747,1.05
box(7),0.43980758999729685,0.4719799429016973,1.05
box(6),0.5334498568853265,-0.25862876574732474,1.05
box(5),0.5989506738835637,-0.1004779483737489,1.05
box(4),0.6428095096026469,-0.4603342735574748,1.05
box(3),0.34939245598004043,0.11453018970373274,1.05
box(2),0.6037047113687224,0.4728066692371209,1.05
box(1),0.48277971835186917,0.29799534011930906,1.05
box(0),0.5882337311763701,0.05701731326159731,1.05
box(9),0.37312717615082047,-0.052724966490371394,1.05
box(8),0.367591856181894,-0.2998360509109492,1.05
box(7),0.4857036831745388,-0.4613056830084594,1.05
box(6),0.3042141816706445,0.3487999100437237,1.05
box(5),0.43151539117872123,0.48040609232809894,1.05
box(4),0.5725137511601006,-0.25077249319564643,1.05
box(3),0.6384621425171773,-0.45276080997817325,1.05
box(2),0.4106164983330633,0.1394092303584903,1.05
box(1),0.612376731916455,0.4397098918496425,1.05
box(0),0.4574822563963612,0.3123663019652144,1.05
box(9),0.5198796236257244,-0.08675447079485221,1.05
box(8),0.32660617266141184,-0.06976930194827513,1.05
box(7),0.31268586767529033,-0.4359158170817753,1.05
box(6),0.4021632294747391,-0.302476144111097,1.05
box(5),0.6143879693332356,0.18989261618877684,1.05
box(4),0.4042857182677253,0.47232198139004333,1.05
box(3),0.6487598597821946,-0.18248099025418973,1.05
box(2),0.6355313029243747,-0.4661036286192467,1.05
box(1),0.3276790852836555,0.15980264890760865,1.05
box(0),0.4719748573334949,-0.4818390716625587,1.05
box(9),0.47408915337596724,0.3053019753456174,1.05
box(8),0.5135949758638392,-0.008922900165320824,1.05
box(7),0.372268308064117,-0.07737277390705977,1.05
box(6),0.32253369840821766,-0.43620986237748516,1.05
box(5),0.6235770395467767,0.42366932316252004,1.05
box(4),0.44809841033979236,-0.30341023646575993,1.05
box(3),0.6324117238133873,0.10188123785606129,1.05
box(2),0.533105055656715,-0.17794674809413236,1.05
box(1),0.4302279604195474,0.4795269741629268,1.05
box(0),0.3041216253753498,0.36014575582428177,1.05
box(9),0.6292948154428839,-0.4164726181971342,1.05
box(8),0.584418895654055,0.25112841979625755,1.05
box(7),0.3773349420682367,0.09775473018390801,1.05
box(6),0.3665219298379094,-0.06089672580390304,1.05
box(5),0.46330915218200397,-0.47751356819458224,1.05
box(4),0.3177169590127765,-0.3900467306019103,1.05
box(3),0.3811396894424894,-0.2254923083671725,1.05
box(2),0.5492542707172824,0.049844882977131744,1.05
box(1),0.6112809614875785,-0.1783286260831154,1.05
box(0),0.5595261811224017,0.4762686855105084,1.05
box(9),0.4604810416542257,0.35830489507944896,1.05
box(8),0.6201474125098951,-0.4344450993435687,1.05
box(7),0.628783596980292,0.19019692956303558,1.05
box(6),0.46793334096600825,0.1919996715462532,1.05
box(5),0.3610829417853533,-0.03987617684177491,1.05
box(4),0.5163216153208767,-0.30369521855135084,1.05
box(3),0.31878718656006383,-0.39594475292248554,1.05
box(2),0.3384632956485994,-0.24279092860202467,1.05
box(1),0.3459560498125087,0.4885590727983754,1.05
box(0),0.5877077983718352,0.03848513046897861,1.05
box(9),0.3218684925444143,0.13728115816454256,1.05
box(8),0.642159992887142,0.4939278403854691,1.05
box(7),0.6030650742807293,-0.49746573950407547,1.05
box(6),0.6442250524696197,0.31807670857458004,1.05
box(5),0.49518979889094306,0.21188661638200723,1.05
box(4),0.6100593644041982,-0.18323850977869205,1.05
box(3),0.4943935986296246,-0.3598883731450654,1.05
box(2),0.36850113606197454,0.3365272800768071,1.05
box(1),0.3747802828609095,-0.21907301080031716,1.05
box(0),0.32054695969477337,-0.38642679743261443,1.05
box(9),0.6373196995342252,0.11375286716263167,1.05
box(8),0.3100437742407182,0.4806595100887213,1.05
box(7),0.49265979498543655,0.4679259556881853,1.05
box(6),0.48796210639470666,-0.01590374097291869,1.05
box(5),0.6138553079570084,-0.4869777657758141,1.05
box(4),0.3302463104953571,0.10486530999043608,1.05
box(3),0.6182669273383627,-0.23363902491385058,1.05
box(2),0.5149367340141143,0.3033536666244886,1.05
box(1),0.48855467589203283,-0.3650225761401028,1.05
box(0),0.39033279262120857,-0.2202498172486992,1.05
box(9),0.34147054270882216,-0.46753900439411555,1.05
box(8),0.6028610226802861,0.1812749669152358,1.05
box(7),0.6455852346577615,0.01732123223340787,1.05
box(6),0.3644413432007927,0.4632433750577386,1.05
box(5),0.30073293061199613,-0.07920450681134006,1.05
box(4),0.4843727561383617,-0.017958815610175538,1.05
box(3),0.3589898771263561,0.2837616364752208,1.05
box(2),0.6267235386846782,0.4692153316389057,1.05
box(1),0.38894710901103735,0.10729984151996641,1.05
box(0),0.6065421758900766,-0.46966338733974,1.05
box(9),0.3521978811958554,-0.265260883352438,1.05
box(8),0.5952971610988202,-0.17527384254339629,1.05
box(7),0.33725856193843606,-0.41877609596377596,1.05
box(6),0.5807336103019308,0.11489035888493704,1.05
box(5),0.3636653970308948,0.4437272760258283,1.05
box(4),0.5037650681268944,0.33113350871284597,1.05
box(3),0.33465867659633997,-0.04350855347807747,1.05
box(2),0.5296576953542841,-0.03801552282057896,1.05
box(1),0.6209826367367363,0.4783616556378383,1.05
box(0),0.49687519413968584,-0.32089661192108354,1.05
box(9),0.3894847413065813,0.11395934034857158,1.05
box(8),0.3040617132907707,-0.19827647981365693,1.05
box(7),0.5894817180091629,-0.47389613846915024,1.05
box(6),0.335874167213675,-0.48661848199479907,1.05
box(5),0.6243768219301571,0.12500158166811026,1.05
box(4),0.33408669763979154,0.45845050104331897,1.05
box(3),0.5482084238461913,0.3367000299899764,1.05
box(2),0.3797495208066417,0.3067209514054129,1.05
box(1),0.4770924668570189,-0.15408539642700525,1.05
box(0),0.6106185159705426,-0.038471327178407955,1.05
box(9),0.5742739417212608,0.4887970752812948,1.05
box(8),0.363970288791477,0.09367267996875217,1.05
box(7),0.3028539452569189,-0.2635303911427679,1.05
box(6),0.565933663830832,-0.4691476072122742,1.05
box(5),0.3413612519723311,-0.48944368922861103,1.05
box(4),0.34311466490933107,-0.07330061838489421,1.05
box(3),0.5213189380967191,0.08472693240360496,1.05
box(2),0.45405305721091116,-0.34981102153174937,1.05
box(1),0.3980194922393465,0.3503389774480865,1.05
box(0),0.6490946577008698,0.20234261959173017,1.05
box(9),0.5468612723855244,-0.07042528549816007,1.05
box(8),0.556352374788208,0.47808126467530054,1.05
box(7),0.6461846734289887,-0.248154863493957,1.05
box(6),0.37008916954282395,0.19314434964476979,1.05
box(5),0.5518180882335152,-0.491547887033035,1.05
box(4),0.3803932779122656,-0.4942602104579077,1.05
box(3),0.3433299733124153,-0.06525184640398085,1.05
box(2),0.34236872147115827,-0.23518081398140933,1.05
box(1),0.5000419389483314,-0.30228589622314783,1.05
box(0),0.4292845951999176,0.38217402017738555,1.05
box(9),0.564030897019443,0.09984448937489898,1.05
box(8),0.5981751266650718,-0.06059321795862649,1.05
box(7),0.6475242820293273,0.26777355134564884,1.05
box(6),0.6011965007285077,0.46882960322070766,1.05
box(5),0.4053011129682903,0.1351885407776784,1.05
box(4),0.6268159524152013,-0.4752931028909769,1.05
box(3),0.3309546255310101,-0.3860690335230975,1.05
box(2),0.4697743869874586,-0.4779970105892404,1.05
box(1),0.4417864212768141,-0.1221893529026834,1.05
box(0),0.3024396907643923,0.478285176166388,1.05
box(9),0.5027537752362238,-0.31267252567741033,1.05
box(8),0.6305728337638736,0.10883847226481247,1.05
box(7),0.3939747627106669,0.347586611979555,1.05
box(6),0.3068722832987702,-0.012129800076770225,1.05
box(5),0.6372804350010014,0.3139581905266975,1.05
box(4),0.4089545712854283,0.12512206805212456,1.05
box(3),0.5440999039089687,0.4863157867802602,1.05
box(2),0.34966539708124433,-0.37933040377897553,1.05
box(1),0.6284034151956943,-0.3955332402936359,1.05
box(0),0.30728076061631626,-0.20817195066158878,1.05
box(9),0.5156184379154666,-0.011516624426411326,1.05
box(8),0.6194914736059867,-0.15370513544423947,1.05
box(7),0.5645058940470682,0.15170678564473106,1.05
box(6),0.3400699872724998,0.2814708282486801,1.05
box(5),0.47173181495638505,-0.18378898887045525,1.05
box(4),0.3184143921212602,0.4903607912678142,1.05
box(3),0.6448512053579358,0.30246962654574794,1.05
box(2),0.4850856174089564,0.4104374421200958,1.05
box(1),0.46487511959900896,-0.4188567615978037,1.05
box(0),0.3543627095210255,0.030628954779872486,1.05
box(9),0.648244024716643,0.4560276470056789,1.05
box(8),0.3157063854617815,-0.14570707323288434,1.05
box(7),0.6125582568427902,-0.26433904424022625,1.05
box(6),0.5038598185253239,0.15009435557839568,1.05
box(5),0.6180713247738232,-0.038801661862628345,1.05
box(4),0.3069752177712993,0.3107656982182695,1.05
box(3),0.4719856732998777,-0.150384007998713,1.05
box(2),0.35011540464937974,0.47882184715731513,1.05
box(1),0.30439729937294724,-0.4547500752094231,1.05
box(0),0.42630917719923145,-0.34941894018412445,1.05
box(9),0.30298655511647066,0.032213389053697083,1.05
box(8),0.5528106657632366,-0.4883629104438175,1.05
box(7),0.6464759778184584,0.2328552184521352,1.05
box(6),0.4714748850586805,0.3353417163245559,1.05
box(5),0.3146567946379271,-0.15231037957578408,1.05
box(4),0.6089041987050168,-0.06123173793224168,1.05
box(3),0.5425714447613071,0.10095760063578763,1.05
box(2),0.6131346921186562,-0.3428777946405639,1.05
box(1),0.32249728874026906,0.49139837561713007,1.05
box(0),0.44972478499449275,-0.075068523979818,1.05
box(9),0.34817425945703234,-0.3893256020885074,1.05
box(8),0.5441469137675168,-0.1973165390299665,1.05
box(7),0.40384151014904957,0.19060174159038312,1.05
box(6),0.5322358472907572,0.48014255223108515,1.05
box(5),0.3174037483480791,0.33678765242614705,1.05
box(4),0.5016326032834565,-0.46663032434701646,1.05
box(3),0.3669982511158363,-0.21622610943344667,1.05
box(2),0.5594667382917381,0.027622451304454176,1.05
box(1),0.639619660379302,0.33431978316727473,1.05
box(0),0.3322136085002682,0.4978159875464031,1.05
box(9),0.5648173513527275,0.17843355216787604,1.05
box(8),0.35594162539956015,0.019828339632823044,1.05
box(7),0.5551366756230347,-0.161861346225187,1.05
box(6),0.48748501765322994,0.31975468168349175,1.05
box(5),0.33114281265323864,-0.39974717342498434,1.05
box(4),0.510019244063648,0.47282245259875433,1.05
box(3),0.5987693339203001,-0.3726926219389153,1.05
box(2),0.4679735777656395,-0.4836764981299525,1.05
box(1),0.33604592279687634,0.2379560412907884,1.05
box(0),0.6487969487606491,0.346879181495825,1.05
box(9),0.4310652305789652,-0.2785711692217222,1.05
box(8),0.34398771688456253,0.45161169068761275,1.05
box(7),0.4066922701796212,-0.03720164844331486,1.05
box(6),0.3187920784575989,0.08648932013884914,1.05
box(5),0.6273768719189939,-0.1736120347475384,1.05
box(4),0.5623767414124323,0.13225719339766262,1.05
box(3),0.6379234880028843,-0.020992220130028105,1.05
box(2),0.4922623330087287,0.2738882286839318,1.05
box(1),0.38523393817999074,-0.46225230761540825,1.05
box(0),0.5962417149289578,-0.3947671106790567,1.05
box(9),0.6323192972245211,0.34544812563772065,1.05
box(8),0.4343821321782464,-0.3006268871725858,1.05
box(7),0.3323496630760314,-0.17806927840890308,1.05
box(6),0.3197678960718125,0.3407012397045164,1.05
box(5),0.4709305248560692,-0.013537874127522831,1.05
box(4),0.36537142530043765,0.09832107956400948,1.05
box(3),0.30493124784277525,0.4984031303754357,1.05
box(2),0.5803891305457062,0.12139934759548965,1.05
box(1),0.6200666641206907,-0.21656040072265814,1.05
box(0),0.48518934217301246,0.4644048494230577,1.05
box(9),0.6363933659094058,-0.030022293441369086,1.05
box(8),0.6476823536476235,-0.39271210278659097,1.05
box(7),0.44681392587061775,-0.29650182283108084,1.05
box(6),0.6413023321573406,0.4683299583371612,1.05
box(5),0.32720338394412396,-0.42810969582212777,1.05
box(4),0.4284537990770384,0.24417760430576352,1.05
box(3),0.3878153669502339,-0.13764449535303314,1.05
box(2),0.6222645227260211,0.3015679440482171,1.05
box(1),0.401079469056581,0.049684346421855485,1.05
box(0),0.34161082959336087,0.401070980641249,1.05
box(9),0.5725324779110432,-0.18061902587122547,1.05
box(8),0.6244707122722837,0.06889689275540412,1.05
box(7),0.6451525265168561,-0.379457868567907,1.05
box(6),0.5251983473429531,-0.4706914937177642,1.05
box(5),0.4518677911831268,-0.28743778635775075,1.05
box(4),0.32396275032712984,-0.45664321637085936,1.05
box(3),0.3272226172180505,0.21157783627619497,1.05
box(2),0.4940130440187743,0.38146351990119864,1.05
box(1),0.5604737198411338,0.2418707828093013,1.05
box(0),0.3749196406683232,-0.04258903197218811,1.05
box(9),0.3112257085487732,-0.19674668220385017,1.05
box(8),0.5641967013795643,-0.10275236682015865,1.05
box(7),0.34299928963145193,0.44677031980100923,1.05
box(6),0.6342261881525701,0.1078887826316508,1.05
box(5),0.5454239112829933,-0.4523275038673785,1.05
box(4),0.6322462984718511,0.471276360844043,1.05
box(3),0.589600252268069,-0.28573272580191267,1.05
box(2),0.32886207068532897,0.21644404217914792,1.05
box(1),0.40488765598253895,-0.326985031828259,1.05
box(0),0.5073498991984792,0.2427461675906477,1.05
box(9),0.31917229833039973,-0.47081194099673396,1.05
box(8),0.44265152625340265,0.10078571245715673,1.05
box(7),0.5013595285537367,-0.16365173870129612,1.05
box(6),0.4353652469775453,0.39124173340845647,1.05
box(5),0.3018528011014888,-0.017611372567793215,1.05
box(4),0.6133150161708911,0.007615415536035619,1.05
box(3),0.6246025048449633,-0.4748346641686434,1.05
box(2),0.5965109368225344,0.47518387583109756,1.05
box(1),0.321478818550238,0.1931236644594,1.05
box(0),0.4765210266076994,-0.3173057183919942,1.05
box(9),0.6052805251381828,0.266002201139489,1.05
box(8),0.4536246158482061,-0.4932072304044517,1.05
box(7),0.3060236650168878,-0.1997274021925104,1.05
box(6),0.442355703789419,-0.11106844942493177,1.05
box(5),0.6495130112433557,-0.18098416094290026,1.05
box(4),0.41779107454181336,0.4082445369030073,1.05
box(3),0.6300237105118962,0.032774346840901414,1.05
box(2),0.4288211593438808,0.08152224514067452,1.05
box(1),0.3139650904340233,-0.40493233543599383,1.05
box(0),0.622625926312904,0.4565140222926063,1.05
box(9),0.6335565257330888,-0.44213424874951357,1.05
box(8),0.3510987450702578,0.24310206045861238,1.05
box(7),0.5043516057205027,-0.24961615343344856,1.05
box(6),0.346552868270217,-0.24551185244608853,1.05
box(5),0.42920785886034696,-0.0937626188615539,1.05
box(4),0.5743421437318769,0.31387757157439833,1.05
box(3),0.3506439043008544,0.4679820378962335,1.05
box(2),0.646269816088745,-0.04998362446123028,1.05
box(1),0.6015894807462319,0.15218625176837208,1.05
box(0),0.3079036941527257,0.08137277339745808,1.05
box(9),0.3867378110319416,-0.4849526087502999,1.05
box(8),0.6272003664925283,0.4597596138035188,1.05
box(7),0.3949734686714096,0.2836285676292978,1.05
box(6),0.6104317235325778,-0.21512316837602052,1.05
box(5),0.6147077584484951,-0.3783445293652463,1.05
box(4),0.4732022446183952,0.011307763227753287,1.05
box(3),0.421476061928188,-0.15232991229364423,1.05
box(2),0.4674109166775834,0.4287024954277905,1.05
box(1),0.6320623580708254,-0.05476070884651696,1.05
box(0),0.6416193984661147,0.13323961404831508,1.05
box(9),0.41802409449461997,-0.3263627606765772,1.05
box(8),0.30873838121914166,0.4834108848868174,1.05
box(7),0.4081481823357854,-0.49466490702826194,1.05
box(6),0.4842094842392858,0.23381348644461375,1.05
box(5),0.3104485350575387,0.17322527271723565,1.05
box(4),0.55680589458753,-0.24879200793858802,1.05
box(3),0.6214673745889587,0.3082889089839995,1.05
box(2),0.3123055724428889,-0.10091532993541374,1.05
box(1),0.47201394197252894,0.4005195078358992,1.05
box(0),0.6016581948804148,-0.04952219692904758,1.05
box(9),0.44096150129669365,-0.02319991089623985,1.05
box(8),0.3496591137485233,-0.2829150326089278,1.05
box(7),0.606433414639711,0.14517097733421913,1.05
box(6),0.5133300914967993,-0.4591855696989864,1.05
box(5),0.3184831007541549,0.39927196564143363,1.05
box(4),0.4452163559812038,0.14110156103589122,1.05
box(3),0.3000174587340827,0.2444072569258,1.05
box(2),0.35610704004733074,-0.4696720755323258,1.05
box(1),0.6149884930401517,-0.23987017468554228,1.05
box(0),0.4737561156919581,0.2937485809554503,1.05
box(9),0.5238183525737079,0.4730347206734691,1.05
box(8),0.30465093517650366,0.04173015127046842,1.05
box(7),0.5745777161456087,-0.06164197174705255,1.05
box(6),0.3612513911660128,-0.3160762753514821,1.05
box(5),0.35429765991599776,-0.12942561681356857,1.05
box(4),0.6071598255227784,0.1071367660134166,1.05
box(3),0.640352028214308,-0.4889361813958526,1.05
box(2),0.6237507545227494,0.31001361833684526,1.05
box(1),0.3562831288488599,-0.4956343965442349,1.05
box(0),0.6246678063241907,-0.2425481688425365,1.05
box(9),0.3870254025363257,0.29439528514352686,1.05
box(8),0.5105499417542242,-0.3524731753562248,1.05
box(7),0.37878360220453655,0.1331618530171439,1.05
box(6),0.4024755453162168,0.4953845513639763,1.05
box(5),0.5711463924600036,-0.06502220813533788,1.05
box(4),0.3384463316059327,-0.1657215735475096,1.05
box(3),0.5601147117255783,0.11805234858836355,1.05
box(2),0.6325011709487132,0.4807605480930739,1.05
box(1),0.30745657417840844,-0.32824616582848665,1.05
box(0),0.6044419177973184,0.2768833178882679,1.05
box(9),0.3671607941639967,-0.47944884407567423,1.05
box(8),0.33668861427717517,0.35808588320778567,1.05
box(7),0.5261380507869645,-0.3778689005220889,1.05
box(6),0.33335406252075733,0.18673396121949304,1.05
box(5),0.6071122754197118,-0.22922612619345606,1.05
box(4),0.43846914162453954,0.006477493008260615,1.05
box(3),0.4294676214752355,-0.14397071239389236,1.05
box(2),0.5098155860284503,0.14248259488114579,1.05
box(1),0.41813494001098284,0.48811888374079004,1.05
box(0),0.6260138062491114,-0.05955015790067586,1.05
box(9),0.374141892859001,-0.30835267887108764,1.05
box(8),0.3314448868506604,-0.4741193817594771,1.05
box(7),0.5960273397840806,0.3074351572065319,1.05
box(6),0.5564476347028051,-0.4424481401612419,1.05
box(5),0.43746092741954784,0.297789390167416,1.05
box(4),0.5903394789631284,-0.20760608997481333,1.05
box(3),0.32876282156758024,0.10906011263824789,1.05
box(2),0.4759112037691127,-0.006869134234765872,1.05
box(1),0.6147072991651137,0.10842146012815257,1.05
box(0),0.3440799479969459,-0.1111151343057406,1.05
box(9),0.4953838292298397,0.49155436575344846,1.05
box(8),0.31443241483240886,0.4763745932796869,1.05
box(7),0.34107641834342556,-0.29859716948265713,1.05
box(6),0.6210057567539147,0.28433360505023764,1.05
box(5),0.6224964225086473,-0.4148684460487644,1.05
box(4),0.3954028996821115,0.32990859974493714,1.05
box(3),0.30968858781355646,-0.4650625784916316,1.05
box(2),0.5817554845030899,-0.23013631477506058,1.05
box(1),0.41916015355918945,0.1196862348577119,1.05
box(0),0.5759992999043255,-0.019064738937743186,1.05
box(9),0.3014375843934698,-0.02526047706429202,1.05
box(8),0.41355358082989624,-0.1648398030103505,1.05
box(7),0.5369941910607302,0.41309620389348367,1.05
box(6),0.33776511603330506,0.47033228175331165,1.05
box(5),0.6444593824323145,0.24551726853930733,1.05
box(4),0.48043125843010426,-0.35300302951287676,1.05
box(3),0.3330304640134375,0.28293878718206966,1.05
box(2),0.32997019646978487,-0.34687801863210466,1.05
box(1),0.6325783288492668,-0.2423774991242582,1.05
box(0),0.49617318481166195,0.17355169639432122,1.05
box(9),0.5318153062311481,-0.06623571811222217,1.05
box(8),0.5434512207906323,-0.49411434805541876,1.05
box(7),0.3026318355328171,0.08644537739641112,1.05
box(6),0.5021111015413747,0.3824435483746096,1.05
box(5),0.3651198562010082,-0.07042789011522865,1.05
box(4),0.6374698407264292,0.2872181221367427,1.05
box(3),0.46391226037975497,-0.23241472144750175,1.05
box(2),0.3724158526364654,0.2961631955365436,1.05
box(1),0.348616754020947,-0.33410360603116995,1.05
box(0),0.30049854686708,0.47422605874625223,1.05
box(9),0.6434114376285707,-0.26248329536098924,1.05
box(8),0.5843816570628766,-0.0690039441191066,1.05
box(7),0.41803619033297873,-0.4867580720904917,1.05
box(6),0.5172795683870842,0.10919626554230744,1.05
box(5),0.6376030042780063,-0.47594731270117696,1.05
box(4),0.6375229323456661,0.4430152890766462,1.05
box(3),0.3206879748141255,-0.014685142849248267,1.05
box(2),0.46338874596440793,-0.22947347536419016,1.05
box(1),0.31021379812551586,0.22384567732351124,1.05
box(0),0.4797863301849955,0.28455029105242235,1.05
box(9),0.49029535341126446,0.486336291935652,1.05
box(8),0.306866144006087,-0.24241164983439945,1.05
box(7),0.5621405234446578,-0.057640962168494125,1.05
box(6),0.6417199911760596,-0.21104921645994867,1.05
box(5),0.4828449927979603,0.10306947322780602,1.05
box(4),0.5683119406309365,-0.43646291900967293,1.05
box(3),0.32909772447533053,-0.4203347212667067,1.05
box(2),0.35878476289884054,0.3924303257687143,1.05
box(1),0.35954830266956983,-0.09157695809192123,1.05
box(0),0.3429224213771166,0.18166523097502874,1.05
box(9),0.6269518084828694,0.3336121559894317,1.05
box(8),0.5054135212808378,-0.28062044436050837,1.05
box(7),0.4800815419773392,0.27377024995103527,1.05
box(6),0.6390672738368424,0.03271280895158246,1.05
box(5),0.5379936862523421,-0.11415895427340206,1.05
box(4),0.4593701869527418,0.07372613204761547,1.05
box(3),0.56325671211226,-0.47221093212016674,1.05
box(2),0.3204649095131954,-0.27026690628500016,1.05
box(1),0.30726173167242254,0.4571042329686309,1.05
box(0),0.3542823470661946,-0.4228718998343537,1.05
box(9),0.35482850263027627,-0.08438282273296638,1.05
box(8),0.5997376702732652,0.3803456141191386,1.05
box(7),0.6386297500709174,-0.3215482969184239,1.05
box(6),0.42404630567435636,0.2907743291700793,1.05
box(5),0.477434760586838,0.48529079024674826,1.05
box(4),0.46203835974805874,-0.2187676732215681,1.05
box(3),0.5243798240703064,0.08523448770966546,1.05
box(2),0.5744673493537735,-0.07334747940061481,1.05
box(1),0.5498681590185757,-0.4997347213408191,1.05
box(0),0.6272304732083027,0.20498255916040542,1.05
box(9),0.42869983809864903,-0.38120237607730467,1.05
box(8),0.3920344642569901,-0.03041670936331775,1.05
box(7),0.3323224504977861,0.42645956589594547,1.05
box(6),0.6240226463113658,0.4438506938026955,1.05
box(5),0.3450474774693926,0.19698189922593146,1.05
box(4),0.44923307515963673,0.3126770110975403,1.05
box(3),0.3593809343231977,-0.21945489193626389,1.05
box(2),0.5635590014897179,-0.2939105776402714,1.05
box(1),0.5632972813811463,-0.07293878146235944,1.05
box(0),0.5807375693738424,-0.4995270947407694,1.05
box(9),0.5480753962156462,0.07915555802744334,1.05
box(8),0.3718223225082756,-0.49620368417440275,1.05
box(7),0.3175488737006622,-0.020186171750236848,1.05
box(6),0.48142187635258193,0.4991264504671299,1.05
box(5),0.6297646223939695,0.2455347698285376,1.05
box(4),0.34137620018273734,0.1303613439068787,1.05
box(3),0.34141396211994424,0.3909018600719836,1.05
box(2),0.38534964900255414,-0.17484965231628735,1.05
box(1),0.6301089784033416,-0.31386964467928125,1.05
box(0),0.6448274534645942,0.42178724275144497,1.05
box(9),0.4953062487942429,-0.3862751529491345,1.05
box(8),0.598499218709238,0.018003270906480462,1.05
box(7),0.3268476704085716,-0.31935289206896533,1.05
box(6),0.6315015291175479,-0.1507318012686456,1.05
box(5),0.43018619059823193,0.00431864713508312,1.05
box(4),0.47344335349190103,0.21217241249102337,1.05
box(3),0.46245791419266347,0.48137988239838725,1.05
box(2),0.3085418233687337,0.1779235821717613,1.05
box(1),0.42443897136784936,-0.16102659538268493,1.05
box(0),0.6395054262615156,-0.4668447040743682,1.05
box(9),0.3534744499695915,0.34953820537591607,1.05
box(8),0.6063140286546327,0.3512462709849338,1.05
box(7),0.645590396846628,0.09113276097786716,1.05
box(6),0.5278096207086113,-0.31123408756103366,1.05
box(5),0.32959294021753177,-0.4460741000579663,1.05
box(4),0.3834283970650235,0.019928092358956095,1.05
box(3),0.5024840518739586,0.2069618002533531,1.05
box(2),0.5749002055714834,-0.13273524438176798,1.05
box(1),0.4042936706665407,0.49759314597026294,1.05
box(0),0.34491971016427364,-0.2661907492285637,1.05
box(9),0.5643076370069975,-0.4843898631876965,1.05
box(8),0.3474938066925097,0.31935696476425,1.05
box(7),0.5525971217486811,0.3928287268711963,1.05
box(6),0.31747971506071304,0.16767577286463908,1.05
box(5),0.6361911895767351,0.034470790867105694,1.05
box(4),0.5272357456185105,-0.30792245089786596,1.05
box(3),0.3454550827245814,-0.05883146882709256,1.05
box(2),0.37578493428328186,-0.4435056801957007,1.05
box(1),0.4776421256989922,0.17688748207948068,1.05
box(0),0.49777531664014485,-0.06916851005837077,1.05
box(9),0.3306770943675032,-0.2710657724650719,1.05
box(8),0.6065331733562119,-0.49954958023903795,1.05
box(7),0.3125689740757881,0.40226504727803314,1.05
box(6),0.6469006682650784,0.19729714579691493,1.05
box(5),0.47508271106119626,0.3925329144609606,1.05
box(4),0.6246527335014989,0.4991221786304324,1.05
box(3),0.5829396510144356,-0.30003536479270554,1.05
box(2),0.30964566538720834,0.09650068862800609,1.05
box(1),0.340757502537152,0.2510136262512236,1.05
box(0),0.40076710043791247,-0.46367069293425356,1.05
box(9),0.5431358947636307,-0.15199045244447262,1.05
box(8),0.36325915654202273,-0.11771153468680728,1.05
box(7),0.6171568678387731,-0.4804675934987166,1.05
box(6),0.3509729462170866,0.49698702223288216,1.05
box(5),0.6359657631989384,0.17528388175906384,1.05
box(4),0.520650501787048,0.30164011246036726,1.05
box(3),0.6266831727938127,0.4930672170446645,1.05
box(2),0.558612247388051,0.0013224170355011777,1.05
box(1),0.5457188600427552,-0.3322963588699014,1.05
box(0),0.3270495453353152,0.2823215994058377,1.05
box(9),0.353886729927129,0.13064414188458984,1.05
box(8),0.30205886612143146,-0.26469087902857247,1.05
box(7),0.41495078428010046,-0.0638948600065311,1.05
box(6),0.4095211166241364,-0.4496905190730316,1.05
box(5),0.6159657103223752,-0.17540619468653118,1.05
box(4),0.5688144454761437,-0.49803929820160486,1.05
box(3),0.5510234597947374,0.32380153370785647,1.05
box(2),0.3121077286807519,0.4532378345990613,1.05
box(1),0.558667215381827,0.14522508241558885,1.05
box(0),0.518194616250989,0.490278951500732,1.05
box(9),0.5057613870010774,-0.2994449427965853,1.05
box(8),0.3087253442632163,0.13080470438325542,1.05
box(7),0.4013870527744596,0.28615455135802104,1.05
box(6),0.452565093315742,-0.05177699674733938,1.05
box(5),0.6288173278870811,-0.01095620130289554,1.05
box(4),0.33477556224537885,-0.29317432944737165,1.05
box(3),0.64977800281999,-0.47886617353698413,1.05
box(2),0.4143219182127787,-0.48300859099488713,1.05
box(1),0.5762889106962061,0.3240421866245169,1.05
box(0),0.6214925198218766,0.16447602996267874,1.05
box(9),0.3367730175388242,0.46823811652626846,1.05
box(8),0.5932891012585706,-0.21890360540792075,1.05
box(7),0.6173357911624081,0.488572153147537,1.05
box(6),0.3779856761289241,0.22938741935904705,1.05
box(5),0.4601298359102611,0.09526483392104101,1.05
box(4),0.30398246373943405,-0.13533856743631512,1.05
box(3),0.6268832155149952,0.003604638873886734,1.05
box(2),0.44003665160811845,-0.2976013334379971,1.05
box(1),0.639143828898378,-0.47568256040401813,1.05
box(0),0.49885032005590757,0.35488816974381865,1.05
box(9),0.6309219675594437,0.21040436451600963,1.05
box(8),0.30160876066510206,0.02180896750076844,1.05
box(7),0.4703957512905722,-0.49617451078534147,1.05
box(6),0.3046928088766546,-0.3917321859851197,1.05
box(5),0.46179173931505996,-0.07855996921117636,1.05
box(4),0.6000104387664729,-0.22424448832775268,1.05
box(3),0.3005483517007637,0.36961869388578505,1.05
box(2),0.4698683574428527,0.18131913118179455,1.05
box(1),0.32687588171840354,-0.14663068929856737,1.05
box(0),0.6486782563043069,0.4553344541893699,1.05
box(9),0.5024860244714705,0.40075106973654595,1.05
box(8),0.6126725450694396,-0.3963257080984778,1.05
box(7),0.6369094377777096,0.20638482496836608,1.05
box(6),0.624170351706467,0.029026978354832145,1.05
box(5),0.4332756986189593,-0.43811526769259435,1.05
box(4),0.3110200657865464,-0.3023597055657202,1.05
box(3),0.5537962843299256,-0.17978212435938767,1.05
box(2),0.3196674257845722,0.0814577844972536,1.05
box(1),0.45261311408635235,-0.00022710644001333602,1.05
box(0),0.3043410274812874,0.3477898749268743,1.05
box(9),0.3437870250318291,-0.15326305879153534,1.05
box(8),0.4787993931191961,0.36895708401388805,1.05
box(7),0.46196577196984434,0.1805539837555865,1.05
box(6),0.6254658479537035,0.2555224665608522,1.05
box(5),0.6356653219172153,-0.03964114892397397,1.05
box(4),0.37681983718925494,-0.44575447998082784,1.05
box(3),0.6109224462310598,-0.4838696023798327,1.05
box(2),0.4808518033163834,-0.30472349566365076,1.05
box(1),0.6476705999121585,-0.2128708532233513,1.05
box(0),0.3104525686535404,0.12373670654144286,1.05
box(9),0.6060621466434462,0.46262077839739646,1.05
box(8),0.4319066250549368,-0.06503581174328299,1.05
box(7),0.3498928319035103,0.344751156348308,1.05
box(6),0.33214630582231447,-0.21950295662747965,1.05
box(5),0.6492481120531757,0.2951842020111004,1.05
box(4),0.5122766364992007,0.20766658382407566,1.05
box(3),0.3741195821852529,-0.46349794723608695,1.05
box(2),0.5647561429993002,0.0350029674211314,1.05
box(1),0.5560928220095526,-0.4615935695277994,1.05
box(0),0.6141530667066211,-0.29110827399944295,1.05
box(9),0.36840575654230256,0.14489566448013103,1.05
box(8),0.3250585595286588,0.49496999824128085,1.05
box(7),0.6347876377836741,0.4748732059740923,1.05
box(6),0.5042416591192335,-0.18118546541265146,1.05
box(5),0.35095588800761585,-0.024121027709293807,1.05
box(4),0.45411443385632877,-0.32989156066314074,1.05
box(3),0.45320330755070276,0.27539299786598836,1.05
box(2),0.34842293304270405,-0.19870695205466993,1.05
box(1),0.4034559675385798,-0.48193830624193623,1.05
box(0),0.5865045854356588,0.07566732355692185,1.05
box(9),0.639395642202154,-0.4953604565263392,1.05
box(8),0.6319584541915362,0.22314381036516773,1.05
box(7),0.3856240242357263,0.46045158474175185,1.05
box(6),0.6095346641492615,0.3966235563571625,1.05
box(5),0.6029468536208485,-0.16500193061762747,1.05
box(4),0.338101621304176,0.03288711640304909,1.05
box(3),0.5724320464572386,-0.31693304632681174,1.05
box(2),0.402821949072837,0.2989067157506259,1.05
box(1),0.4028631930838066,-0.12706050772325872,1.05
box(0),0.4136225296177486,-0.47740082139613704,1.05
box(9),0.34748195083993605,-0.2940933607608627,1.05
box(8),0.5106021146176182,-0.018255886256249076,1.05
box(7),0.5348561693171324,0.15435475033232615,1.05
box(6),0.4656628457184876,0.48705005706351134,1.05
box(5),0.6473542578753739,0.28362382135160624,1.05
box(4),0.6377865183407475,0.4704945221598883,1.05
box(3),0.38935010665115444,0.10386345255367013,1.05
box(2),0.6416048028709208,-0.11916299974075062,1.05
box(1),0.3244895087843206,0.3981869435996047,1.05
box(0),0.6242256765702459,-0.41221740090914905,1.05
box(9),0.3176588605835826,0.2372109301255565,1.05
box(8),0.4287328759746497,-0.47773312770467713,1.05
box(7),0.4649751650227134,-0.18770081596514998,1.05
box(6),0.5862446046429877,0.057844274925562766,1.05
box(5),0.4966717520282997,0.27648634511238,1.05
box(4),0.3704426506838783,-0.33497141367667016,1.05
box(3),0.631737392334583,0.4049849108782201,1.05
box(2),0.36831327792005053,-0.06595956829099048,1.05
box(1),0.6380462656432474,-0.18641276058362632,1.05
box(0),0.47200837541105767,0.4908897886123571,1.05
box(9),0.619911749289888,-0.33963697998491393,1.05
box(8),0.4421947411695735,0.12935082265312747,1.05
box(7),0.6050103022874291,-0.496883393415964,1.05
box(6),0.3085370024101871,0.4002257382181331,1.05
box(5),0.3035519889994049,-0.4750493779163548,1.05
box(4),0.4719276302031017,-0.19756066893575208,1.05
box(3),0.3416304187708743,-0.2839273527264373,1.05
box(2),0.49779157904924876,0.319898200234485,1.05
box(1),0.6277854142324537,0.10308086581077724,1.05
box(0),0.6371377642020988,0.41008457607823534,1.05
box(9),0.3192788702253952,0.24471988884867946,1.05
box(8),0.5944883000125516,-0.04536184057049297,1.05
box(7),0.47289698430815863,0.1366081573386395,1.05
box(6),0.5856391263003371,-0.29599488546193586,1.05
box(5),0.4704443300509915,-0.45139043401344214,1.05
box(4),0.3790355229983738,0.4512420152954677,1.05
box(3),0.31651080268280635,-0.49741562618186597,1.05
box(2),0.4227853286484229,-0.16253585328065567,1.05
box(1),0.4989888370713733,0.3253230867921064,1.05
box(0),0.6195066271700158,-0.48850055686066607,1.05
box(9),0.6379003196881814,0.4320901919423663,1.05
box(8),0.6251609141900689,0.22127416318128434,1.05
box(7),0.5952731871716455,0.04705289162658499,1.05
box(6),0.30460337330955733,-0.33936158742782707,1.05
box(5),0.4703009520451585,0.1627263282105048,1.05
box(4),0.5500050869972071,-0.3104197758687217,1.05
box(3),0.3003272707655814,0.3280897290178477,1.05
box(2),0.35686576839522466,0.034690629254217176,1.05
box(1),0.4481521250845581,-0.13621649722614237,1.05
box(0),0.41561975226692915,-0.4731220440827698,1.05
box(9),0.6069115915516199,-0.1391022997070539,1.05
box(8),0.40683046963778646,0.47079335058678895,1.05
box(7),0.6444773833396902,0.48575590007672786,1.05
box(6),0.6195270436955707,0.07348013910855067,1.05
box(5),0.6313565169058113,-0.46741971317320086,1.05
box(4),0.6074572947018619,0.29639575713920785,1.05
box(3),0.5516677088756091,-0.31718902819070416,1.05
box(2),0.4976516424444759,0.17299086163348742,1.05
box(1),0.32709373756293686,-0.023687647925828892,1.05
box(0),0.3215767745211626,-0.26042580877698174,1.05
box(9),0.3133742407354461,0.15473357882595062,1.05
box(8),0.32413872844586417,0.3328126741033107,1.05
box(7),0.30287695499457984,0.48902751766638664,1.05
box(6),0.6304235297373837,0.4710433960940844,1.05
box(5),0.5186481555111906,-0.057291896719140034,1.05
box(4),0.45277340416492123,0.4538828104098188,1.05
box(3),0.639252927162583,0.2444534832282378,1.05
box(2),0.6082103112590698,-0.3833142375706985,1.05
box(1),0.6434957193230251,-0.14097215920527595,1.05
box(0),0.5199288597895174,0.1332952851367919,1.05
box(9),0.44631435242785555,-0.40177528352382186,1.05
box(8),0.43720061947889577,-0.24747368780683954,1.05
box(7),0.3647026576998922,0.22069341654570718,1.05
box(6),0.35601746169925846,0.05345217862265572,1.05
box(5),0.3629671963512162,-0.10272802812250381,1.05
box(4),0.610486155340102,0.45742343781326633,1.05
box(3),0.6157909030314728,0.01577785990537628,1.05
box(2),0.41824498286750894,0.4700372988713932,1.05
box(1),0.5715181467505304,0.30678194779503454,1.05
box(0),0.6318098334797986,-0.4986196256537089,1.05
box(9),0.6146641282147987,-0.15017880579353282,1.05
box(8),0.5950783231522585,-0.3143990981909355,1.05
box(7),0.44931825795947505,-0.4102228391181655,1.05
box(6),0.4470065625642698,0.19518708534812923,1.05
box(5),0.31324082946635845,0.3587253748094239,1.05
box(4),0.3434368654614772,-0.14968637678509367,1.05
box(3),0.3111509058430963,0.006391923785167619,1.05
box(2),0.5943445645240525,0.47015104851121015,1.05
box(1),0.5958073079529171,0.00864921548035913,1.05
box(0),0.6422053800615007,0.243233897493486,1.05
box(9),0.39987091895577276,0.49322941225178163,1.05
box(8),0.5424097366549406,-0.15687506942469154,1.05
box(7),0.6087639543043251,-0.4470751471125005,1.05
box(6),0.4583061450966742,-0.36260588821634676,1.05
box(5),0.37759426423839015,0.2128630792664462,1.05
box(4),0.3243182281422466,0.35338101138151334,1.05
box(3),0.36426395071112366,-0.1632043353069801,1.05
box(2),0.3026279974703357,0.03370634422134233,1.05
box(1),0.5443208388722477,0.3767536639829253,1.05
box(0),0.5891533472759674,0.06888006882332454,1.05
box(9),0.6398304355810899,0.4925778258372153,1.05
box(8),0.31675905314776376,-0.47190329282962307,1.05
box(7),0.5794979810131555,0.23028986969761456,1.05
box(6),0.44333156206460944,0.49854760707688894,1.05
box(5),0.6132407427319668,-0.4695715581855029,1.05
box(4),0.4639017432696276,-0.4148874818840512,1.05
box(3),0.6377326297673506,-0.3122631464081824,1.05
box(2),0.3237343954988484,0.3495230535456295,1.05
box(1),0.39753149099080615,-0.02900580199028202,1.05
box(0),0.33444395108193586,0.1371158583369746,1.05
box(9),0.5499467210048201,-0.11064353298771512,1.05
box(8),0.3231178616361232,-0.21321696844683657,1.05
box(7),0.6354592237167378,0.4097598318919652,1.05
box(6),0.6176657415665423,0.0828547253203501,1.05
box(5),0.30446222526090616,-0.4143581212968589,1.05
box(4),0.4605429525087579,0.41121832147665816,1.05
box(3),0.5266201641560527,0.2121045950615772,1.05
box(2),0.6336625860999882,-0.3153303892088317,1.05
box(1),0.5695969288833308,-0.4872565654636777,1.05
box(0),0.3954716174062351,-0.06848899391935859,1.05
box(9),0.48332644365997995,-0.28054281952522775,1.05
box(8),0.6180516155314488,-0.1437655610438774,1.05
box(7),0.35246140539547266,0.20294894625690352,1.05
box(6),0.6136178944254651,0.4094843142807165,1.05
box(5),0.6325657457527318,0.10560774732128198,1.05
box(4),0.30502685572762905,-0.35123610369861324,1.05
box(3),0.3791285996345207,0.4349043868162852,1.05
box(2),0.3013568417202406,0.05303311692227597,1.05
box(1),0.48161241397520366,0.10901089285805077,1.05
box(0),0.39402159990743735,-0.4878696168684181,1.05
box(9),0.32516586241396106,-0.18925764204135653,1.05
box(8),0.5389254959244717,-0.3680336681754395,1.05
box(7),0.537217535329264,-0.060106237246906336,1.05
box(6),0.3632417613295431,0.2083402255894201,1.05
box(5),0.5403999657377963,0.4888879105474092,1.05
box(4),0.5940295973776002,0.3261921813504777,1.05
box(3),0.6149171962784863,-0.23257419155932235,1.05
box(2),0.35887781778117245,0.40117380727029384,1.05
box(1),0.3029656614325018,-0.027172577696809475,1.05
box(0),0.4688079817238714,0.09431922691124728,1.05
box(9),0.6457528168494827,0.16541937174594823,1.05
box(8),0.31687014577421946,-0.3822229801492467,1.05
box(7),0.6486477074157233,-0.44462942363108726,1.05
box(6),0.5739335842992754,-0.02274518736180753,1.05
box(5),0.30704749465676384,-0.21331928394959798,1.05
box(4),0.330602908491071,0.24700681085970433,1.05
box(3),0.5130314311332421,-0.3595999008760581,1.05
box(2),0.5218078635351866,-0.16927226971956877,1.05
box(1),0.5074196828192522,0.45663753579631017,1.05
box(0),0.3171952460081367,0.4719126300227573,1.05
box(9),0.431904919662076,0.08038866181515236,1.05
box(8),0.5865364923093793,0.22034329198613878,1.05
box(7),0.39174538898249117,-0.46939794754704167,1.05
box(6),0.3450916462410451,-0.06231095083391858,1.05
box(5),0.6074938481778361,-0.4823299596062569,1.05
box(4),0.6140132862850288,-0.0022652371054726617,1.05
box(3),0.31457891196271387,-0.27833631122878877,1.05
box(2),0.37006326413964974,0.22610263372243533,1.05
box(1),0.5004131765108286,-0.17067357047362497,1.05
box(0),0.5863361803330035,0.48284197886998836,1.05
box(9),0.39823903285252205,0.39648802065970046,1.05
box(8),0.5419363439724634,-0.3238952999809185,1.05
box(7),0.5679903135499011,0.2557098418630428,1.05
box(6),0.35429807910289396,-0.4876838499920837,1.05
box(5),0.4629776599799317,0.03206396417578605,1.05
box(4),0.593029102397358,-0.4841876477626159,1.05
box(3),0.34796054847570695,-0.10865106800635493,1.05
box(2),0.3719382737517454,-0.33027068253863834,1.05
box(1),0.33669801387962717,0.21017717247881262,1.05
box(0),0.5847518301583849,-0.07028619188582641,1.05
box(9),0.5802583325572117,0.488302839146469,1.05
box(8),0.30372293789307697,0.03974032265230254,1.05
box(7),0.529842641591064,-0.25614846822582327,1.05
box(6),0.4747558728104817,0.2890818727579191,1.05
box(5),0.38849387549200665,0.4256073890073281,1.05
box(4),0.6042868669413315,0.1864948813498407,1.05
box(3),0.6045101358259404,-0.3972620454697483,1.05
box(2),0.35091526411357443,-0.13545588404489772,1.05
box(1),0.38611676325716265,-0.43643129286652116,1.05
box(0),0.45743960773673603,0.025485371026347958,1.05
box(9),0.6054800914258178,-0.05765617092684483,1.05
box(8),0.6418467342469056,0.3605020993118555,1.05
box(7),0.3464412782097709,0.1457796166307611,1.05
box(6),0.5933192075935595,-0.2124037128341224,1.05
box(5),0.536270586646598,0.4975473219747839,1.05
box(4),0.4209256880379721,0.2839298707211608,1.05
box(3),0.6157853082537605,0.19658683775818808,1.05
box(2),0.33720683126043777,0.47455999218866673,1.05
box(1),0.32230003095819587,-0.2536045860419114,1.05
box(0),0.5375993256126788,-0.3679280477911596,1.05
box(9),0.35640940466838483,-0.48348525528917907,1.05
box(8),0.42516010092166207,-0.06962669802130206,1.05
box(7),0.5990567309712942,-0.05546110374056756,1.05
box(6),0.32334090873685783,0.067207691051693,1.05
box(5),0.5913450558388882,-0.2219164754744457,1.05
box(4),0.6413466783769421,-0.4785495766736959,1.05
box(3),0.3834017908285588,0.23232350641437283,1.05
box(2),0.5678338436763817,0.13020848745073044,1.05
box(1),0.6209302907272907,0.3692939609268304,1.05
box(0),0.3641892044682973,0.4256286575446001,1.05
box(9),0.45746854101820544,-0.32968129237551547,1.05
box(8),0.3235551554329729,-0.18777707716505299,1.05
box(7),0.312449813779986,-0.4649318296921474,1.05
box(6),0.6193279726320535,-0.04382132590324106,1.05
box(5),0.3498561418377197,0.0004348268321688886,1.05
box(4),0.6431724033896169,-0.26656751139938595,1.05
box(3),0.6045376136748406,-0.4587170582609825,1.05
box(2),0.479199941976444,-0.10798940680113722,1.05
box(1),0.31311991173394593,0.20021473001225165,1.05
box(0),0.5252287277257793,0.3725786514294923,1.05
box(9),0.6075329419070262,0.23280125155187492,1.05
box(8),0.4634702600079359,-0.40221051420415577,1.05
box(7),0.3133556122796553,-0.24079364488175148,1.05
box(6),0.49750520522428926,0.1227468640542343,1.05
box(5),0.6358028824130666,0.05744160186226477,1.05
box(4),0.3252931147177434,-0.05738867469969067,1.05
box(3),0.3710501231441711,0.49002483142721787,1.05
box(2),0.6439687372318388,-0.49815925976514486,1.05
box(1),0.6196999112566839,-0.17013709828144175,1.05
box(0),0.3008903506285007,0.344229356765151,1.05
box(9),0.47984949683415595,-0.03395897168627937,1.05
box(8),0.3280790416454746,0.10839175942843204,1.05
box(7),0.3305477967118319,-0.40025371519724007,1.05
box(6),0.4892876056454633,-0.3947197815623553,1.05
box(5),0.41350720123180806,-0.19150912919204532,1.05
box(4),0.550042685255216,0.2947940363646381,1.05
box(3),0.5589711829135549,0.10147940729192007,1.05
box(2),0.38430579102752094,0.48125655054175,1.05
box(1),0.301606713481825,-0.07704336843362836,1.05
box(0),0.6047234090024697,0.47157310664352303,1.05
box(9),0.5763184503186292,-0.26174318943690256,1.05
box(8),0.34208977695498705,0.25918463690149973,1.05
box(7),0.5189566936236972,-0.043708340504518994,1.05
box(6),0.3312028592609103,0.09398298883692024,1.05
box(5),0.4073899955764387,-0.4859885621963369,1.05
box(4),0.3940453042900656,-0.3346499802090783,1.05
box(3),0.6206449676411598,-0.44992915731838745,1.05
box(2),0.6071823236814221,0.25198295482071575,1.05
box(1),0.5588616632686665,0.10338762266950707,1.05
box(0),0.41535281638844607,0.4747660650205877,1.05
box(9),0.5867248413247722,0.4087242659756649,1.05
box(8),0.5872248585692958,-0.24089161865760456,1.05
box(7),0.31154974949142156,-0.11250628191410772,1.05
box(6),0.40402335799100686,0.24282121271460233,1.05
box(5),0.5146859628955481,-0.04084868348658144,1.05
box(4),0.3531944451532831,0.07986044140661719,1.05
box(3),0.3709674994629368,-0.4098198218198067,1.05
box(2),0.6131869982208029,-0.4241921089806435,1.05
box(1),0.44096578663205177,-0.19380742951977648,1.05
box(0),0.6406799948676694,0.04325790967958898,1.05
box(9),0.36569934020225525,0.45184224039266585,1.05
box(8),0.6221094203424432,0.3096326426979841,1.05
box(7),0.6473192859838856,-0.25558967925920584,1.05
box(6),0.6378860324218572,0.45891531492202886,1.05
box(5),0.3163180811446633,0.2492060952535613,1.05
box(4),0.5011481481778006,0.11014592646969212,1.05
box(3),0.5819663930781752,-0.11540710980929458,1.05
box(2),0.45703778399733,-0.3939700497365195,1.05
box(1),0.3001439065777601,-0.40481186906538413,1.05
box(0),0.31173315924841194,0.0025871664196982502,1.05
box(9),0.6036788026929214,-0.4435571797657446,1.05
box(8),0.31178141858267006,0.46744117333517254,1.05
box(7),0.3571992070489453,-0.26370569181802295,1.05
box(6),0.5186058259059039,0.3137816960301746,1.05
box(5),0.5610412341703788,0.46838937052753815,1.05
box(4),0.3635531828870498,0.321123236055863,1.05
box(3),0.49054056902493604,0.1065061985933019,1.05
box(2),0.6493976147061891,-0.28520441237439687,1.05
box(1),0.5777837913008974,-0.09035986678972296,1.05
box(0),0.3762870644340862,-0.4749381833998557,1.05
box(9),0.3679730093608852,-0.048276427832580904,1.05
box(8),0.5905199819950129,-0.45919362535753083,1.05
box(7),0.6293950531027102,0.1678599267694152,1.05
box(6),0.46314196486979303,-0.2780349316936719,1.05
box(5),0.3548428992343509,0.4793893274418112,1.05
box(4),0.6034616996257658,0.4225808499151241,1.05
box(3),0.4410566730754171,0.28880030107141885,1.05
box(2),0.48014523910662094,0.06980359724720353,1.05
box(1),0.3138893328888708,0.15309572661095627,1.05
box(0),0.6187028176397888,-0.06596448142328182,1.05
box(9),0.30920419839166546,-0.49900021485797486,1.05
box(8),0.40471377966033734,-0.10747392776789688,1.05
box(7),0.6263480288840306,-0.38940850961235796,1.05
box(6),0.6235526717290139,0.2527176082293674,1.05
box(5),0.5645308205295747,-0.23091077196435172,1.05
box(4),0.42083133622386193,-0.27463873023257734,1.05
box(3),0.34800131794687905,0.41522343606441015,1.05
box(2),0.47755299006493146,0.32761916314243456,1.05
box(1),0.6271154411194539,0.09928168789969816,1.05
box(0),0.4643319104444201,-0.4600031631951548,1.05
box(9),0.3574363010368147,0.21725240772265797,1.05
box(8),0.5566071762476461,0.45623406836192804,1.05
box(7),0.3911260849543144,0.03608643733953454,1.05
box(6),0.30370395774917336,-0.36918155850488055,1.05
box(5),0.6251121522499853,-0.06202452476282172,1.05
box(4),0.6172176470748139,-0.48916024821214377,1.05
box(3),0.6358844077595707,-0.2656723448328011,1.05
box(2),0.30238862358519847,-0.2059141445913315,1.05
box(1),0.48924570860094485,-0.14236867479548576,1.05
box(0),0.5992624091853913,0.1615085491653736,1.05
box(9),0.47366723523920684,-0.3601403186064205,1.05
box(8),0.40370126059339256,0.21290877199454972,1.05
box(7),0.4851194730703478,0.38061869944776794,1.05
box(6),0.3773612315254053,0.4991469046346456,1.05
box(5),0.34485235484562154,-0.4930496100306754,1.05
box(4),0.6219783158150498,-0.05924710817285528,1.05
box(3),0.3489646945359395,0.014854055389329934,1.05
box(2),0.6113687660010343,-0.4549702043344511,1.05
box(1),0.3554630822486979,-0.24528531498948203,1.05
box(0),0.4711849555376546,-0.09743023352527092,1.05
box(9),0.6322486454671856,-0.2846527702913485,1.05
box(8),0.5548765483579496,0.1861449943075073,1.05
box(7),0.32516542107828617,0.19090266717296445,1.05
box(6),0.4324860403071248,0.3403017673529546,1.05
box(5),0.5736881595915746,0.4385198362784608,1.05
box(4),0.4094168011687326,-0.4336065318267689,1.05
box(3),0.4211397301472329,0.4914323750537247,1.05
box(2),0.4485673604335747,0.06588739356296336,1.05
box(1),0.6214062222948296,-0.009950721929467887,1.05
box(0),0.36552959501742166,-0.21473785646671084,1.05
box(9),0.579001955528535,-0.472561300554051,1.05
box(8),0.6087241712881437,-0.26903177381536214,1.05
box(7),0.64569915711269,0.3064671773930172,1.05
box(6),0.5389908748616746,0.1978164824917693,1.05
box(5),0.3210913447313577,0.16821197261916887,1.05
box(4),0.4031157413830304,0.29647689795181953,1.05
box(3),0.3660972083860168,-0.4111511299297328,1.05
box(2),0.5029836271855068,-0.14510001437151676,1.05
box(1),0.43557335315018386,0.4576956675398177,1.05
box(0),0.3362385285701179,0.018071218575225867,1.05
box(9),0.4901170943962455,0.025730402384731232,1.05
box(8),0.35512534915007476,-0.20203261788044546,1.05
box(7),0.5697584344968534,-0.2905253051666129,1.05
box(6),0.6304400132688769,-0.4571728091284588,1.05
box(5),0.5884614541191862,0.15163692374948945,1.05
box(4),0.6423725620271244,-0.06338564135744673,1.05
box(3),0.38101895011498277,0.18124482953397625,1.05
box(2),0.575010273935604,0.35292130191892157,1.05
box(1),0.417522497421596,-0.40066857436790604,1.05
box(0),0.3826475459142064,0.46440290367938886,1.05
box(9),0.3554523713403382,-0.04141742810297011,1.05
box(8),0.3084340974946628,0.3198355259699829,1.05
box(7),0.397443178954558,-0.22508484409271257,1.05
box(6),0.6259313530811024,-0.24995904540706082,1.05
box(5),0.5040781198837767,0.008071959395363204,1.05
box(4),0.6359978406081195,-0.41007835275907945,1.05
box(3),0.6451064004196627,-0.07523922294967833,1.05
box(2),0.5786991224944709,0.13870223812310134,1.05
box(1),0.44579400478685316,0.22592236225686635,1.05
box(0),0.43992160925457324,-0.44426770029502183,1.05
box(9),0.5790976736712956,0.42678311492451715,1.05
box(8),0.35167571004839593,0.015748632886068203,1.05
box(7),0.3344415019086305,0.39118702750141476,1.05
box(6),0.47871221995374635,-0.1510234563829005,1.05
box(5),0.3339827281372842,-0.28027653328536006,1.05
box(4),0.5367413597794215,-0.2943043046003022,1.05
box(3),0.6422816023214604,-0.4763150762274474,1.05
box(2),0.6422515510470744,-0.16491258983470847,1.05
box(1),0.5980049027715284,0.1524901752770177,1.05
box(0),0.4391803139698881,0.24769446029178366,1.05
box(9),0.6464665900837554,0.006789880037167628,1.05
box(8),0.6440873543904551,0.49386495528518937,1.05
box(7),0.3788596201249765,0.05550999840071735,1.05
box(6),0.32009654792357045,-0.08743281264967828,1.05
box(5),0.5257105140200422,0.3898824813625985,1.05
box(4),0.39694961005166374,-0.4567147429997599,1.05
box(3),0.43973108627948904,-0.24589432575843606,1.05
box(2),0.6393044871923936,-0.4980899677676852,1.05
box(1),0.6324996275301445,-0.3251594757535905,1.05
box(0),0.6017763902955764,0.21846485409595107,1.05
box(9),0.4240060282052953,0.26201275743926533,1.05
box(8),0.6394233540244844,-0.1669160394660565,1.05
box(7),0.5239878212017636,-0.06492037568122677,1.05
box(6),0.32171310615635906,0.14801547807713367,1.05
box(5),0.3701569327150779,-0.05300104258711924,1.05
box(4),0.40377946760283656,0.49881430850913544,1.05
box(3),0.46150378604902637,-0.40436596577953376,1.05
box(2),0.6328573574298502,0.06089481250871309,1.05
box(1),0.4049941714969239,-0.2210801597118781,1.05
box(0),0.6164532404010985,0.40183258251774745,1.05
box(9),0.31434328849154136,-0.4469524282474322,1.05
box(8),0.45817042319929374,0.24020601041574852,1.05
box(7),0.6464075041807404,-0.1634176132957742,1.05
box(6),0.6146853909174079,-0.45468654391954766,1.05
box(5),0.3076067325768478,0.2238866712616494,1.05
box(4),0.3511977310840983,-0.024752034968768877,1.05
box(3),0.3133959238091933,0.43784247370233476,1.05
box(2),0.5056515173414867,-0.06089171330457499,1.05
box(1),0.6496804873265256,0.11950846391595449,1.05
box(0),0.4565431534934674,-0.39039119877033623,1.05
box(9),0.6058402447602347,0.3762826655735214,1.05
box(8),0.3082905064010339,-0.4906852371344055,1.05
box(7),0.5171481736550323,0.2344262406520965,1.05
box(6),0.3746177129442662,-0.17417839401869406,1.05
box(5),0.5879019702725985,-0.1869477583684408,1.05
box(4),0.6385375682757244,-0.35884410186818105,1.05
box(3),0.4820413137649645,0.4866762013434033,1.05
box(2),0.3523137496248099,0.3306587038321145,1.05
box(1),0.48006602610666643,-0.05086253762439208,1.05
box(0),0.5623165250687088,0.08860020161331739,1.05
box(9),0.4978010077861723,-0.48812755506370753,1.05
box(8),0.4714940229809157,-0.3072202904339739,1.05
box(7),0.31241912052244647,0.16774651089063353,1.05
box(6),0.583799955978369,0.33068132101570014,1.05
box(5),0.643253407046707,0.4898295495592141,1.05
box(4),0.6407580591675112,-0.061084291620158604,1.05
box(3),0.3488376549367071,-0.15522086911273758,1.05
box(2),0.6310591437189579,-0.2586382494837305,1.05
box(1),0.4155868337087034,0.33503183875077325,1.05
box(0),0.36428457197004127,0.018783854614759954,1.05
box(9),0.4662313922640544,0.1839455740777738,1.05
box(8),0.3496117615724923,-0.46543460530954317,1.05
box(7),0.4913276265814124,0.465711147606222,1.05
box(6),0.3079216739563116,0.2257154177710301,1.05
box(5),0.547636598384429,-0.40766360559118053,1.05
box(4),0.5960325500814705,0.3080637650884035,1.05
box(3),0.3018323356621362,0.4594034358903798,1.05
box(2),0.6276353599282747,-0.04296963904719886,1.05
box(1),0.4561669571718748,-0.14497778154616592,1.05
box(0),0.30661549670874955,-0.12975493179725217,1.05
box(9),0.34858419299356425,-0.27432192149619916,1.05
box(8),0.5980913770542091,-0.24063518020654917,1.05
box(7),0.5224983792550966,0.13048900149280773,1.05
box(6),0.47548511968413787,0.4346218718577811,1.05
box(5),0.361365517464066,0.2573981602856522,1.05
box(4),0.6004537784510404,-0.40348094800754186,1.05
box(3),0.6243256477578178,0.29608108977299685,1.05
box(2),0.44399437281808796,-0.4133678928585278,1.05
box(1),0.3025259604975967,0.09582462803433045,1.05
box(0),0.6222616216110806,-0.0475029587803385,1.05
box(9),0.3346012727416651,-0.07955609466918878,1.05
box(8),0.43805194828736926,-0.23737890550545182,1.05
box(7),0.642267222583182,0.4906538498613201,1.05
box(6),0.5630329270289238,0.14012042128580615,1.05
box(5),0.39683339187261557,0.4721818991940713,1.05
box(4),0.39955209478509157,0.26083477295538193,1.05
box(3),0.610406788958303,-0.4020913523485409,1.05
box(2),0.5915737375332618,0.31660724368199544,1.05
box(1),0.41355244907063593,-0.4833190790515871,1.05
box(0),0.4046351786566908,0.08117607531186999,1.05
box(9),0.6041041424069371,-0.172682283352949,1.05
box(8),0.3592504506410502,-0.10407305626225749,1.05
box(7),0.4156825785525631,-0.30043913637603503,1.05
box(6),0.5122409186344062,-0.041550141138824714,1.05
box(5),0.6232832103920991,0.08964176478650032,1.05
box(4),0.4798437540920466,0.4685854011089112,1.05
box(3),0.3095931771450118,0.20494737040084343,1.05
box(2),0.40191016500655746,0.32808552403714974,1.05
box(1),0.6412297344052916,-0.37605576043974465,1.05
box(0),0.5086206044385069,-0.4879852663576305,1.05
box(9),0.6397298980261681,0.49133804243984314,1.05
box(8),0.588762119541208,0.2742113622481185,1.05
box(7),0.5607417872389134,-0.20828776893314438,1.05
box(6),0.32472008206017045,-0.07181344595090955,1.05
box(5),0.4678833565633644,0.060104150392456424,1.05
box(4),0.6487602807722985,0.09459664099708198,1.05
box(3),0.3588775651291022,-0.41812576152366343,1.05
box(2),0.36057404756965444,0.16514842572053512,1.05
box(1),0.3173458994378861,0.40343246276794087,1.05
box(0),0.3921910900997444,-0.26185477279289293,1.05
box(9),0.4622429507753991,0.36269504058598667,1.05
box(8),0.621368956798656,-0.4926133695685523,1.05
box(7),0.6028101215508157,0.30287149747381437,1.05
box(6),0.6233328693418806,0.47257297023645406,1.05
box(5),0.5446394026757329,-0.3122051700917501,1.05
box(4),0.45914237324543494,-0.059372900347953506,1.05
box(3),0.6320350522484133,0.10894232143513527,1.05
box(2),0.6422071008889476,-0.1291040047780524,1.05
box(1),0.4369046292298379,0.13959609300678633,1.05
box(0),0.33077172439374614,-0.4233805488525324,1.05
box(9),0.32530599135038574,0.48303869943999156,1.05
box(8),0.3670530724249108,-0.2560518569050939,1.05
box(7),0.4685366848643292,0.36978258450397694,1.05
box(6),0.3118059919645319,0.01931346949122792,1.05
box(5),0.3059597930309391,0.27530918560367423,1.05
box(4),0.48957505888440767,-0.4868914336044724,1.05
box(3),0.625888731067414,0.46199889919984827,1.05
box(2),0.4788764934439438,-0.1145729422753956,1.05
box(1),0.627867715415916,-0.2744676161500248,1.05
box(0),0.42878610682215296,0.12343111943039065,1.05
box(9),0.5732024811952954,0.2293596424798443,1.05
box(8),0.6472767159701249,-0.4355683043862554,1.05
box(7),0.3102646202378228,0.47641905229024206,1.05
box(6),0.4808548344591967,0.34886806618097876,1.05
box(5),0.6350953878145589,-0.09569050590487804,1.05
box(4),0.36309641639207385,-0.32585904141774824,1.05
box(3),0.32830290925333455,0.24197350845309284,1.05
box(2),0.30772763868312436,-0.4782120214896094,1.05
box(1),0.4768344987933981,-0.21503890211129428,1.05
box(0),0.4571782266785415,-0.4992789369920355,1.05
box(9),0.5063967910808899,-0.010526326889166882,1.05
box(8),0.6427056117623304,0.1851590535205737,1.05
box(7),0.3183006676218196,-0.006788790394330446,1.05
box(6),0.6237328561459528,-0.3041012803847224,1.05
box(5),0.6011488931739848,0.41359891837880014,1.05
box(4),0.3503877351366198,0.424943244837945,1.05
box(3),0.3109123724699313,-0.1916037663570187,1.05
box(2),0.47741765998979424,0.2786871706752002,1.05
box(1),0.3299379338087928,0.17009663949410825,1.05
box(0),0.5069035723421647,-0.17078764747724817,1.05
box(9),0.5543680492868925,-0.48938539712543927,1.05
box(8),0.5478615726050797,0.017738037786407812,1.05
box(7),0.41643804470636986,-0.387221656856895,1.05
box(6),0.6341631606020135,0.25391505643864387,1.05
box(5),0.3786236879643552,0.02169033232518569,1.05
box(4),0.648392581460145,-0.11812030027196008,1.05
box(3),0.6159346007251174,0.45733156363008,1.05
box(2),0.317400441145492,0.4908311355628472,1.05
box(1),0.3100308481327559,0.3230873696893466,1.05
box(0),0.32618370885141995,-0.2666386864482301,1.05
box(9),0.4752673826102862,0.37688771984983827,1.05
box(8),0.37557398799965647,0.18375697407382985,1.05
box(7),0.49475594723449745,-0.24038019238542507,1.05
box(6),0.6410550409226211,0.03315994320087412,1.05
box(5),0.6451353849801403,0.3002730225593533,1.05
box(4),0.42580815965917584,-0.49793938657627235,1.05
box(3),0.3397716757739763,-0.01573609992624614,1.05
box(2),0.6100276657002154,0.4632165968423665,1.05
box(1),0.6479694311661608,-0.15447228360246468,1.05
box(0),0.564038994743471,0.16267894169769603,1.05
box(9),0.3411035121543304,-0.3485278648905503,1.05
box(8),0.4823127969639923,0.34805557592645875,1.05
box(7),0.6184669030377048,-0.4233357864356495,1.05
box(6),0.3357046557900582,-0.17970939580660983,1.05
box(5),0.5518816811542936,-0.032619554902604264,1.05
box(4),0.4356460308832657,0.49954648808390256,1.05
box(3),0.3996513478877322,0.1690446352299042,1.05
box(2),0.326951089147739,0.3575649341787265,1.05
box(1),0.4873877111381628,-0.20123357519028318,1.05
box(0),0.6183853496644551,0.4949045130236097,1.05
box(9),0.6408111645091299,0.2937451323895107,1.05
box(8),0.3946106600420732,-0.011040521213854904,1.05
box(7),0.3880151761546932,-0.36055602219506,1.05
box(6),0.5649682822311903,-0.4614677838767449,1.05
box(5),0.545713594958892,0.12188819846400467,1.05
box(4),0.6303989780096511,-0.06044749870086763,1.05
box(3),0.4780727246062801,0.40635091854048533,1.05
box(2),0.4045067410409312,0.2034860215657599,1.05
box(1),0.3087991930370782,-0.1625085928760519,1.05
box(0),0.5197204493844539,-0.28486711102066875,1.05
box(9),0.33002578369918534,0.36409001480458725,1.05
box(8),0.6486671541753102,0.39529997460739674,1.05
box(7),0.3377524309173032,6.600483992902362e-05,1.05
box(6),0.38494796543997317,-0.3785560289619251,1.05
box(5),0.6444990659763588,-0.37471007033218684,1.05
box(4),0.5758238583802913,0.10363706958828678,1.05
box(3),0.5457186554905038,-0.09193451475627656,1.05
box(2),0.510736358753323,0.4752839660305388,1.05
box(1),0.5093757975324538,0.2879513137913655,1.05
box(0),0.41885339994872006,0.1599350400370264,1.05
box(9),0.45266846808299827,-0.23304862727917086,1.05
box(8),0.33190699161398235,0.473950896684433,1.05
box(7),0.6191270158440525,-0.22544883973670582,1.05
box(6),0.3797035908387041,-0.015878013957831616,1.05
box(5),0.4214995507026352,-0.39152764683352126,1.05
box(4),0.5983068847910112,-0.4926527241406673,1.05
box(3),0.6457548563118383,0.05758776986748304,1.05
box(2),0.30507314927850604,0.30713074383501315,1.05
box(1),0.6110998503711846,0.4252708798817111,1.05
box(0),0.533522094915655,-0.05291176760910288,1.05
box(9),0.5018675978902103,0.22217610395102338,1.05
box(8),0.3893772102530938,-0.20749420573975907,1.05
box(7),0.30040936103389987,0.1532752020645909,1.05
box(6),0.42992189214272697,0.43662988177498874,1.05
box(5),0.64880977707728,-0.1922387763341078,1.05
box(4),0.3685792970738858,-0.39144650550948534,1.05
box(3),0.611489355128285,-0.40808988082705,1.05
box(2),0.4294052260263397,0.0581157861773689,1.05
box(1),0.640210394846986,0.14457293253219594,1.05
box(0),0.5951718809942088,0.4940078053191166,1.05
box(9),0.6357734198002916,0.3286952289951315,1.05
box(8),0.3008613794059804,-0.061889793542182714,1.05
box(7),0.4808301201048429,0.21353096632825264,1.05
box(6),0.5079921637609773,-0.2973916021181273,1.05
box(5),0.4453712471316716,0.39514747633038605,1.05
box(4),0.586087712600186,-0.0879863672318959,1.05
box(3),0.3350623324206651,-0.4093165448663294,1.05
box(2),0.6493386555011904,-0.4238507480952478,1.05
box(1),0.3429897583290379,0.08676442413657692,1.05
box(0),0.5656416963365396,0.07254292755128089,1.05
box(9),0.3073941442052881,0.2500384880324603,1.05
box(8),0.6426615891469645,0.45380036175979777,1.05
box(7),0.4253518586238366,-0.07358636753301717,1.05
box(6),0.613629893370691,0.28012731439214145,1.05
box(5),0.4762504034664139,-0.3121350719988393,1.05
box(4),0.46748479611373206,0.33438776486568833,1.05
box(3),0.3434090693106179,0.46327234201337053,1.05
box(2),0.5796301884230679,-0.17037523343540528,1.05
box(1),0.32180087463168194,-0.37589348316505,1.05
box(0),0.34690878070023506,0.07109905064666922,1.05
box(9),0.6208057867837004,0.08706079647042075,1.05
box(8),0.6225674193071311,-0.3828214223257773,1.05
box(7),0.5969123540011929,0.4913433647945724,1.05
box(6),0.3892253645598396,-0.07873150187895805,1.05
box(5),0.33347683861822275,0.23328983325320107,1.05
box(4),0.6444451509094837,0.32329994300284925,1.05
box(3),0.4842785583224807,0.2857359369831922,1.05
box(2),0.4736913039301018,-0.2768868331566601,1.05
box(1),0.3222551832628867,0.4074935443309502,1.05
box(0),0.3246470230718784,-0.32944654384782535,1.05
box(9),0.5601716710530261,-0.08519092634469694,1.05
box(8),0.6137148377269543,0.08706301741954503,1.05
box(7),0.4540151212150265,0.1331769161450811,1.05
box(6),0.30881149201002983,0.08028160082890057,1.05
box(5),0.6144102134567626,-0.40336683092077297,1.05
box(4),0.5096933573274909,0.48547813942080464,1.05
box(3),0.3014864196021518,0.24138518293680356,1.05
box(2),0.6068812377389359,0.32767782103109067,1.05
box(1),0.46876437672158133,-0.49343982513158224,1.05
box(0),0.4919087537705377,-0.3146161890940127,1.05
box(9),0.31744048920267925,-0.3670162258003752,1.05
box(8),0.36528485097107716,0.41830916752109715,1.05
box(7),0.5861135756132172,-0.05183040897111313,1.05
box(6),0.6098891638572054,0.1426672977931739,1.05
box(5),0.40004800939730656,-0.14352884453591763,1.05
box(4),0.3522416691520864,0.014743153234337614,1.05
box(3),0.6493573164318707,-0.28213286749228617,1.05
box(2),0.4109068499620334,0.17336466117825844,1.05
box(1),0.6342831000509552,-0.48914835851688565,1.05
box(0),0.6224698768051814,0.3139407899077006,1.05
box(9),0.611082716326131,0.47521103839981294,1.05
box(8),0.4098664464439544,-0.3176435964173796,1.05
box(7),0.314560328431132,0.34003349159079965,1.05
box(6),0.5275801848188364,-0.028316822070909797,1.05
box(5),0.30618561833705926,-0.4618757717839943,1.05
box(4),0.452874075680637,0.45028298008129075,1.05
box(3),0.31310493596903266,0.003961920363563354,1.05
box(2),0.6034340122982573,-0.29696508077346173,1.05
box(1),0.41264056679970473,0.17959041174469514,1.05
box(0),0.6070376743445542,0.12482795084962062,1.05
box(9),0.5192982079965291,0.31179405416718664,1.05
box(8),0.623369210394392,0.4339009214670624,1.05
box(7),0.396433213766727,-0.23687397128041787,1.05
box(6),0.4556334809332665,-0.4294486042392144,1.05
box(5),0.43306076370915364,-0.0891913547000428,1.05
box(4),0.6127009921156863,-0.4530166435288867,1.05
box(3),0.37803683538368554,0.4440313508365933,1.05
box(2),0.30911651919634636,-0.00426209183813564,1.05
box(1),0.5839828170881729,-0.20201121120836962,1.05
box(0),0.30213018377444323,-0.36459718738042024,1.05
box(9),0.5959202636846035,0.07901455588883821,1.05
box(8),0.32605700420807415,0.28647389849868965,1.05
box(7),0.5367220336088567,0.33479158845723334,1.05
box(6),0.38240248172470503,0.12741189941597053,1.05
box(5),0.4232571521997147,-0.2480443965105893,1.05
box(4),0.4247457250809184,-0.4925799232809164,1.05
box(3),0.5814864237890962,-0.49478733744033265,1.05
box(2),0.35759749080945197,0.4876055424458138,1.05
box(1),0.3995395646963731,-0.055869546829665495,1.05
box(0),0.6175867761444043,-0.14528080300812307,1.05
box(9),0.5914253603298086,-0.31633608370207045,1.05
box(8),0.5876881906338396,0.1884480624910312,1.05
box(7),0.5482765308730035,0.00503686148512561,1.05
box(6),0.5753207472295716,0.428889233230085,1.05
box(5),0.3928260569662266,0.1803499068659583,1.05
box(4),0.3187731369319805,-0.30457414714941133,1.05
box(3),0.437947816476458,-0.4015879358105947,1.05
box(2),0.3742568114093269,0.33459856187422565,1.05
box(1),0.6214007132796592,-0.49790389333349394,1.05
box(0),0.44517917404074675,-0.14918639813237733,1.05
box(9),0.37852026210910766,-0.0005202066607616906,1.05
box(8),0.6232197961877681,-0.20538613845503884,1.05
box(7),0.5917787994621491,0.23031182100296588,1.05
box(6),0.5180459648248612,0.07656358569212018,1.05
box(5),0.6097957778085613,0.4434927675358663,1.05
box(4),0.4149177921222685,0.49485446783985,1.05
box(3),0.3354127848765743,0.18333340758899086,1.05
box(2),0.34502267637466366,-0.45350336438805405,1.05
box(1),0.4895524084000253,-0.3737656899316907,1.05
box(0),0.4237418981259547,0.3441055305705045,1.05
box(9),0.4551521903763265,-0.17256101767907217,1.05
box(8),0.3013802192318496,-0.2852805086143071,1.05
box(7),0.6072741530382514,-0.07470167755274726,1.05
box(6),0.31313636211944373,-0.06951705887722703,1.05
box(5),0.5463218575531986,0.2113037286258851,1.05
box(4),0.4330071062982366,0.03999940743910224,1.05
box(3),0.62989993444951,-0.2619749505721922,1.05
box(2),0.5575816684204982,0.48602445243929715,1.05
box(1),0.3415665365710048,0.21748703855317697,1.05
box(0),0.527801251897758,-0.49465663260061254,1.05
box(9),0.4318954524772895,0.34797472009839614,1.05
box(8),0.45191457945591906,-0.36288071050687654,1.05
box(7),0.3409276188162217,-0.24094158550676936,1.05
box(6),0.5442996293051399,-0.09300051582021185,1.05
box(5),0.36466777522125104,-0.49154113881872874,1.05
box(4),0.5278071841179619,0.18433245272312926,1.05
box(3),0.612057734752543,0.0482315715645113,1.05
box(2),0.6210360846991543,0.32659669714796435,1.05
box(1),0.37398519734914154,0.07034682890553157,1.05
box(0),0.5253583552912088,0.4720948973257981,1.05
box(9),0.5966533500084391,-0.2595687923557709,1.05
box(8),0.3337367826220614,0.35981872686740235,1.05
box(7),0.5655686120272225,-0.4230358925799741,1.05
box(6),0.3136080672941388,-0.16010411741226682,1.05
box(5),0.34855066085004377,-0.33316331841118163,1.05
box(4),0.4576363665799788,-0.09341430576893006,1.05
box(3),0.4099901702775126,-0.47804691614931893,1.05
box(2),0.5346550093019156,0.14272799969593808,1.05
box(1),0.6146092888520014,-0.012237269093864689,1.05
box(0),0.31156594111010005,0.19480924651729414,1.05
box(9),0.5197760776141398,0.303296317746375,1.05
box(8),0.5721186233394697,-0.23748942840452225,1.05
box(7),0.4509504852012727,0.4664745072069588,1.05
box(6),0.6265225685043259,-0.3890693528896281,1.05
box(5),0.3383736148119673,0.03225080029830962,1.05
box(4),0.6486282526829867,0.39635688954366155,1.05
box(3),0.3062335831275347,-0.27990509140176556,1.05
box(2),0.43763737109112266,-0.4963792807700429,1.05
box(1),0.6286525467595172,0.14154917844776915,1.05
box(0),0.4686433328930446,-0.07668973573087012,1.05
box(9),0.35318182743983073,0.2335452107484567,1.05
box(8),0.6339590761547604,-0.04443627558623786,1.05
box(7),0.45589465792472117,-0.24238973227408234,1.05
box(6),0.41543138005873087,0.4096636802891337,1.05
box(5),0.635122629145793,-0.2117797229362992,1.05
box(4),0.591561172738577,-0.37162763317347536,1.05
box(3),0.3492230171560808,0.03505394485997526,1.05
box(2),0.6249672337129349,0.44596802866454255,1.05
box(1),0.40852520413748894,-0.3963511002133697,1.05
box(0),0.5563949444648507,0.15811348013275672,1.05
box(9),0.3017989942643578,-0.2024404904219811,1.05
box(8),0.4002825227683682,0.24752596690647,1.05
box(7),0.5539067359442298,-0.0055966799246771615,1.05
box(6),0.4688590160235201,-0.1348597053809466,1.05
box(5),0.43105862827416563,0.4186750227522583,1.05
box(4),0.6253863300634543,-0.18976022332862008,1.05
box(3),0.6354552003464611,-0.40332568336247143,1.05
box(2),0.3017438529678653,0.022568091865141415,1.05
box(1),0.5555687319843599,0.30871470984352234,1.05
box(0),0.3711859159734954,-0.4124848936094492,1.05
box(9),0.633839229044071,0.4740696779757656,1.05
box(8),0.3282790626753346,-0.19145712117602187,1.05
box(7),0.4011057773285396,0.21831053790758104,1.05
box(6),0.5792328035893918,0.014968895619676181,1.05
box(5),0.487677064342277,-0.2789190689703779,1.05
box(4),0.4380700726398553,0.4345606769677136,1.05
box(3),0.5847446713669816,-0.1383315683251849,1.05
box(2),0.5264221912210043,-0.49736133364262247,1.05
box(1),0.6363110515464976,-0.34328657966121556,1.05
box(0),0.39106035366043856,-0.042333232660588194,1.05
box(9),0.31985692342251987,-0.3769919463556193,1.05
box(8),0.6490779242908014,0.33044872537497394,1.05
box(7),0.30407858972798835,-0.21501198498302632,1.05
box(6),0.46084807061241895,0.22389785226748626,1.05
box(5),0.5989338790059228,0.056127686413943834,1.05
box(4),0.32583696804387946,0.303344841413267,1.05
box(3),0.5244229427507432,0.42588843516832775,1.05
box(2),0.6491933585981565,-0.17771196497057107,1.05
box(1),0.4715410054709223,-0.18185541296853847,1.05
box(0),0.5713982213968994,-0.36326447121296346,1.05
box(9),0.4295662549750278,-0.010457387649798644,1.05
box(8),0.40758172119241,-0.33197047823747927,1.05
box(7),0.6375833301578444,0.2403088638878026,1.05
box(6),0.30037550348689385,-0.18145762338080496,1.05
box(5),0.3351900284686981,0.1242865750280655,1.05
box(4),0.6449592897968934,0.03156414594108825,1.05
box(3),0.38949541553132655,0.3012661777788683,1.05
box(2),0.43500483685069147,-0.4818794290626839,1.05
box(1),0.37967345153799364,0.48977785605707036,1.05
box(0),0.5287030124238382,-0.17197122038435564,1.05
box(9),0.5326753601753551,0.3530094041810461,1.05
box(8),0.635956760068411,-0.4588571629121926,1.05
box(7),0.4932031227559768,0.11008114048553852,1.05
box(6),0.3632805727389341,-0.34122062553200205,1.05
box(5),0.6482640716800423,0.49949599601922934,1.05
box(4),0.5219902484271317,-0.34913868563037076,1.05
box(3),0.3032245930389349,-0.17305443771997686,1.05
box(2),0.3338590781466269,0.2129733601073821,1.05
box(1),0.6405209378794299,0.23994630113523452,1.05
box(0),0.31068910244721787,0.04369492229715011,1.05
box(9),0.5096250822487106,-0.18127070225845732,1.05
box(8),0.39952175645294746,0.46308793844974616,1.05
box(7),0.624475611425862,-0.04066874016976385,1.05
box(6),0.46652464576415287,-0.020345397570391555,1.05
box(5),0.3003505908099989,-0.33982835014800783,1.05
box(4),0.6487570748283138,0.4059316617475429,1.05
box(3),0.5732289983290498,-0.3613382100897331,1.05
box(2),0.5354792217527871,0.11850624812390331,1.05
box(1),0.4970975774842493,-0.49225849833156454,1.05
box(0),0.3475041082324871,0.2795234649358356,1.05
box(9),0.3093434832514326,-0.10976178091211342,1.05
box(8),0.42429403462855103,-0.25338747782808846,1.05
box(7),0.48619862903852645,0.48834186899566656,1.05
box(6),0.3292214333204381,0.4377882057992496,1.05
box(5),0.546775545531739,-0.09939465911759315,1.05
box(4),0.3297657515122954,-0.3835490016180394,1.05
box(3),0.3992291567323922,0.04232929137391217,1.05
box(2),0.5894033608327549,-0.3446104601811337,1.05
box(1),0.5983658491961141,0.3209190367965643,1.05
box(0),0.5501196310514355,0.07859364277939507,1.05
box(9),0.49720966655877097,-0.492646705765016,1.05
box(8),0.3050419669608448,0.2659893496224145,1.05
box(7),0.36368702396537567,-0.21253706066314604,1.05
box(6),0.5367199959955475,0.47254021933945667,1.05
box(5),0.34753754838150486,0.42363513043668133,1.05
box(4),0.5241725194936016,-0.1848394056360163,1.05
box(3),0.34134666812528935,-0.39403932240611583,1.05
box(2),0.325007683070995,-0.03966477134369417,1.05
box(1),0.636172537068378,-0.058915952531557014,1.05
box(0),0.5523549958513714,0.28759015205340654,1.05
box(9),0.4241141421780888,0.1617716128589629,1.05
box(8),0.48051796084165443,-0.4607369220570584,1.05
box(7),0.6297625797325811,-0.40366999573252493,1.05
box(6),0.6400705523375037,0.1270842444095691,1.05
box(5),0.5748028445796503,0.45966459419318273,1.05
box(4),0.36512694627588926,-0.2262133919425543,1.05
box(3),0.5461989384001179,-0.2592248876319453,1.05
box(2),0.30962741057049986,-0.490020614398167,1.05
box(1),0.3287100909970195,0.48926621277326277,1.05
box(0),0.4873604722911612,-0.06452910847670235,1.05
box(9),0.3118595684915721,0.028720102895752775,1.05
box(8),0.4708585085014252,0.2713581341844852,1.05
box(7),0.643555270086833,-0.1064831238123165,1.05
box(6),0.5134943027427078,-0.41187758299811894,1.05
box(5),0.583639281608616,0.050700575244462476,1.05
box(4),0.581201702915693,0.48470229784574215,1.05
box(3),0.3727497176091455,-0.3144753855590021,1.05
box(2),0.5235444453915158,-0.22487068997386372,1.05
box(1),0.6266167492713903,0.22315285206330748,1.05
box(0),0.6488434816957545,-0.3405115145962032,1.05
box(9),0.30468574020157657,0.21997539482558937,1.05
box(8),0.3918433198682407,-0.08136427314694938,1.05
box(7),0.34724671769510584,0.39288753412191635,1.05
box(6),0.31828685674185214,-0.4935504759244381,1.05
box(5),0.45888076239162867,0.17188581420424653,1.05
box(4),0.5820781033797655,0.07463865716104612,1.05
box(3),0.6239041849944161,0.4672835873564334,1.05
box(2),0.512302065474754,-0.4637234383856774,1.05
box(1),0.4890136926560442,0.32514782983937585,1.05
box(0),0.30031793460242423,-0.24575629784713837,1.05
box(9),0.5762390235657984,-0.2121919613148845,1.05
box(8),0.6487928459165322,-0.3719547639231705,1.05
box(7),0.41536947398517776,-0.1300289896462551,1.05
box(6),0.31364244186949647,0.4314945689417109,1.05
box(5),0.30974502686401045,0.025068304814964137,1.05
box(4),0.6454813925060259,0.2128053720136669,1.05
box(3),0.6129202121933615,-0.031051009864615953,1.05
box(2),0.3508534135017707,-0.48598182724715,1.05
box(1),0.47308478370621443,0.027454792244791304,1.05
box(0),0.42429962276021166,0.206937208439251,1.05
box(9),0.5911462816725747,0.36114042830817494,1.05
box(8),0.3099735058447327,-0.2805653875013646,1.05
box(7),0.5906624794325812,-0.2689163246335251,1.05
box(6),0.4390144009199277,-0.13173792352222102,1.05
box(5),0.40803374960425864,0.40273448278347534,1.05
box(4),0.5645364929790128,-0.4421010060383126,1.05
box(3),0.6285075931803505,0.1274046282119744,1.05
box(2),0.3128615715681526,0.029566420285154438,1.05
box(1),0.5938924545574834,-0.10655895768117407,1.05
box(0),0.49661422714600173,0.018346653714238048,1.05
box(9),0.3653614137899706,0.24523388379742828,1.05
box(8),0.6376754409960115,0.30791247798115196,1.05
box(7),0.3279527076531048,-0.2828358235718432,1.05
box(6),0.5783013008604533,-0.2745769346940574,1.05
box(5),0.3664949719572563,-0.11698098910241239,1.05
box(4),0.40069889220313376,0.40482232877034474,1.05
box(3),0.3555110637976116,-0.44362423664282624,1.05
box(2),0.6488369565583516,-0.44513147267982267,1.05
box(1),0.3172134269503241,0.09192943647136231,1.05
box(0),0.5862597241699015,0.4543058485698609,1.05
box(9),0.5788691650700468,0.13672731441114228,1.05
box(8),0.5404801927093883,-0.034865098968914654,1.05
box(7),0.34891388775544047,0.24894056608604354,1.05
box(6),0.3379482929145468,-0.267852819333392,1.05
box(5),0.5358816970765083,-0.2727929173905501,1.05
box(4),0.40564020583865157,-0.12366073774435837,1.05
box(3),0.3301169148549742,0.4616576379585531,1.05
box(2),0.3504262727027608,-0.43574085746887325,1.05
box(1),0.5088220427712065,0.27222967517470664,1.05
box(0),0.6355261561542509,-0.4053905781052709,1.05
box(9),0.358654683527326,0.05012206411129472,1.05
box(8),0.5894620236551078,0.4596307266020161,1.05
box(7),0.6446856204537581,-0.004061600114860786,1.05
box(6),0.30624333314570135,0.2491508345798693,1.05
box(5),0.6402974985271972,0.17402297298630343,1.05
box(4),0.40692345894322557,-0.29004640892635636,1.05
box(3),0.6405813035823698,-0.19204635586340646,1.05
box(2),0.38380916730685827,0.45126790129510763,1.05
box(1),0.5012535463429864,-0.1083350103290669,1.05
box(0),0.47432318298374565,-0.4422238175410751,1.05
box(9),0.6370827637247598,-0.38541145635549756,1.05
box(8),0.30452382340138207,0.037720332752371966,1.05
box(7),0.5169843371436067,0.08308804124774027,1.05
box(6),0.6165905475241333,0.3501846794548701,1.05
box(5),0.30950491459219054,-0.4582198236235234,1.05
box(4),0.3625516317215013,0.2975510206909565,1.05
box(3),0.6462706260962454,0.006946554197642896,1.05
box(2),0.4054495785438705,-0.230944634262505,1.05
box(1),0.4690974508157497,0.4416629582470861,1.05
box(0),0.5254265150126793,-0.12479440489987659,1.05
box(9),0.4946448196174258,-0.48230524101425454,1.05
box(8),0.5259064834997953,-0.32180615291003667,1.05
box(7),0.32804211531458616,0.1420132345177234,1.05
box(6),0.4500384349950488,0.008303816557707955,1.05
box(5),0.5421080502005132,0.18282836631776456,1.05
box(4),0.6238607090900841,0.425152245623008,1.05
box(3),0.3102966770377285,-0.4721529500320173,1.05
box(2),0.6460523704573102,0.0014897804640580103,1.05
box(1),0.30905182037185563,-0.27697932626401267,1.05
box(0),0.36133174089838793,-0.13075490070243367,1.05
box(9),0.4619364420165496,0.4916858668426436,1.05
box(8),0.31915370503912693,0.30775934476933076,1.05
box(7),0.550112928265226,-0.3005578510187301,1.05
box(6),0.6061342857902245,-0.4408964322125648,1.05
box(5),0.46292351799329146,0.004708873395572466,1.05
box(4),0.5551234180656992,0.27973843543952304,1.05
box(3),0.3150876415132675,0.047016261206542787,1.05
box(2),0.5614453201717928,0.12737637737911733,1.05
box(1),0.6263780715260387,0.49129255162760654,1.05
box(0),0.34296569409418204,-0.30922359018447476,1.05
box(9),0.3026625836307936,-0.15592582111494246,1.05
box(8),0.43976855838380513,0.404278381266692,1.05
box(7),0.36591078829048895,-0.4731681036638089,1.05
box(6),0.4851492505159595,-0.20855968849011863,1.05
box(5),0.5876067703424284,-0.429045552479278,1.05
box(4),0.3062071089519542,0.3327157709931583,1.05
box(3),0.6486851434961454,0.2572053263831442,1.05
box(2),0.44120560568311984,0.00856069485857791,1.05
box(1),0.6339223563237668,-0.14318518689349602,1.05
box(0),0.3297828614125318,0.15446312889525882,1.05
box(9),0.502915990780811,0.2105626140333392,1.05
box(8),0.6124917961043197,0.46694082960409833,1.05
box(7),0.3106020710007506,-0.07519467111981226,1.05
box(6),0.3139899920671243,-0.36208454979135873,1.05
box(5),0.48719387694269345,-0.19628181671026723,1.05
box(4),0.5185715356585149,-0.4101907332420638,1.05
box(3),0.3467313175841794,0.4420383026943462,1.05
box(2),0.6400471160505432,0.04041075935531757,1.05
box(1),0.4555294393425701,0.0014991680294771381,1.05
box(0),0.48260919663288526,0.37304102577359455,1.05
box(9),0.3225375094199755,0.2498918169472516,1.05
box(8),0.6496474582218084,-0.2179373475729568,1.05
box(7),0.49047338790321376,0.1768104071400659,1.05
box(6),0.5710437940876776,0.49788494813370343,1.05
box(5),0.6317928320930153,0.2540559953286663,1.05
box(4),0.3028257525959025,-0.09234221715315039,1.05
box(3),0.3719905316478265,-0.43162379006426366,1.05
box(2),0.5207576992414262,-0.4513963306225226,1.05
box(1),0.644966785018771,-0.040289459638802594,1.05
box(0),0.3380435306723268,0.06139372721397429,1.05
box(9),0.4895089394419582,0.36823042972792686,1.05
box(8),0.45352518477256976,-0.2714458295675187,1.05
box(7),0.403078056597942,0.4976346004679765,1.05
box(6),0.3005272857233121,0.24860924516950067,1.05
box(5),0.5669995494761036,0.09629480632060705,1.05
box(4),0.46933529198697416,-0.026124279707089193,1.05
box(3),0.3012942085413763,-0.08644552720425402,1.05
box(2),0.31892232112988,-0.43455606296501614,1.05
box(1),0.6117911281642445,-0.4169545135177132,1.05
box(0),0.4435427103439541,0.18315852654619802,1.05
box(9),0.6068061005013796,-0.19514998695912456,1.05
box(8),0.5112464537876371,0.3251141274723629,1.05
box(7),0.3559953156608881,-0.2511934343437485,1.05
box(6),0.3604392148809153,0.4179456498606058,1.05
box(5),0.4948788351021183,-0.31722297028516067,1.05
box(4),0.6097839950493265,0.4967007971728402,1.05
box(3),0.5739154076912193,0.05904686236453194,1.05
box(2),0.3387342998794504,-0.0332125762942066,1.05
box(1),0.3168193198930275,-0.49641602002589547,1.05
box(0),0.5008561885805147,-0.49661859584421475,1.05
box(9),0.6361678773229216,-0.3762956611589726,1.05
box(8),0.6343364591037806,-0.10909516144495401,1.05
box(7),0.41504595337441186,0.1951393851329576,1.05
box(6),0.3046431051894983,-0.3432255161268083,1.05
box(5),0.574489497155965,0.2576248149102325,1.05
box(4),0.46959836308557334,0.40117115178646534,1.05
box(3),0.3216205331084333,0.4287124385916198,1.05
box(2),0.5002552359672712,-0.31037376572294983,1.05
box(1),0.38198562765715316,-0.1012001210733835,1.05
box(0),0.314018955864997,0.060880046663560394,1.05
box(9),0.5528275142450898,0.09415108021397078,1.05
box(8),0.5347590632059017,-0.46127852204919606,1.05
box(7),0.5888359281384372,-0.162674378062158,1.05
box(6),0.3467048488105756,0.26652652342167193,1.05
box(5),0.317289609017168,-0.38509806160834303,1.05
box(4),0.6321504258678166,0.4429610153342942,1.05
box(3),0.6159391871648492,0.2554020734648912,1.05
box(2),0.4368656877393221,0.4896583694198995,1.05
box(1),0.43059393604902857,-0.24535923350796152,1.05
box(0),0.3307200972268424,-0.10194000759467692,1.05
box(9),0.3083637360987731,0.10248924484122102,1.05
box(8),0.6151634105196125,0.04428547378505199,1.05
box(7),0.618030322868417,-0.3550448798636635,1.05
box(6),0.5986278923272349,-0.14498896805632144,1.05
box(5),0.37837464966547535,0.24533567370098608,1.05
box(4),0.3130712095605308,-0.3516091417356214,1.05
box(3),0.6492347389697176,0.44171483741966056,1.05
box(2),0.607781628145686,0.1989751482332891,1.05
box(1),0.45079771437144933,-0.4226709726226845,1.05
box(0),0.44245925358571103,0.3989783381892945,1.05
box(9),0.4287684904126186,-0.18997837313182675,1.05
box(8),0.35986258803171794,0.02105504985228468,1.05
box(7),0.6375957578378538,0.04055823784128598,1.05
box(6),0.6405786113220295,-0.33668644874291564,1.05
box(5),0.632336510276517,-0.16658346400231616,1.05
box(4),0.3426219033942854,0.21022136926800183,1.05
box(3),0.3002810348494859,-0.37495827444956986,1.05
box(2),0.648464702169118,0.3626250524847292,1.05
box(1),0.5079466283514726,0.22707182158850325,1.05
box(0),0.4261075571328691,-0.47433270727233523,1.05
box(9),0.5179920995678475,0.4990401545137665,1.05
box(8),0.40447746370607784,-0.1868900831144834,1.05
box(7),0.3247276960636236,0.4195707005513043,1.05
box(6),0.4743898150342093,-0.0026611148665426354,1.05
box(5),0.6378244115387481,-0.42883577816177365,1.05
box(4),0.6015390222904285,-0.15114518281125744,1.05
box(3),0.31050721311753193,0.16194335812651883,1.05
box(2),0.533438125935259,-0.2959920441242203,1.05
box(1),0.6210109958977785,0.34693389736531144,1.05
box(0),0.5102717074052985,0.15106295495305933,1.05
box(9),0.42245651797766426,-0.42378943372710765,1.05
box(8),0.5102968618697056,0.47800133657292254,1.05
box(7),0.30655453598760024,-0.06508202512483585,1.05
box(6),0.37272695871570316,-0.22798873834750144,1.05
box(5),0.6492620957338726,0.03211412546563652,1.05
box(4),0.5845700726824514,-0.4457915870729494,1.05
box(3),0.41244922600791434,0.31440430630177074,1.05
box(2),0.3055511442705081,0.4901022789451003,1.05
box(1),0.6392171124021411,-0.15875393636191915,1.05
box(0),0.6461818399820201,0.3911392466024478,1.05
box(9),0.5966953655459448,0.21462358781329594,1.05
box(8),0.33423042807214803,-0.39962742394223105,1.05
box(7),0.48905386539356643,-0.008013061398589594,1.05
box(6),0.32581369781026215,-0.03860969346421794,1.05
box(5),0.31320766980266196,0.1951779312154358,1.05
box(4),0.4609865395161996,0.48874903538109704,1.05
box(3),0.5840060020167022,-0.35926478188168465,1.05
box(2),0.3421944357021904,-0.2019718594558323,1.05
box(1),0.4765034522490059,-0.4963000776778502,1.05
box(0),0.5511391133824547,-0.15003979908056408,1.05
box(9),0.3058496130191183,0.4245742861185843,1.05
box(8),0.4990382340978534,0.24790838189056674,1.05
box(7),0.309891287606789,-0.4355464686721344,1.05
box(6),0.6111042840907943,0.016799125778615975,1.05
box(5),0.47027907793244755,0.1001557434629412,1.05
box(4),0.31073505344999514,0.07036651913304937,1.05
box(3),0.6407558511350284,0.39677206623454,1.05
box(2),0.49501911190739417,0.4788470039985564,1.05
box(1),0.6050392627608759,-0.41743236052560695,1.05
box(0),0.3180101056137357,-0.14997815970895412,1.05
box(9),0.3051626585216939,0.26908553473810104,1.05
box(8),0.5549704941059668,-0.23965032373276507,1.05
box(7),0.5139314714356318,0.26497207488553864,1.05
box(6),0.3044753610945648,-0.4637818482492967,1.05
box(5),0.5130846138463385,-0.06456731533735693,1.05
box(4),0.5897700172131988,0.07669189112674724,1.05
box(3),0.4522029820174003,-0.38057498420182245,1.05
box(2),0.37669865119261564,0.1044518855786466,1.05
box(1),0.6322568115943201,0.36105564834107695,1.05
box(0),0.5291177564921511,0.485624423459156,1.05
box(9),0.3155177490214558,-0.03980335403520119,1.05
box(8),0.3100965820159379,0.34458338007289413,1.05
box(7),0.6096242371716458,-0.2666567819394684,1.05
box(6),0.3892994438043373,-0.2381883372740563,1.05
box(5),0.5205108382094032,0.23221528668564018,1.05
box(4),0.5310189645025701,-0.088674135570463,1.05
box(3),0.6007908032493283,0.061514826615915896,1.05
box(2),0.562548079951088,-0.4272320269251937,1.05
box(1),0.314508894874824,-0.3955204874355832,1.05
box(0),0.3192121936271179,0.16587787608980964,1.05
box(9),0.6230631464192804,0.456565112406495,1.05
box(8),0.3729077320441828,0.00755476052757309,1.05
box(7),0.3068334630274685,0.3569802789852393,1.05
box(6),0.5714310478927919,-0.2440584318452903,1.05
box(5),0.36486320469923655,-0.23484477230169476,1.05
box(4),0.5178727593454068,0.21348772050693055,1.05
box(3),0.46917151944751034,0.4125560032749016,1.05
box(2),0.6318043032218144,-0.05395295142427925,1.05
box(1),0.6338102703103952,-0.3975091033214684,1.05
box(0),0.3271501160045988,-0.48336946794147617,1.05
box(9),0.49203684445770357,-0.46920674767813075,1.05
box(8),0.337393436616662,0.16215407680890603,1.05
box(7),0.48439958968881036,-0.09187959649762234,1.05
box(6),0.3330772931183511,-0.05332392507448791,1.05
box(5),0.5070727984327503,0.0565543148314841,1.05
box(4),0.4333349561119738,-0.3073319355648295,1.05
box(3),0.5717356887910523,0.26488895664593226,1.05
box(2),0.40929846258645536,0.3118621274083091,1.05
box(1),0.6318327884544228,-0.18555052322130716,1.05
box(0),0.6214089683173776,-0.3610546583932964,1.05
box(9),0.6183817128213764,0.46031785367466116,1.05
box(8),0.3068508449266883,0.46858330966996686,1.05
box(7),0.5076797799754798,-0.47484731293450666,1.05
box(6),0.30614544993145043,-0.4501888132456805,1.05
box(5),0.4779505431420582,-0.11103788477456422,1.05
box(4),0.42322033176254475,0.03718826714134771,1.05
box(3),0.42811440697018327,-0.2634774214276948,1.05
box(2),0.4636859807064754,0.4931887578612467,1.05
box(1),0.5263077368980655,0.2971690870696212,1.05
box(0),0.6235024082930765,-0.06770499055717816,1.05
box(9),0.6479166281511097,-0.38557010501836775,1.05
box(8),0.6029514445105509,0.1303908912014704,1.05
box(7),0.3485961708267196,0.18222267155714789,1.05
box(6),0.31751722128894666,0.37185860353119193,1.05
box(5),0.3921150218011516,-0.4313849038558636,1.05
box(4),0.34551854902778956,-0.12770981749145727,1.05
box(3),0.6186794122041138,-0.23562086488948697,1.05
box(2),0.4623233904424017,0.03911694323287307,1.05
box(1),0.5369644036733159,0.4722330446400873,1.05
box(0),0.30055874455834436,-0.2920017732008404,1.05
box(9),0.5044872676834906,0.2865482344090249,1.05
box(8),0.622701687269426,-0.06978329466373911,1.05
box(7),0.606249652247931,-0.4332816239807131,1.05
box(6),0.45731805152606786,-0.29120154460061,1.05
box(5),0.3096727397056141,0.1693316090236736,1.05
box(4),0.3007127823912684,0.3707339542641287,1.05
box(3),0.3839176988628207,-0.45584105833467703,1.05
box(2),0.36082878322210127,-0.09824778712428417,1.05
box(1),0.46161686402239266,0.08271197946680031,1.05
box(0),0.5704974247625612,0.44561894872077235,1.05
box(9),0.6089272560660681,0.15222068875440675,1.05
box(8),0.443787858457102,0.24587796594958777,1.05
box(7),0.6264359165303885,-0.22465004714661985,1.05
box(6),0.5662631417307837,-0.49458621293340643,1.05
box(5),0.3625657236386637,-0.29965919034935096,1.05
box(4),0.5195368379462558,-0.08774384374943955,1.05
box(3),0.3543727282006701,0.44175644572694495,1.05
box(2),0.3114658510985643,-0.4446663908034727,1.05
box(1),0.32190851827709643,-0.024684679759928163,1.05
box(0),0.6344914305606513,0.30605655735709825,1.05
box(9),0.5676234159680946,0.45926189158196007,1.05
box(8),0.5784893347241178,0.052065180103437636,1.05
box(7),0.4575868375066757,0.18949933828134158,1.05
box(6),0.5827993310474513,-0.24290156776796257,1.05
box(5),0.32800655841451526,0.2734951364565258,1.05
box(4),0.34977541377682897,-0.2882971039376838,1.05
box(3),0.42108938270080093,-0.15156072747900884,1.05
box(2),0.3539903534154003,0.42342146275884796,1.05
box(1),0.508149439204598,-0.4517873544026716,1.05
box(0),0.33389574610041045,-0.49026756838276486,1.05
box(9),0.6083222697476302,0.28755308218680964,1.05
box(8),0.3466857057977084,-0.018508527533784624,1.05
box(7),0.5618713720115789,0.44031864471944526,1.05
box(6),0.6409368700240214,-0.10054838096825758,1.05
box(5),0.5755559877436627,-0.26067455043051513,1.05
box(4),0.5037476517215754,0.06242243538288916,1.05
box(3),0.4374362061319046,0.27633270635576135,1.05
box(2),0.32495504544928916,-0.2357743945702303,1.05
box(1),0.47336215171166396,-0.14407162201145063,1.05
box(0),0.48687738543741027,-0.42353767874770687,1.05
box(9),0.3341951958503353,0.45266939562176944,1.05
box(8),0.649438058692779,0.21257592299794748,1.05
box(7),0.316586325926694,0.08326156402850371,1.05
box(6),0.6130064994285411,0.45853730821786864,1.05
box(5),0.629739010820012,-0.060383772868878305,1.05
box(4),0.6393076528954547,-0.3841604176175585,1.05
box(3),0.4819889791173815,0.12787823580625168,1.05
box(2),0.4353646643864042,0.2818173873301939,1.05
box(1),0.30713631876614467,-0.24232162574313132,1.05
box(0),0.32301174759399215,-0.0844783110052637,1.05
box(9),0.5001947365537679,-0.26624083189606296,1.05
box(8),0.3116554432250877,0.3719188549542164,1.05
box(7),0.42301937607748064,-0.4802277919946166,1.05
box(6),0.6122362654125989,0.22094396851182052,1.05
box(5),0.4623827982569545,0.4802646224198053,1.05
box(4),0.31074680572266417,0.14197545796549904,1.05
box(3),0.6194135674993371,-0.4522617729783258,1.05
box(2),0.5730608893629747,-0.10519948875699547,1.05
box(1),0.4436039557927717,0.04423169211802547,1.05
box(0),0.31639350157989304,-0.29708594178987235,1.05
box(9),0.4408555652664991,0.2872584672469335,1.05
box(8),0.31307327093229803,-0.05116819851760701,1.05
box(7),0.5960816637416908,0.4045012933058999,1.05
box(6),0.49837750497256,-0.33559687754050316,1.05
box(5),0.5982453275497556,0.25136447795072747,1.05
box(4),0.33737555847193296,0.48242555733313,1.05
box(3),0.3065109332543888,0.1426702297181941,1.05
box(2),0.627555107394167,-0.4757188511047127,1.05
box(1),0.5787790307283726,-0.17250463529877924,1.05
box(0),0.3155815269762838,-0.4661789699224823,1.05
box(9),0.3660371692684311,-0.2213194339374377,1.05
box(8),0.4088002789752406,0.2630925709332721,1.05
box(7),0.3758646753524274,-0.02026112870441943,1.05
box(6),0.5370716226591336,0.47374621040405906,1.05
box(5),0.46702622387313397,-0.3370406653394109,1.05
box(4),0.5620062437531108,0.16975725285621002,1.05
box(3),0.3670802301972738,0.4823954085027482,1.05
box(2),0.32145399313913103,0.13126865496489593,1.05
box(1),0.6036732974616594,-0.44573756047456603,1.05
box(0),0.5909519728997965,-0.07412904169548395,1.05
box(9),0.3548783412627407,-0.4650181821745363,1.05
box(8),0.3611094320810064,-0.20841407949004576,1.05
box(7),0.606372391332208,-0.22749195925438948,1.05
box(6),0.43184620377749305,-0.046868850149227814,1.05
box(5),0.36045070512079697,0.3097297150800875,1.05
box(4),0.6075253615956654,0.32181142743658353,1.05
box(3),0.5537092908201889,0.11476336784373109,1.05
box(2),0.3934409683780177,0.4918419675370316,1.05
box(1),0.37889033648305326,0.1030810425233446,1.05
box(0),0.5275894684836469,-0.483530512371644,1.05
box(9),0.6123819333199837,0.4894775586858059,1.05
box(8),0.3782846087963484,-0.45371877185412557,1.05
box(7),0.4776614013465668,-0.33636276139795107,1.05
box(6),0.5645185763743212,-0.18604099593183165,1.05
box(5),0.39527219129636115,-0.10414838229930123,1.05
box(4),0.44287379040409747,0.29159559334253726,1.05
box(3),0.6370625763201743,-0.043583771228512425,1.05
box(2),0.6481458967146518,0.12625970019402621,1.05
box(1),0.44368812049350104,0.46380819928711337,1.05
box(0),0.6169983577647429,0.320928466815274,1.05
box(9),0.30642527811923764,-0.23788448678645302,1.05
box(8),0.5334257836094446,-0.4756820885526929,1.05
box(7),0.4006746484608999,0.0977522894782401,1.05
box(6),0.41498016015676054,-0.376922028410404,1.05
box(5),0.6386959278598261,0.48161136535453686,1.05
box(4),0.5847311873936851,-0.31002454805891266,1.05
box(3),0.4748218438704457,-0.05993106270690063,1.05
box(2),0.30086067498365665,-0.07649064943400652,1.05
box(1),0.5905048177420704,0.13025384916224414,1.05
box(0),0.4533421354065036,0.33362095027770367,1.05
box(9),0.6485190930312602,0.3062291470670897,1.05
box(8),0.43141014233976177,0.4896610892015013,1.05
box(7),0.5194089328986539,-0.4886036130492749,1.05
box(6),0.30246875770920467,-0.4895912721114172,1.05
box(5),0.3442369191530724,0.21283443117848433,1.05
box(4),0.33144517876598306,-0.2920689632428367,1.05
box(3),0.542165166808547,-0.33065130881343585,1.05
box(2),0.30490541880963246,0.39466407648080404,1.05
box(1),0.539995261087508,-0.057357387466264065,1.05
box(0),0.6328056443637982,0.49562348511984455,1.05
box(9),0.3371251176920233,-0.03362169343974453,1.05
box(8),0.5786534484660979,0.20634338185231427,1.05
box(7),0.5092611851572038,0.3605095506182605,1.05
box(6),0.4629403383631176,0.09745137995464914,1.05
box(5),0.6315715632249367,-0.4850879547041631,1.05
box(4),0.4270815855830539,-0.4892085160119022,1.05
box(3),0.6269389879343618,-0.19189460659882085,1.05
box(2),0.5525353851888649,-0.35224453915347265,1.05
box(1),0.325768676400931,0.41333614215807535,1.05
box(0),0.37440887312423043,-0.33198004409745974,1.05
box(9),0.6410642558635086,0.4720260660408724,1.05
box(8),0.37793035145333487,-0.13339067849716513,1.05
box(7),0.6207733669814421,0.18860095480685857,1.05
box(6),0.47200111204775363,0.4945762952708239,1.05
box(5),0.3013323048072184,-0.0032992711476114156,1.05
box(4),0.5561731570379433,-0.015374378084723417,1.05
box(3),0.41613325608814183,0.11612926968450188,1.05
box(2),0.3053968813397081,0.2190272208542644,1.05
box(1),0.45515468168114254,0.31227537235419434,1.05
box(0),0.6450516337728023,-0.4032846814575265,1.05
box(9),0.4282882755952009,-0.41007353821046477,1.05
box(8),0.634993429789442,0.4114465662961123,1.05
box(7),0.5178792934768057,-0.19218178663737961,1.05
box(6),0.3117335185657853,-0.2699189207491204,1.05
box(5),0.5666071648280875,0.19316376069622732,1.05
box(4),0.3886715518388688,-0.0911249129943279,1.05
box(3),0.33547438942464,0.46301866410131187,1.05
box(2),0.5175053873930379,0.04496503221930348,1.05
box(1),0.31541225457749394,0.20810961513072046,1.05
box(0),0.49271458635445864,0.3278816524105991,1.05
box(9),0.6112330367439569,-0.3985472976224602,1.05
box(8),0.4242035530147496,-0.4543953159371362,1.05
box(7),0.6297537114232182,0.49796844513876903,1.05
box(6),0.6255175402056585,-0.1882048503138436,1.05
box(5),0.44710273082676766,-0.2748188075976181,1.05
box(4),0.6228449308584587,0.23537101020381368,1.05
box(3),0.34919713606382896,0.034685447268828606,1.05
box(2),0.328516013687851,0.46483017583895925,1.05
box(1),0.6166000623772036,-0.03477043726982987,1.05
box(0),0.37120122803794664,0.21922369495122573,1.05
box(9),0.457031460370261,-0.09911703911929037,1.05
box(8),0.6311086641063499,-0.44734222869463847,1.05
box(7),0.4788901492324105,0.4122141746552537,1.05
box(6),0.30368953966282436,-0.13255287894448065,1.05
box(5),0.44312145950544385,-0.4847315822653977,1.05
box(4),0.5225854176828706,-0.2992528903153836,1.05
box(3),0.6107074729519366,0.28861372890684567,1.05
box(2),0.4894089939497074,0.09123588425340656,1.05
box(1),0.31144595703011047,-0.3474878206578169,1.05
box(0),0.6469644908034793,-0.04217096498301409,1.05
box(9),0.4350346588479852,0.2395977125910217,1.05
box(8),0.6454216969259305,0.4557860177037685,1.05
box(7),0.3517689042724386,0.49851749817080127,1.05
box(6),0.48638450705542824,-0.11241253157117292,1.05
box(5),0.6421851652810535,0.10974530875869681,1.05
box(4),0.3368515410436054,0.047752526816147056,1.05
box(3),0.526484283621224,-0.36107024466945503,1.05
box(2),0.6349001733242776,-0.4999693250183116,1.05
box(1),0.5941712463144944,0.25923681218245753,1.05
box(0),0.3353456379396656,-0.20049434345244288,1.05
box(9),0.3036228415053912,-0.4400954691492317,1.05
box(8),0.4579075443590449,0.17766509677362863,1.05
box(7),0.633907892458571,-0.21191317410070332,1.05
box(6),0.40241622767670643,0.3920002559382417,1.05
box(5),0.6304043319078927,0.4126967598719953,1.05
box(4),0.6410958949779888,-0.03921817444312936,1.05
box(3),0.3601356072268507,0.008190453893813898,1.05
box(2),0.4728663143269291,-0.35139631867993326,1.05
box(1),0.5925819809739257,-0.45115916009299506,1.05
box(0),0.4607698556427432,-0.10602460960179294,1.05
box(9),0.6053278387766536,0.21879697916761542,1.05
box(8),0.36635050802880886,-0.4623035217455055,1.05
box(7),0.3743118376179189,0.1715242378670987,1.05
box(6),0.6173544874821563,-0.2533051036420402,1.05
box(5),0.407167703217561,0.39752292612992834,1.05
box(4),0.3248459196974297,-0.30106334701631277,1.05
box(3),0.6251250507468372,0.42725374818098616,1.05
box(2),0.556829084918538,0.059385370121017855,1.05
box(1),0.3047151032029431,0.008434220880337073,1.05
box(0),0.5950383703348201,-0.46579064816307747,1.05
box(9),0.37862289906278257,-0.12875625337672947,1.05
box(8),0.6353979131041954,-0.10323116851843894,1.05
box(7),0.5435056826368772,0.24591227253879977,1.05
box(6),0.48033509414062003,-0.36838535270687134,1.05
box(5),0.3553770652775643,0.21295581414835973,1.05
box(4),0.3739260284251286,0.4545331676674784,1.05
box(3),0.6313925223450741,-0.31011519400725407,1.05
box(2),0.6143855285681239,0.3843979827169617,1.05
box(1),0.32612173801303757,-0.4576501595169763,1.05
box(0),0.45868383137821733,0.10012289466585,1.05
box(9),0.6481268733309711,0.0661225556463475,1.05
box(8),0.33528679963309027,-0.027019702545117763,1.05
box(7),0.6496498048833582,-0.49077063237206964,1.05
box(6),0.5180279703153032,-0.11559720158007014,1.05
box(5),0.4776848105601965,0.30347750024871056,1.05
box(4),0.30186536771196626,0.312960452312511,1.05
box(3),0.36104842150827865,-0.2401149409672646,1.05
box(2),0.5477886604412696,-0.3626811652553519,1.05
box(1),0.5163393279255144,0.49700225582823976,1.05
box(0),0.4017782771754843,-0.40885248222245074,1.05
box(9),0.6288307978879993,0.2801556013422919,1.05
box(8),0.40696651779872023,0.14326167621026764,1.05
box(7),0.6477454983696931,-0.211697588497766,1.05
box(6),0.3522719782828897,-0.018887173683436398,1.05
box(5),0.6499871703740383,0.02005381188887123,1.05
box(4),0.30378203460069486,0.4818654591330759,1.05
box(3),0.4946128858852835,-0.06670788809385819,1.05
box(2),0.39143894523226547,-0.19956930709565734,1.05
box(1),0.3163762790805835,0.3160440007665498,1.05
box(0),0.597089470326646,-0.3702100746239365,1.05
box(9),0.473067604941965,0.38390812179672495,1.05
box(8),0.43816163393367746,-0.39829370194108815,1.05
box(7),0.46917848700651077,0.1721525091183128,1.05
box(6),0.6364166351412555,0.40881959737649176,1.05
box(5),0.6218915110140268,-0.19297358905662665,1.05
box(4),0.632313166881165,0.016887103734467668,1.05
box(3),0.31576446077645215,0.10191172405274074,1.05
box(2),0.4477173567733782,-0.02313119471394931,1.05
box(1),0.3273447341235628,-0.20095641928500851,1.05
box(0),0.33412922163896946,0.3088611712346687,1.05
box(9),0.3485453852598589,0.4933715659060469,1.05
box(8),0.628816446569672,-0.38555432041080173,1.05
box(7),0.39772019150520266,-0.4750178585688415,1.05
box(6),0.5847561337099698,0.2247838875515883,1.05
box(5),0.4853215732867525,0.3816390748801095,1.05
box(4),0.5051508475264717,-0.20123356060772557,1.05
box(3),0.6185980321461764,0.05684551418828476,1.05
box(2),0.407732839133651,0.1737014297933669,1.05
box(1),0.31044570442944325,-0.008047113040690612,1.05
box(0),0.4085150386125363,-0.3171504914299771,1.05
box(9),0.6425845928923892,0.446802446725858,1.05
box(8),0.3543666885574003,0.45943149196372446,1.05
box(7),0.5695412255775545,-0.4703890130962829,1.05
box(6),0.4828701485480157,-0.02837052985618138,1.05
box(5),0.6181145481308719,0.27870595132322284,1.05
box(4),0.3129662495947451,-0.15883925559001,1.05
box(3),0.34126288228412327,-0.4904312841882983,1.05
box(2),0.5441720698476531,-0.22767031942532368,1.05
box(1),0.4527583349048013,0.15452678360865657,1.05
box(0),0.3434992720441816,0.0289748081243687,1.05
box(9),0.32326791512682446,0.2888010608682575,1.05
box(8),0.5297456749712468,0.4464772996232449,1.05
box(7),0.4550667376790877,-0.367833496608286,1.05
box(6),0.6061474852612427,-0.41452885238442216,1.05
box(5),0.6001697129516462,0.009053396005665015,1.05
box(4),0.6029783577778862,0.16146130333515152,1.05
box(3),0.3367581222821217,-0.15565206470198478,1.05
box(2),0.30890793803654165,-0.463091538408949,1.05
box(1),0.4972054673032376,-0.1137467669522545,1.05
box(0),0.3484573773946954,0.43868386632331824,1.05
box(9),0.32396992810911085,0.10640641916811389,1.05
box(8),0.41120689235214,0.2563432428298409,1.05
box(7),0.629898813151968,0.34410716349091053,1.05
box(6),0.36550853422024854,-0.3064986157561169,1.05
box(5),0.545609221759835,-0.41833036931083656,1.05
box(4),0.6401983416388602,0.49842956366277014,1.05
box(3),0.5514939602305386,0.07956372701980285,1.05
box(2),0.36108322430377754,-0.04310832849427304,1.05
box(1),0.6495872376191916,-0.10965329412926983,1.05
box(0),0.5200641014492163,-0.19667071685236548,1.05
box(9),0.4150025803709657,0.4115332696557047,1.05
box(8),0.37831337197430515,-0.46142120933409114,1.05
box(7),0.3884520995854598,0.1530781464878066,1.05
box(6),0.6236921747503639,0.2334901135968579,1.05
box(5),0.39165545901441956,-0.2915306659405982,1.05
box(4),0.5588797488433865,-0.4641832206971721,1.05
box(3),0.6457928871237781,0.49214109749011026,1.05
box(2),0.5350364480437617,0.034538013165585246,1.05
box(1),0.6418059654497399,-0.3145610512053706,1.05
box(0),0.3397863665708876,-0.08394518044804533,1.05
box(9),0.5683937583378316,-0.16737138734274337,1.05
box(8),0.47633166222471546,0.37951405592277354,1.05
box(7),0.4012754237360905,-0.4691270004914375,1.05
box(6),0.32248399444296266,0.2845562121533245,1.05
box(5),0.3572285882670025,0.07552593278895425,1.05
box(4),0.3970093589205036,-0.2678123751323582,1.05
box(3),0.5295327048567714,0.1959572333433578,1.05
box(2),0.3051235903007817,0.47865646892575386,1.05
box(1),0.5019121861986287,0.03475243239426773,1.05
box(0),0.5280829785373112,-0.36710150386220686,1.05
box(9),0.6474437480443489,0.4156860027016984,1.05
box(8),0.6133771777156123,-0.19746134836643825,1.05
box(7),0.46426928810332124,0.469038226765383,1.05
box(6),0.644648533973382,-0.471992263228295,1.05
box(5),0.33832788250250967,0.33059367453807365,1.05
box(4),0.35635937478891583,-0.08658694910858489,1.05
box(3),0.35949827752463986,-0.39116663140605323,1.05
box(2),0.3627393019711839,0.10800836936439473,1.05
box(1),0.3233301741577547,-0.24216176099659947,1.05
box(0),0.5860334151633693,0.2629761473003417,1.05
box(9),0.6199147498414102,0.08776793864200583,1.05
box(8),0.619297179617468,0.41392057221590917,1.05
box(7),0.6056721352299452,-0.1353641948601314,1.05
box(6),0.46970999385608514,0.43521074730278553,1.05
box(5),0.5646715059951974,-0.40088839505430585,1.05
box(4),0.30322483644979925,0.445538045577371,1.05
box(3),0.4248807218540102,-0.11993387713155457,1.05
box(2),0.35937677452860517,-0.48107701713526674,1.05
box(1),0.46847506501292685,0.15498689344888306,1.05
box(0),0.32167813763664815,-0.27670965183458274,1.05
box(9),0.31296058677301175,0.015161008165791356,1.05
box(8),0.5377254537605867,0.01617865155362086,1.05
box(7),0.6461593010488946,0.4007334709232576,1.05
box(6),0.6388485830237106,-0.16053460490614335,1.05
box(5),0.3757183004788391,0.27752228081024366,1.05
box(4),0.6020547384870983,-0.44415251150311186,1.05
box(3),0.32341605868792744,0.4402790793940745,1.05
box(2),0.46670187935802787,-0.3339830093339634,1.05
box(1),0.44602631289376116,-0.18539345934844986,1.05
box(0),0.31891596620973867,-0.4648348733263379,1.05
box(9),0.3007253453511824,-0.22561098040348737,1.05
box(8),0.6466375196015133,0.1579075091168598,1.05
box(7),0.6089957702790891,-0.010209888513106447,1.05
box(6),0.33560954626086625,0.02477517796119788,1.05
box(5),0.5772000001478539,0.3206683440609118,1.05
box(4),0.48523270375087935,0.4904472789918408,1.05
box(3),0.44421925306086685,0.13045427314778302,1.05
box(2),0.6464296600281719,-0.476999159699236,1.05
box(1),0.44438208943085666,-0.3499202078209427,1.05
box(0),0.33756328556282983,0.23673538800771232,1.05
box(9),0.3044378464087699,-0.4450541551492213,1.05
box(8),0.5340793734228797,-0.1900183044523801,1.05
box(7),0.3100464635159699,-0.2811013954888776,1.05
box(6),0.6296599864666296,-0.04976728434147237,1.05
box(5),0.33055710950235806,-0.11780110766608554,1.05
box(4),0.6024742963728715,0.24527046312581724,1.05
box(3),0.3238551821655785,0.48510892707852526,1.05
box(2),0.4744663737339274,0.11427116869119935,1.05
box(1),0.4997737047309846,0.42906070043224565,1.05
box(0),0.5034000198343063,-0.44882344392457374,1.05
box(9),0.3382035701160973,0.32470494683968065,1.05
box(8),0.3101654494718178,0.15137648472576615,1.05
box(7),0.4890388929249451,-0.2895754052016517,1.05
box(6),0.3001581546547553,-0.2871656792153622,1.05
box(5),0.580019418565064,-0.15136511470704173,1.05
box(4),0.35044747668101667,-0.4620906290183453,1.05
box(3),0.41474253725796606,-0.028315371390313593,1.05
box(2),0.6258056418048965,0.015719998841128957,1.05
box(1),0.4921999530213389,0.13480427309691867,1.05
box(0),0.5949654157617822,0.24808572061834033,1.05
box(9),0.4968565546645268,-0.4981749959776294,1.05
box(8),0.5010831698985535,0.4807811828926458,1.05
box(7),0.3385623765087286,0.3456368885745478,1.05
box(6),0.6280273302296351,-0.40089389976408163,1.05
box(5),0.43095369234711633,-0.2558444741192304,1.05
box(4),0.5867144418654744,-0.15431126990058075,1.05
box(3),0.3269242955415135,0.1896792003415898,1.05
box(2),0.3220249634293356,-0.44318491188592246,1.05
box(1),0.4151924745867852,-0.00822856760121915,1.05
box(0),0.6317847511269903,0.4036355067242393,1.05
box(9),0.5153807471833654,0.1116343332006926,1.05
box(8),0.5065015970933668,0.2635157651898866,1.05
box(7),0.47705862951573763,0.42533010057301257,1.05
box(6),0.3257259210774976,-0.1381927260772281,1.05
box(5),0.6077820145005282,-0.37715262737514144,1.05
box(4),0.6440855273633521,0.011947515014123389,1.05
box(3),0.6497989622752252,-0.14934419419257483,1.05
box(2),0.45266663451957806,-0.36730129460192096,1.05
box(1),0.31395048150450383,0.1322656339354309,1.05
box(0),0.33822808745396865,0.49226750878778835,1.05
box(9),0.48511276457340724,-0.12978727192507034,1.05
box(8),0.35524779093093733,0.3111741925582251,1.05
box(7),0.6450766251015583,0.35210976674048977,1.05
box(6),0.6170876824033518,0.17848131225535802,1.05
box(5),0.4988114677331772,0.4777835425177924,1.05
box(4),0.4795046942341736,0.0882958475578779,1.05
box(3),0.6141505502914898,-0.4685900696978571,1.05
box(2),0.3230423366512344,-0.20967135419465566,1.05
box(1),0.6419566924312085,-0.3166795759169967,1.05
box(0),0.30514327613879944,-0.4509224622050889,1.05
box(9),0.3380281733788909,-0.041658773130118676,1.05
box(8),0.3098578308694201,0.16314373105836666,1.05
box(7),0.565958704742398,-0.06141173691652935,1.05
box(6),0.3413226567647897,0.433935003223762,1.05
box(5),0.5802553100186045,0.258564320696978,1.05
box(4),0.42219772776830233,0.293413099597161,1.05
box(3),0.5515555682251407,0.49088899525349183,1.05
box(2),0.556512701434819,-0.47082982164942067,1.05
box(1),0.4851949441426337,-0.21572082107357282,1.05
box(0),0.6085414124300335,0.1053696985097271,1.05
box(9),0.34912376656322663,-0.38344081330426305,1.05
box(8),0.3489846453130475,-0.07411143882237359,1.05
box(7),0.45540128219739007,0.06255716384583243,1.05
box(6),0.6173746406266316,-0.05132402587042062,1.05
box(5),0.6394378434552488,-0.24248398854439157,1.05
box(4),0.33938863240549,0.42162850273464647,1.05
box(3),0.5577080145349144,0.30101536080958213,1.05
box(2),0.34394042810098474,0.23623030864509564,1.05
box(1),0.5499932334215601,0.4681049809093827,1.05
box(0),0.4442855929447024,-0.20591513504840908,1.05
box(9),0.608131374021706,-0.4922950292148798,1.05
box(8),0.52631159417725,-0.3464897526508731,1.05
box(7),0.3100595438952793,-0.41975597434130085,1.05
box(6),0.304409190411876,-0.08178001688633996,1.05
box(5),0.44531815677593867,-0.02075470384828071,1.05
box(4),0.5941519139117305,0.07630995631463289,1.05
box(3),0.4011347820294899,0.38199511353656157,1.05
box(2),0.5555648313327277,0.31019329599971723,1.05
box(1),0.6217440833329093,-0.09376746660628454,1.05
box(0),0.3865305963505814,0.16952230328359597,1.05
box(9),0.5552907168243522,0.48727685612824,1.05
box(8),0.6271853837807275,-0.4857916390437713,1.05
box(7),0.5035072060933862,-0.2522913422512846,1.05
box(6),0.3594746767259626,-0.49183354150075875,1.05
box(5),0.3052219991490838,-0.3220117685989451,1.05
box(4),0.35467170770064316,-0.05211173462293006,1.05
box(3),0.6213808112941408,0.07064170805812053,1.05
box(2),0.40540849464264117,0.35600717709334073,1.05
box(1),0.6346770935637747,-0.33513048347995056,1.05
box(0),0.6478682298387992,0.260811325298547,1.05
box(9),0.3546497404885882,0.12338730591906766,1.05
box(8),0.5046622408043059,0.19652594565889014,1.05
box(7),0.6402150584930886,-0.15636736437031218,1.05
box(6),0.5969231391970078,0.47740025635392,1.05
box(5),0.4547619660148613,-0.26867982679267144,1.05
box(4),0.3558521028696757,-0.47876597809224575,1.05
box(3),0.31112179575711735,-0.14363818996504762,1.05
box(2),0.5765763667232572,-0.48578820924416266,1.05
box(1),0.548741772263971,0.02342035002912146,1.05
box(0),0.41863848115042746,0.3416177560052053,1.05
box(9),0.30404571754978815,-0.29371877181156214,1.05
box(8),0.3472218651017289,0.17322449584652644,1.05
box(7),0.5827968591871188,0.3137668734504311,1.05
box(6),0.3498132378354916,0.01172639346029547,1.05
box(5),0.30434592904726626,0.4807630938239533,1.05
box(4),0.521805008823268,-0.3189666192166195,1.05
box(3),0.6183941311681052,-0.1489761660890716,1.05
box(2),0.5401297757234979,0.47247905991289474,1.05
box(1),0.3182835844787412,-0.4731913191764414,1.05
box(0),0.5313626105145576,-0.007888249797390001,1.05
box(9),0.3566394419993569,0.33620910579177543,1.05
box(8),0.3275255291320892,-0.17324628918855078,1.05
box(7),0.6280662831165742,-0.47505595010431323,1.05
box(6),0.6241174860135312,0.14162252331824998,1.05
box(5),0.30636693455995345,0.04391467005378369,1.05
box(4),0.6490492813990134,0.36139877490189576,1.05
box(3),0.5735805960637722,-0.3178886183985039,1.05
box(2),0.49705744836402865,-0.16978121454918405,1.05
box(1),0.4905758144939394,0.4302929835561392,1.05
box(0),0.38733242686048214,-0.45374260541290024,1.05
box(9),0.4287070621040417,0.2010425998979356,1.05
box(8),0.6243826886944637,-0.008446362992575396,1.05
box(7),0.30097788446901796,-0.2184308661642761,1.05
box(6),0.30448975471642736,0.33674011073387067,1.05
box(5),0.5991520316192083,0.19531135486401552,1.05
box(4),0.4022812831049529,0.0026319460765821256,1.05
box(3),0.6099916816337163,-0.48593961260905516,1.05
box(2),0.5338620723389942,-0.32461001084251173,1.05
box(1),0.3183527317438459,0.49126625196426177,1.05
box(0),0.6366766916742723,0.4875703637283635,1.05
box(9),0.48882268994221045,0.34246188762481944,1.05
box(8),0.37029085477260637,-0.4315820776240765,1.05
box(7),0.39182574237956863,0.19832988294230192,1.05
box(6),0.6283489979457051,-0.18459983801068036,1.05
box(5),0.3938070554702739,-0.16394830375109737,1.05
box(4),0.6248270530725141,0.037754386367917614,1.05
box(3),0.6367240704864925,0.19125900878015967,1.05
box(2),0.3368803769379025,0.019335581935662094,1.05
box(1),0.589542273082392,-0.45056963667314665,1.05
box(0),0.38912606071198047,0.481531400668895,1.05
box(9),0.47342992149459245,-0.30318471214489084,1.05
box(8),0.582568293916164,0.3966809451600517,1.05
box(7),0.34134496395739006,-0.44211748074286217,1.05
box(6),0.3804457114600957,0.18315729711719575,1.05
box(5),0.6270455972644984,-0.2408063849666291,1.05
box(4),0.5090226190294329,-0.10524811285516156,1.05
box(3),0.3119184836605893,-0.2609380784612666,1.05
box(2),0.5215607919669183,0.12205763273826864,1.05
box(1),0.34766282952519,0.011673306702456143,1.05
box(0),0.5804717216376989,-0.48772297418981114,1.05
box(9),0.4668602107664246,0.49970380265687997,1.05
box(8),0.3053025053013723,0.3849221281897577,1.05
box(7),0.49899816335374947,0.35118291180785177,1.05
box(6),0.38889884898114696,-0.399890674139153,1.05
box(5),0.6419242213433147,0.002000051645617007,1.05
box(4),0.536439800464195,-0.34309953289118766,1.05
box(3),0.4813568981522121,-0.2006603397708593,1.05
box(2),0.3148818500859757,-0.1856201940308354,1.05
box(1),0.4982864284406897,0.13021690755987758,1.05
box(0),0.6466637886975415,-0.21259472260683743,1.05
box(9),0.3476720547677531,0.10242246350058393,1.05
box(8),0.6390786327872691,0.20878667466298173,1.05
box(7),0.5546926091771044,0.4941275727222161,1.05
box(6),0.6260900203059173,-0.4839314261972876,1.05
box(5),0.4188838070989275,0.3867820259380911,1.05
box(4),0.3805248452763308,-0.3428559422162818,1.05
box(3),0.4638569746335246,-0.035841831038063154,1.05
box(2),0.6376302178328386,-0.04200860784236282,1.05
box(1),0.4309331555364076,-0.49868140474587186,1.05
box(0),0.31315324606895967,-0.07979545130028487,1.05
box(9),0.5733745996523238,-0.27969676651621245,1.05
box(8),0.32825547234359326,0.09509247764386852,1.05
box(7),0.5881120420575152,0.30815769807668825,1.05
box(6),0.35051566170265613,0.24720726294458373,1.05
box(5),0.5601531899577734,0.15858302163186067,1.05
box(4),0.48696829861944807,0.45744916575061256,1.05
box(3),0.3797981824206493,-0.29470204183307114,1.05
box(2),0.512550862358119,-0.14028007228977146,1.05
box(1),0.3074026427831882,0.45397897072143956,1.05
box(0),0.43202026066248533,-0.4723399983817097,1.05
box(9),0.5879837329674072,-0.001049867005311289,1.05
box(8),0.645344292228673,-0.21265260344601722,1.05
box(7),0.5679219709035833,-0.3779828020054633,1.05
box(6),0.3064193282102373,-0.0035553548838276328,1.05
box(5),0.3948028718615615,0.1638610629675794,1.05
box(4),0.5702257529496084,0.25526083323537874,1.05
box(3),0.43165839010282836,0.3349096251020921,1.05
box(2),0.6360588546697821,0.40828896967486106,1.05
box(1),0.32027033737990257,-0.1789289099121235,1.05
box(0),0.502971995767903,0.49929990642766275,1.05
box(9),0.31671957303045667,0.44338478395208236,1.05
box(8),0.3097345786880214,-0.40013865435411833,1.05
box(7),0.4774771111483931,-0.2538451210156284,1.05
box(6),0.6265149325364815,-0.4961504316805797,1.05
box(5),0.6407217011746322,-0.16826866612349412,1.05
box(4),0.41494257870385126,0.06824225009802165,1.05
box(3),0.5369974043381538,0.21696604521862406,1.05
box(2),0.46512816697058834,-0.0977386823436377,1.05
box(1),0.32825333039280685,0.24421806085031916,1.05
box(0),0.5981427764843046,0.07870779674806294,1.05
box(9),0.6425071957488169,-0.34553307569904956,1.05
box(8),0.3329792354732613,0.44949606787532614,1.05
box(7),0.3051396374167597,-0.14501040601790416,1.05
box(6),0.4859278247974962,0.3624804181669332,1.05
box(5),0.40374990943943906,-0.4993922508102372,1.05
box(4),0.3663617738747733,-0.33385009469604776,1.05
box(3),0.3239281439433029,0.03228163572458753,1.05
box(2),0.6100870372031149,0.495167852731101,1.05
box(1),0.48065868549121293,-0.1489887884637512,1.05
box(0),0.41969911191937326,0.2020982710451389,1.05
box(9),0.6465419630348146,0.0688294166098079,1.05
box(8),0.6207755151116049,-0.2742210100009569,1.05
box(7),0.32888224387640735,0.44779368580348833,1.05
box(6),0.31407796396724885,-0.17386866854717742,1.05
box(5),0.551051601188925,0.33453997412504555,1.05
box(4),0.5788534368929972,-0.4662587002625789,1.05
box(3),0.4748312256126821,0.029176137797857438,1.05
box(2),0.35596543406261405,-0.4020877763113688,1.05
box(1),0.5977241725319586,0.4774697891275741,1.05
box(0),0.4784049508794424,-0.20267989041899181,1.05
box(9),0.3236144414692094,0.06265398086422791,1.05
box(8),0.33091746548127793,0.2181415466042781,1.05
box(7),0.5874588388998268,0.13002534040731129,1.05
box(6),0.3465112291696441,0.39949927348282976,1.05
box(5),0.6321854725491216,-0.06742668720930134,1.05
box(4),0.35195130507869704,-0.1100058746398982,1.05
box(3),0.6297136793709392,-0.37027952012787413,1.05
box(2),0.5002853433716958,0.2989472487739695,1.05
box(1),0.34015552047654934,-0.47946671346778014,1.05
box(0),0.6103116048288285,0.45875426455296253,1.05
box(9),0.36719075764342746,-0.3108285693213687,1.05
box(8),0.4751460166698089,0.004764257020922202,1.05
box(7),0.5513599855011224,-0.20186088508337385,1.05
box(6),0.6414127878582416,0.09520787777894213,1.05
box(5),0.4970063067298051,-0.46615944793648256,1.05
box(4),0.3226656590192626,0.22878545114927218,1.05
box(3),0.3021778339290934,-0.027768284530369947,1.05
box(2),0.4203475424277991,0.49475539475617947,1.05
box(1),0.6287388003928454,0.2899910207066454,1.05
box(0),0.44254723355631004,0.3342004032528433,1.05
box(9),0.6455399425826118,-0.07242976883580465,1.05
box(8),0.35021913842556357,-0.317839679741611,1.05
box(7),0.45326115463097527,-0.05439116565557234,1.05
box(6),0.42746710681272343,0.10654012764992249,1.05
box(5),0.6478140521917292,0.1186284855316928,1.05
box(4),0.4912647308458876,-0.42549497773096767,1.05
box(3),0.6044580940671278,-0.2879036227809474,1.05
box(2),0.30094659852636074,0.26501129248869937,1.05
box(1),0.5429382215935079,0.4580457180590306,1.05
box(0),0.6299483886319539,0.33113945822077584,1.05
box(9),0.3368497088238247,0.46471562162104085,1.05
box(8),0.48748929979921457,0.24702153194657517,1.05
box(7),0.44613119464395506,-0.2609169100386324,1.05
box(6),0.5224273292941143,-0.10077151749584157,1.05
box(5),0.31156892076946974,-0.00016548103200475506,1.05
box(4),0.6333504469849718,0.14104639872923708,1.05
box(3),0.4711759143743437,0.07418875451707196,1.05
box(2),0.4605545927171336,-0.48558414593587484,1.05
box(1),0.6362693603240147,-0.35841200428330633,1.05
box(0),0.49218438898143746,0.48634566039862703,1.05
box(9),0.6453375125970855,-0.2057876394879733,1.05
box(8),0.31277116170948,0.21007525018565543,1.05
box(7),0.4340280692386069,0.3267943249138998,1.05
box(6),0.3197771162155741,-0.22625598758399823,1.05
box(5),0.3099241422528797,-0.48092577486045684,1.05
box(4),0.4584727818497215,-0.12889775655741376,1.05
box(3),0.3066556442947331,0.038708074119593205,1.05
box(2),0.48019059128228003,0.12165292629995916,1.05
box(1),0.628164881384099,0.26447658533879737,1.05
box(0),0.5696293487888315,-0.003352631613401713,1.05
box(9),0.5925683600255658,-0.44116983251220676,1.05
box(8),0.5868136113980573,-0.26470337467150695,1.05
box(7),0.46085352708211547,-0.35036853928550427,1.05
box(6),0.31344300501621813,0.28050359862077356,1.05
box(5),0.5627242073895155,0.4181380005517622,1.05
box(4),0.3290859569515232,-0.26245779511002243,1.05
box(3),0.36011105927430154,0.4576072734782818,1.05
box(2),0.4527870654406551,-0.159405805203089,1.05
box(1),0.442370920873237,0.16309511689158707,1.05
box(0),0.36106384302389627,-0.47974084571561115,1.05
box(9),0.30268908855176513,-0.06931979083909057,1.05
box(8),0.5245981566344433,0.03546825369685047,1.05
box(7),0.6171357678433027,-0.3867740532281291,1.05
box(6),0.6319325401721496,-0.14699676801154093,1.05
box(5),0.6491107355609866,0.28335097771791784,1.05
box(4),0.48384659429417254,0.31525879252367106,1.05
box(3),0.30620341386825317,-0.22049144040555735,1.05
box(2),0.3153625388525552,0.4952043265327961,1.05
box(1),0.5167537985376076,0.4772487710062362,1.05
box(0),0.3606374548368245,0.12148439509241582,1.05
box(9),0.30190804985860703,0.2973995260975546,1.05
box(8),0.3543353390200715,-0.046953499448307734,1.05
box(7),0.31437225377003014,-0.3825460589248513,1.05
box(6),0.6335229585037061,-0.3000409981778662,1.05
box(5),0.5990762708015094,-0.44788348575986103,1.05
box(4),0.6329412542824601,-0.03488007266309712,1.05
box(3),0.4712443229651979,-0.279909713646587,1.05
box(2),0.5275851815096964,0.25606915639447725,1.05
box(1),0.34940380142115923,0.4801956026526577,1.05
box(0),0.6356543368490155,0.4752108756466217,1.05
box(9),0.39578712488077816,0.13670515233486802,1.05
box(8),0.44212993067246564,-0.4941380389928891,1.05
box(7),0.36994762571026224,-0.06798606400946472,1.05
box(6),0.31678760633222747,0.2731069798405722,1.05
box(5),0.30550726115932497,-0.3576768509003335,1.05
box(4),0.6491818042517388,-0.4455855334888379,1.05
box(3),0.5652645905800099,-0.09445795690406444,1.05
box(2),0.5365090399422976,-0.2945457367036095,1.05
box(1),0.6197523453494921,0.1702946133897676,1.05
box(0),0.47356094354978234,0.2686617208659564,1.05
box(9),0.4041805172098823,0.4297569705760299,1.05
box(8),0.47238685495549126,0.07791407516321835,1.05
box(7),0.5943754384558305,0.49465288791392725,1.05
box(6),0.3621089727269695,-0.0965344664016271,1.05
box(5),0.3466188093949236,0.16201230324811133,1.05
box(4),0.47947611828814807,-0.48634169797225657,1.05
box(3),0.649330941773096,0.3425824153749397,1.05
box(2),0.3240082313912518,-0.3156797671104722,1.05
box(1),0.5008482172063531,-0.17511881299035248,1.05
box(0),0.6292678435704202,-0.01548668814526688,1.05
