Object,X,Y,Z
box(8),-0.412887532161329,0.7947562930682832,1.05
box(7),-0.45626836667620296,0.6464904574188981,1.05
box(6),-0.2543341220781757,0.21300353636181368,1.05
box(5),-0.4545351117451233,0.31174568232479855,1.05
box(4),-0.23045518547954402,0.49242832833740285,1.05
box(3),-0.6323054760821334,0.24453780628123806,1.05
box(2),-0.5714763292222997,0.4702101966765672,1.05
box(1),-0.6947702541169387,0.5764072767759786,1.05
box(0),-0.38063457474257245,0.4798348082112822,1.05
box(8),-0.30674176771102246,0.6838643097938222,1.05
box(7),-0.5522775283617158,0.7790572502985174,1.05
box(6),-0.7058152027529709,0.3978871270815678,1.05
box(5),-0.2935170778469358,0.27933620861219255,1.05
box(4),-0.4560537894875243,0.31703690198673545,1.05
box(3),-0.7678832002277538,0.7489606156958033,1.05
box(2),-0.7185934202660407,0.24442188597411307,1.05
box(1),-0.48381125185718393,0.6351623693762797,1.05
box(0),-0.7819687006382878,0.5993048180632576,1.05
box(8),-0.27368907500685313,0.512079583049754,1.05
box(7),-0.2163759851733016,0.7814599143416712,1.05
box(6),-0.5440375614678908,0.4500005910870169,1.05
box(5),-0.6947739514313022,0.4481877722594694,1.05
box(4),-0.27150162970014363,0.29925473864256447,1.05
box(3),-0.6126543733926879,0.7660466197637126,1.05
box(2),-0.49501556262108914,0.3066789227876564,1.05
box(1),-0.7994809678878965,0.3239182089583304,1.05
box(0),-0.44264429430198415,0.7243200092272619,1.05
box(8),-0.7277652268313541,0.6411578670597939,1.05
box(7),-0.3123187937890189,0.578385824044652,1.05
box(6),-0.24412589700157747,0.7988948120838193,1.05
box(5),-0.22685657167663145,0.4444037534297053,1.05
box(4),-0.532112246480223,0.4936442203568203,1.05
box(3),-0.6143519493951144,0.2065664087855508,1.05
box(2),-0.28924574123782476,0.249012299617639,1.05
box(1),-0.7951649002828141,0.788177649838911,1.05
box(0),-0.7577344188443755,0.3159092168262648,1.05
box(8),-0.3895677957492357,0.7490391905143827,1.05
box(7),-0.515034820368512,0.6632061602607954,1.05
box(6),-0.4457259659154009,0.30659363530986716,1.05
box(5),-0.20631932038156559,0.7236432379461146,1.05
box(4),-0.6813385222035924,0.4753840723448181,1.05
box(3),-0.4796463479099912,0.4982238996811726,1.05
box(2),-0.6631414496596542,0.6870757051887523,1.05
box(1),-0.24503377730660575,0.31994745945466174,1.05
box(0),-0.2036330271630697,0.5630660694359242,1.05
box(8),-0.6130353463752323,0.33531866852760206,1.05
box(7),-0.7561817805361764,0.26226146781202586,1.05
box(6),-0.39389592345273494,0.7027996580970157,1.05
box(5),-0.4818405271720576,0.20503385591387385,1.05
box(4),-0.23971837874870178,0.7097940161869694,1.05
box(3),-0.4050342610022267,0.3385336791903424,1.05
box(2),-0.7741043728861707,0.4841349066087855,1.05
box(1),-0.7756811010982612,0.6791518752749532,1.05
box(0),-0.646453149056858,0.7568099158776012,1.05
box(8),-0.5198964460017238,0.4606036778857261,1.05
box(7),-0.34847720877124044,0.49422354718435835,1.05
box(6),-0.6666037710460102,0.26781614916311164,1.05
box(5),-0.24998301660785177,0.35486775453353736,1.05
box(4),-0.5132912110544818,0.686762795615782,1.05
box(3),-0.21029337602602508,0.7039111254280759,1.05
box(2),-0.4122542476974665,0.27792321124589797,1.05
box(1),-0.7833826527344485,0.41471640514724395,1.05
box(0),-0.7575580409228615,0.5939689529745931,1.05
box(8),-0.3502383439731612,0.7608351538978599,1.05
box(7),-0.5495578510596381,0.43009103118015557,1.05
box(6),-0.37200569425310565,0.44391317101260114,1.05
box(5),-0.7186011882520347,0.7501811777128209,1.05
box(4),-0.213410059382659,0.3235335956616815,1.05
box(3),-0.6510641598387144,0.2501940708677438,1.05
box(2),-0.5133234943788916,0.7369918579730041,1.05
box(1),-0.35039502851928983,0.24776756217778373,1.05
box(0),-0.22471172779652515,0.5861773739187288,1.05
box(8),-0.5011962794501332,0.2787094411023319,1.05
box(7),-0.7175162489020868,0.5699381496670601,1.05
box(6),-0.5108880816765241,0.5615272965931003,1.05
box(5),-0.31667686840843734,0.7727385449428474,1.05
box(4),-0.6593781727853922,0.7748540449671022,1.05
box(3),-0.6819707030739381,0.4075445863028247,1.05
box(2),-0.6598371341143425,0.23584429405708324,1.05
box(1),-0.20621629618579831,0.37010793477369974,1.05
box(0),-0.419876121930836,0.4053325737977509,1.05
box(8),-0.5008768407642246,0.7981381834388008,1.05
box(7),-0.7972487469093681,0.30996860598931075,1.05
box(6),-0.32511450653884977,0.5636056189813146,1.05
box(5),-0.4070940988185792,0.24451873731691362,1.05
box(4),-0.25338858004947995,0.7665026048025578,1.05
box(3),-0.7581723753142513,0.7804540773523099,1.05
box(2),-0.7163804864469323,0.47939043970128703,1.05
box(1),-0.6257670349201383,0.28527425405002255,1.05
box(0),-0.4541896877534681,0.6545578092477944,1.05
box(8),-0.334393425846071,0.41061633695191846,1.05
box(7),-0.6367725488979706,0.6912256879485557,1.05
box(6),-0.23613415199830434,0.23154046785659613,1.05
box(5),-0.3236470510460289,0.5689694846183497,1.05
box(4),-0.4940197310100819,0.42474530896802126,1.05
box(3),-0.4685987209101263,0.2686032047768043,1.05
box(2),-0.268521784647077,0.7363872219098138,1.05
box(1),-0.7890022443139877,0.20373210383011925,1.05
box(0),-0.6701699009746149,0.4643288886407535,1.05
box(8),-0.46596884836368496,0.6778768400527251,1.05
box(7),-0.29997469994243803,0.408816442348444,1.05
box(6),-0.7352767275328822,0.6976651220809057,1.05
box(5),-0.21835759617241673,0.26170610928691806,1.05
box(4),-0.3504985775144597,0.5715448543860792,1.05
box(3),-0.7837029589292788,0.3549814923014251,1.05
box(2),-0.369084916370331,0.25013481314984126,1.05
box(1),-0.6397923234964185,0.24576098118941003,1.05
box(0),-0.5339951449970627,0.5310163942761347,1.05
box(8),-0.23852696966859405,0.7678227011862166,1.05
box(7),-0.5798790769137161,0.7515523105500335,1.05
box(6),-0.37502126450344375,0.4035210413530713,1.05
box(5),-0.7462281451147248,0.7482919885318622,1.05
box(4),-0.4311393078517558,0.7310330826464859,1.05
box(3),-0.2046601261304575,0.47149875221616866,1.05
box(2),-0.7937868070603105,0.27655576119886655,1.05
box(1),-0.3341835982920278,0.22274404854361946,1.05
box(0),-0.721667948121242,0.5761938877660508,1.05
box(8),-0.7702383997113171,0.426237192113298,1.05
box(7),-0.40129277647851425,0.5796702142001229,1.05
box(6),-0.6007171130284655,0.4567149110617159,1.05
box(5),-0.38589957631728256,0.37602732845758524,1.05
box(4),-0.6334693186910402,0.24849171070786838,1.05
box(3),-0.2495434616642528,0.7409563636696688,1.05
box(2),-0.5861692864432252,0.6985284731336621,1.05
box(1),-0.7685479204440995,0.7902125293939792,1.05
box(0),-0.20815914112005415,0.517276937157118,1.05
box(8),-0.3955775014313727,0.2173826401735566,1.05
box(7),-0.4027476821687166,0.7888935867206601,1.05
box(6),-0.2062227522545257,0.2011871138901894,1.05
box(5),-0.4660282901310164,0.5928530018165794,1.05
box(4),-0.7280672341364436,0.4259734470300935,1.05
box(3),-0.41807822127454336,0.41231766209838555,1.05
box(2),-0.21802084112077905,0.3545047881966892,1.05
box(1),-0.5793050177812236,0.3628255952162657,1.05
box(0),-0.7244808150750532,0.6325822330312605,1.05
box(8),-0.22838896930457295,0.5573870399787005,1.05
box(7),-0.4080215250412035,0.24489164517743384,1.05
box(6),-0.3654589864260315,0.7090574833541023,1.05
box(5),-0.7651037044761719,0.22730956169516683,1.05
box(4),-0.4753800334292821,0.5934621908409188,1.05
box(3),-0.7865307507892589,0.38221466503218804,1.05
box(2),-0.5487513155871024,0.7734167494448134,1.05
box(1),-0.3759474776243674,0.4614688244633288,1.05
box(0),-0.6282586114087911,0.42864959281136755,1.05
box(8),-0.5649989753797022,0.23417744362413093,1.05
box(7),-0.7684610237285896,0.6621578581524012,1.05
box(6),-0.23107792529978768,0.5105255664728906,1.05
box(5),-0.35951661608441543,0.775429310274677,1.05
box(4),-0.2688797245826813,0.32553333678541296,1.05
box(3),-0.4082226210454689,0.26484260901513723,1.05
box(2),-0.20967046798740505,0.7383060941848261,1.05
box(1),-0.7813316041742495,0.41563347415693674,1.05
box(0),-0.4665478836675442,0.544875495825766,1.05
box(8),-0.6336023263167794,0.7740123306354745,1.05
box(7),-0.5679505571644434,0.2251364942931906,1.05
box(6),-0.6059821136505046,0.4886728396624983,1.05
box(5),-0.7616523607656223,0.2391203218132395,1.05
box(4),-0.2785568620078866,0.47951007397946765,1.05
box(3),-0.2512369530876201,0.25567846418904455,1.05
box(2),-0.4359128024113291,0.30089480660939355,1.05
box(1),-0.3195331729551467,0.783892698058275,1.05
box(0),-0.7973153639460699,0.45036008613026335,1.05
box(8),-0.7286741185655863,0.5899817095175437,1.05
box(7),-0.6988530365796144,0.7854190536999217,1.05
box(6),-0.4930886651129273,0.6175344957662863,1.05
box(5),-0.5377333575880454,0.7696001826412782,1.05
box(4),-0.7040531396735288,0.24949967713618434,1.05
box(3),-0.20638346091456958,0.6685877607552824,1.05
box(2),-0.21725560675160163,0.31460040723238253,1.05
box(1),-0.5068627206526848,0.35256296513991925,1.05
box(0),-0.32199476288283163,0.4329617913628696,1.05
box(8),-0.6100312181435246,0.4700116292841021,1.05
box(7),-0.3570316884977984,0.7783630792814871,1.05
box(6),-0.7801715141942014,0.4198444334640886,1.05
box(5),-0.4833824633335253,0.5635908613161638,1.05
box(4),-0.5952696199315222,0.7943011624933589,1.05
box(3),-0.7768014502758414,0.2021004814218481,1.05
box(2),-0.3986624624762385,0.21982759074308178,1.05
box(1),-0.22782437616511436,0.21549600440525343,1.05
box(0),-0.2056986597068344,0.6616633749896297,1.05
box(8),-0.7735374475303531,0.7058847681424956,1.05
box(7),-0.5436243834173002,0.2832097159778524,1.05
box(6),-0.23560230109730473,0.38099359988989423,1.05
box(5),-0.7974449969464954,0.3711212426972964,1.05
box(4),-0.42872102238620313,0.670305495733283,1.05
box(3),-0.6047676760385439,0.5894986200521994,1.05
box(2),-0.30194073642897623,0.5300435011828215,1.05
box(1),-0.6031664294755715,0.4250281704871297,1.05
box(0),-0.3551733979480951,0.22332195122977871,1.05
box(8),-0.33735145084146306,0.7945954011449128,1.05
box(7),-0.7280491683796455,0.686955654249662,1.05
box(6),-0.7674110304022153,0.5321727318406066,1.05
box(5),-0.6180640038325724,0.25926334244287924,1.05
box(4),-0.20790673635001114,0.2573408777964814,1.05
box(3),-0.49137325447671315,0.7181706767436913,1.05
box(2),-0.3976869035023024,0.39505488784276876,1.05
box(1),-0.2918687199295269,0.5135855597021703,1.05
box(0),-0.5039011581022699,0.5359238779411164,1.05
box(8),-0.7648835139875001,0.3000529280455606,1.05
box(7),-0.24516589748399592,0.7489274073560916,1.05
box(6),-0.3791337780874391,0.2134069297451611,1.05
box(5),-0.7620276329203204,0.5735120903950712,1.05
box(4),-0.6935637593776159,0.43206488694716466,1.05
box(3),-0.5456016407413082,0.3461457145761644,1.05
box(2),-0.4898561653364002,0.7016404363379376,1.05
box(1),-0.7653934530918105,0.768721831429422,1.05
box(0),-0.22899744317468082,0.2088812621214982,1.05
box(8),-0.38001583711599385,0.5214823952168178,1.05
box(7),-0.21832624116753105,0.46353376518207084,1.05
box(6),-0.6541943994289356,0.22131532668404671,1.05
box(5),-0.3431558541652072,0.3216800271437412,1.05
box(4),-0.6686565801066053,0.5934444213973162,1.05
box(3),-0.30602614894079383,0.6690075778818283,1.05
box(2),-0.5438686999703597,0.35336105175391186,1.05
box(1),-0.5044239825623344,0.755843104282677,1.05
box(0),-0.7622128592099349,0.39871720132056354,1.05
box(8),-0.21584989998524093,0.7965349345323309,1.05
box(7),-0.20364376696776665,0.2578365304056086,1.05
box(6),-0.22080080577056585,0.5110780637892105,1.05
box(5),-0.4372971738164455,0.5389795238733902,1.05
box(4),-0.386725162656017,0.3703671262519781,1.05
box(3),-0.7466323151860632,0.7944173467414868,1.05
box(2),-0.3548323735062977,0.7334424165315012,1.05
box(1),-0.7503083205238297,0.5829298921795483,1.05
box(0),-0.5556169330514256,0.2492788147405844,1.05
box(8),-0.6054516621489455,0.6679900678923687,1.05
box(7),-0.7025015740824128,0.3239479788015228,1.05
box(6),-0.2217917686682318,0.2431007053495759,1.05
box(5),-0.20673077235220347,0.411529111615962,1.05
box(4),-0.21939030979940866,0.6196329237396068,1.05
box(3),-0.4030382146972863,0.4276508202898555,1.05
box(2),-0.5804087875747617,0.5031447377392338,1.05
box(1),-0.3027372902063272,0.7930785804080229,1.05
box(0),-0.7546211019677151,0.5008919755907202,1.05
box(8),-0.5833907643687398,0.2322097648914571,1.05
box(7),-0.39758612081596006,0.6451020832426756,1.05
box(6),-0.5469599022933049,0.6709803495387492,1.05
box(5),-0.7832714734991879,0.7804081624028414,1.05
box(4),-0.20728588549696153,0.33693822602581586,1.05
box(3),-0.2330745683059858,0.5894151980032785,1.05
box(2),-0.38173770585181666,0.49569274328560514,1.05
box(1),-0.7921293354137913,0.2783573981639401,1.05
box(0),-0.5402802166493297,0.4687728359618318,1.05
box(8),-0.7651349766799451,0.4567413047112675,1.05
box(7),-0.6131957656841842,0.3292572977208701,1.05
box(6),-0.50213995636526,0.22203713818945045,1.05
box(5),-0.407182781467736,0.6989931647526582,1.05
box(4),-0.7747001660392439,0.7815349739730728,1.05
box(3),-0.6815715872343786,0.6303655158146579,1.05
box(2),-0.29348817382658976,0.7988746575697401,1.05
box(1),-0.30128765190313384,0.5608910830044944,1.05
box(0),-0.3262371215621615,0.38559278716948653,1.05
box(8),-0.49158018066278636,0.5503767297296663,1.05
box(7),-0.770947413299599,0.33873393097501303,1.05
box(6),-0.31835238155125206,0.20386336387187237,1.05
box(5),-0.48337887454327255,0.37729800117226703,1.05
box(4),-0.4334346197589854,0.7098263787033638,1.05
box(3),-0.6149247218575464,0.21033035419127818,1.05
box(2),-0.6421744459480903,0.6671442969733294,1.05
box(1),-0.6781149794984243,0.47559173020405904,1.05
box(0),-0.32855831087521326,0.5893161877021356,1.05
box(8),-0.20730853247685874,0.487148815011524,1.05
box(7),-0.26974008693142026,0.7878658730706005,1.05
box(6),-0.7884802413156946,0.5934805959618534,1.05
box(5),-0.2269738625604981,0.27778257047918375,1.05
box(4),-0.7769450967525204,0.305606931658338,1.05
box(3),-0.48467759020575407,0.4129717727204637,1.05
box(2),-0.6161577908311527,0.25434285953304003,1.05
box(1),-0.49500274362083385,0.6567311227051894,1.05
box(0),-0.6487136808581491,0.7480875132090896,1.05
box(8),-0.6509925869448159,0.4408110179624283,1.05
box(7),-0.3066876781884565,0.556906552296071,1.05
box(6),-0.44887566671871326,0.2598483054718044,1.05
box(5),-0.3064543975198834,0.7952720842676118,1.05
box(4),-0.23127936928295623,0.3296829458743651,1.05
box(3),-0.7643110870524243,0.5988962301923553,1.05
box(2),-0.45045175300919776,0.49811581542910505,1.05
box(1),-0.7977699981305051,0.35766588902171337,1.05
box(0),-0.6345854291854385,0.21822217505319322,1.05
box(8),-0.6187790906757098,0.7906555539697835,1.05
box(7),-0.510081545183449,0.6666689908522397,1.05
box(6),-0.6390900734033278,0.4200417453291893,1.05
box(5),-0.4295537522865879,0.27840938975882373,1.05
box(4),-0.26433216172282986,0.7786694921212549,1.05
box(3),-0.7887380435860636,0.7582349821370484,1.05
box(2),-0.23948905630814088,0.2798761532902316,1.05
box(1),-0.21023932174395316,0.6198612375362267,1.05
box(0),-0.670420967172455,0.6068830490421889,1.05
box(8),-0.44308499760677666,0.430591400270264,1.05
box(7),-0.7186650367948091,0.21744137626466079,1.05
box(6),-0.4411996969971614,0.6168145471749964,1.05
box(5),-0.5912558747351928,0.7917183400422161,1.05
box(4),-0.5669031505373832,0.3331283607715787,1.05
box(3),-0.7003643713642214,0.43209313231976554,1.05
box(2),-0.39166051945034924,0.2814631352784056,1.05
box(1),-0.21925747346535246,0.3182807233314013,1.05
box(0),-0.757636088239773,0.7499898251197408,1.05
box(8),-0.6709494093756379,0.6089027662455899,1.05
box(7),-0.20267048612022232,0.4821721254984926,1.05
box(6),-0.3216884189374447,0.7784432883086956,1.05
box(5),-0.7990876418868533,0.2223467052899986,1.05
box(4),-0.4873603330103271,0.5961654374182037,1.05
box(3),-0.5410565491932117,0.7740507751897197,1.05
box(2),-0.5850356798406509,0.44093155920588195,1.05
box(1),-0.385604507441492,0.3390995604461524,1.05
box(0),-0.3344097329016581,0.6143822629574224,1.05
box(8),-0.7185107102055039,0.3724687492151405,1.05
box(7),-0.6537561814927937,0.6030700516550613,1.05
box(6),-0.7851235413669224,0.7409977166261028,1.05
box(5),-0.31299344491704895,0.7815253708199803,1.05
box(4),-0.5357012588043837,0.21438756922591953,1.05
box(3),-0.20234296422477152,0.46974272234299574,1.05
box(2),-0.7268977915417112,0.2220556449052672,1.05
box(1),-0.22294184457836086,0.25661789936250645,1.05
box(0),-0.49195458709939627,0.715624527628467,1.05
box(8),-0.35714740857891286,0.34455771371910593,1.05
box(7),-0.5186822417267877,0.4476315240190665,1.05
box(6),-0.6068471804630061,0.60896661314608,1.05
box(5),-0.36461785038921535,0.6311394474388994,1.05
box(4),-0.7507810126544154,0.6869877925297168,1.05
box(3),-0.7947808519193373,0.5396578955203666,1.05
box(2),-0.24389973986885477,0.7702905611183488,1.05
box(1),-0.6210901339796027,0.33232718371581116,1.05
box(0),-0.43909472326247356,0.20068036964552619,1.05
box(8),-0.20813537108030364,0.49159086393058843,1.05
box(7),-0.32986470854272837,0.32996385746125223,1.05
box(6),-0.4645209878224127,0.759769247435546,1.05
box(5),-0.5007742390011702,0.4937299421534437,1.05
box(4),-0.6085185779321767,0.6347331195727963,1.05
box(3),-0.7950838262551747,0.7085885278808355,1.05
box(2),-0.22189056454229084,0.20331524451438115,1.05
box(1),-0.7999447928223904,0.37755561366071894,1.05
box(0),-0.5361883865895127,0.32856164359517337,1.05
box(8),-0.7284277877666125,0.23821707584119964,1.05
box(7),-0.32446426845005005,0.48279912347195586,1.05
box(6),-0.6164312098881348,0.7866051967302572,1.05
box(5),-0.385325996619571,0.7606530871255357,1.05
box(4),-0.6429282724864978,0.4856566459199806,1.05
box(3),-0.42842242955729815,0.5945533698458658,1.05
box(2),-0.22546928386701376,0.6008623382682905,1.05
box(1),-0.25857877370715543,0.20225350155496347,1.05
box(0),-0.7773661003407413,0.575771407250885,1.05
box(8),-0.21608014003314913,0.37619763613843116,1.05
box(7),-0.45807484794157816,0.35210265763325244,1.05
box(6),-0.7020655256574939,0.24855903207179536,1.05
box(5),-0.7271309712874143,0.7913074014253676,1.05
box(4),-0.47196617400680346,0.7952173697686915,1.05
box(3),-0.24010363503183302,0.7741321572087629,1.05
box(2),-0.697758299868099,0.40739205249724053,1.05
box(1),-0.2223648640453234,0.5477771636402076,1.05
box(0),-0.5270040144967576,0.5553554624808517,1.05
box(8),-0.28042298218340544,0.22001302212465687,1.05
box(7),-0.3670577118202444,0.6516729039022473,1.05
box(6),-0.3510263469083441,0.39049308663985893,1.05
box(5),-0.6276717723206396,0.6774652805583179,1.05
box(4),-0.7662067769692078,0.7583240697190088,1.05
box(3),-0.5028671369804913,0.2744263247419605,1.05
box(2),-0.79329642684727,0.2468979364504217,1.05
box(1),-0.7769283891550238,0.600251842115287,1.05
box(0),-0.5982515953465724,0.40798100028006745,1.05
box(8),-0.20474421790479372,0.46416199019196336,1.05
box(7),-0.47500693774702174,0.7922930537950525,1.05
box(6),-0.7496107640868941,0.4100210693000797,1.05
box(5),-0.5074079878483793,0.5710290906467157,1.05
box(4),-0.26955011525501593,0.2686193693376368,1.05
box(3),-0.6521315231307389,0.7472989331114797,1.05
box(2),-0.4390247880106797,0.22474176039049326,1.05
box(1),-0.30534157754210745,0.7103172932825479,1.05
box(0),-0.679187943378539,0.20117141535589445,1.05
box(8),-0.5640121356487572,0.3689415428035283,1.05
box(7),-0.3233031631148915,0.5311374522207832,1.05
box(6),-0.46220524525287154,0.7391013418615688,1.05
box(5),-0.7278983003866013,0.5974147239145191,1.05
box(4),-0.7268337444511959,0.3619005673558161,1.05
box(3),-0.2771324719863903,0.21433112317824157,1.05
box(2),-0.3201994909275677,0.37588347598705374,1.05
box(1),-0.48404246034933146,0.504749814986121,1.05
box(0),-0.23920026396829905,0.7143246308005236,1.05
box(8),-0.46695804932752044,0.22528440379812745,1.05
box(7),-0.708070763887888,0.776926987129475,1.05
box(6),-0.5622008498644461,0.344709778103771,1.05
box(5),-0.3984076923219033,0.7646800530994176,1.05
box(4),-0.27646440210998524,0.5263912828742572,1.05
box(3),-0.7003641313137587,0.47264185233877065,1.05
box(2),-0.2560524289791555,0.2113348664610243,1.05
box(1),-0.5983697931232723,0.6307699570933203,1.05
box(0),-0.7852929192712561,0.2387185397003141,1.05
box(8),-0.7695901846290025,0.637502496655288,1.05
box(7),-0.4625082461943763,0.5325322867877302,1.05
box(6),-0.6743583997002911,0.7933717864708933,1.05
box(5),-0.3855143060842242,0.38185160787292427,1.05
box(4),-0.24428078841219247,0.740271549512403,1.05
box(3),-0.2567482721626744,0.5718336862654428,1.05
box(2),-0.6263423010529026,0.2145233979357184,1.05
box(1),-0.5769657227108416,0.4227279118089321,1.05
box(0),-0.7710490314776022,0.4008080465675154,1.05
box(8),-0.2871370617538189,0.23542162943310882,1.05
box(7),-0.40317370219117743,0.7491837102141341,1.05
box(6),-0.7899547597080272,0.6252673802798154,1.05
box(5),-0.6021780829907166,0.6509595051371563,1.05
box(4),-0.4131366774737616,0.3263558181386613,1.05
box(3),-0.7985785371789644,0.7757227937553368,1.05
box(2),-0.42889690739531017,0.5541337028131093,1.05
box(1),-0.7273019972812209,0.24435651230881347,1.05
box(0),-0.254960528611614,0.429877662704726,1.05
box(8),-0.5826245649405947,0.3356957329728032,1.05
box(7),-0.6831526749234822,0.45428903747067456,1.05
box(6),-0.24571818123403108,0.6133030904122069,1.05
box(5),-0.2248155267277436,0.7755728925722236,1.05
box(4),-0.2625779294295902,0.2035819301563491,1.05
box(3),-0.6426989799938472,0.6127902318635094,1.05
box(2),-0.4280055917116503,0.2096304336708118,1.05
box(1),-0.42402502453432034,0.7035414726228706,1.05
box(0),-0.7195919222638549,0.2145135338930103,1.05
box(8),-0.3775414140969736,0.39113958062053994,1.05
box(7),-0.6775421371452874,0.7692309137664515,1.05
box(6),-0.5669512472891858,0.396558313364107,1.05
box(5),-0.795666209026548,0.5418401364258765,1.05
box(4),-0.2675389136608621,0.5270809781945862,1.05
box(3),-0.5003835702684214,0.556037641749366,1.05
box(2),-0.211917706784083,0.6936505775163762,1.05
box(1),-0.43338357559455565,0.24554556986194634,1.05
box(0),-0.4249955067581993,0.7011670485937775,1.05
box(8),-0.602885055582965,0.20785317204652626,1.05
box(7),-0.3354165327678329,0.37948836384437806,1.05
box(6),-0.756273558557554,0.3274697960189649,1.05
box(5),-0.5902386341874185,0.4084762644806277,1.05
box(4),-0.692027019486864,0.7574435900228043,1.05
box(3),-0.3048065910584718,0.5566745407041935,1.05
box(2),-0.5093981540139196,0.5695106296158581,1.05
box(1),-0.7676010532853872,0.5739708971816174,1.05
box(0),-0.23689494610216633,0.6951430673082095,1.05
box(8),-0.40403178325599154,0.7333514958150036,1.05
box(7),-0.5411170467441524,0.25559121499802506,1.05
box(6),-0.39014842966594365,0.41704870703802904,1.05
box(5),-0.7578232269713827,0.28755677327782314,1.05
box(4),-0.27330538573241164,0.287328714007211,1.05
box(3),-0.6862238524911495,0.44556622238408927,1.05
box(2),-0.2161206480514839,0.46464825866202675,1.05
box(1),-0.6432721983572751,0.7887074925758704,1.05
box(0),-0.7687008641282667,0.5867071351940643,1.05
box(8),-0.2172001379385142,0.689444556822741,1.05
box(7),-0.46949064269350865,0.6416060666685013,1.05
box(6),-0.5215938183218232,0.496958841815848,1.05
box(5),-0.3649824762623869,0.5086377733985977,1.05
box(4),-0.7689749726786896,0.22785237614072112,1.05
box(3),-0.46919448802421176,0.2145183161354546,1.05
box(2),-0.22833854137542023,0.25419473101757317,1.05
box(1),-0.649052111905825,0.37794209849839694,1.05
box(0),-0.6080678842252619,0.6993680091285339,1.05
box(8),-0.4575499222995746,0.7963216040685062,1.05
box(7),-0.7807380267285136,0.5667872897726994,1.05
box(6),-0.24934163928975267,0.7508056136183838,1.05
box(5),-0.5988371143327134,0.5327581612125389,1.05
box(4),-0.3571748999617872,0.5166576760647925,1.05
box(3),-0.43941649509715625,0.3760839029378227,1.05
box(2),-0.7878347451212215,0.7653837355063198,1.05
box(1),-0.5295639072230318,0.2244283940065666,1.05
box(0),-0.7420408684049167,0.35142616126538156,1.05
box(8),-0.2535183275648054,0.2771910988240447,1.05
box(7),-0.6074383079442047,0.735854095153802,1.05
box(6),-0.39644084614899855,0.7083905099343,1.05
box(5),-0.2064406303196613,0.5896663087956233,1.05
box(4),-0.7624271508101201,0.5502181979178522,1.05
box(3),-0.33809162114361724,0.48750713399951384,1.05
box(2),-0.5004572133835797,0.5392839432525046,1.05
box(1),-0.7724459980644174,0.7260235635341306,1.05
box(0),-0.48786009892764615,0.2746592757142403,1.05
box(8),-0.6330390586507096,0.31888882161651677,1.05
box(7),-0.2655652841707244,0.30563428683004307,1.05
box(6),-0.5548991274415875,0.7362527599580004,1.05
box(5),-0.38460879648425256,0.6539967877582084,1.05
box(4),-0.25076931678188397,0.7854189101705666,1.05
box(3),-0.6960844532992145,0.46901605419965847,1.05
box(2),-0.7883465200020527,0.3210796181262158,1.05
box(1),-0.23980957175202508,0.5756795084121753,1.05
box(0),-0.5392238380812983,0.45898373016450567,1.05
box(8),-0.5129779495605351,0.21481298244792155,1.05
box(7),-0.36061721344982567,0.44649794028886314,1.05
box(6),-0.7705110512488367,0.7339683814012878,1.05
box(5),-0.5997107044955693,0.6990425387589079,1.05
box(4),-0.23024698515812786,0.2157176498112235,1.05
box(3),-0.32097702543783513,0.7516442838008486,1.05
box(2),-0.7866342003929294,0.5059147009751768,1.05
box(1),-0.6508783335874757,0.2789213301375285,1.05
box(0),-0.47132417999355053,0.7885626025576091,1.05
box(8),-0.6126791808793759,0.4789209468558541,1.05
box(7),-0.43799728749283107,0.5846506524902126,1.05
box(6),-0.37919351673647217,0.40947860980339046,1.05
box(5),-0.7485363992209848,0.7373703394832898,1.05
box(4),-0.7968145825436361,0.20295426007765,1.05
box(3),-0.21445034787693815,0.29831390222446946,1.05
box(2),-0.45575914632386105,0.21271972558141436,1.05
box(1),-0.2179240533286539,0.7751817336350935,1.05
box(0),-0.600589747782124,0.32842715477735096,1.05
box(8),-0.7207822466587148,0.5837250010168638,1.05
box(7),-0.598352980551385,0.6772020198947057,1.05
box(6),-0.2892832350245197,0.5323384627258401,1.05
box(5),-0.4455915680791425,0.6182364175128272,1.05
box(4),-0.789755886299365,0.37719004554636815,1.05
box(3),-0.698678355804264,0.2077511799565097,1.05
box(2),-0.21551965194800948,0.33739252601313974,1.05
box(1),-0.7966524927753114,0.7345612748768433,1.05
box(0),-0.2703958840008524,0.697819971396495,1.05
box(8),-0.5492369639052535,0.22640432169207558,1.05
box(7),-0.6583159753336361,0.5070380900940599,1.05
box(6),-0.5287308728131925,0.42314854079161085,1.05
box(5),-0.6482145128728685,0.6725707569040744,1.05
box(4),-0.401598052804207,0.5477513944780181,1.05
box(3),-0.2845961004633627,0.20209319297150896,1.05
box(2),-0.6898934771844591,0.34361210609138526,1.05
box(1),-0.25454735104730547,0.391886471735137,1.05
box(0),-0.7736876935748362,0.7708227380219612,1.05
box(8),-0.2458093410627819,0.7279270939141358,1.05
box(7),-0.7932520333817108,0.6036665401993166,1.05
box(6),-0.5982883302082731,0.2235320059076348,1.05
box(5),-0.7660959580188396,0.21025257064735592,1.05
box(4),-0.6056566020570873,0.6601725614372524,1.05
box(3),-0.49321596013449526,0.439692882285374,1.05
box(2),-0.48577246477727964,0.7667024206117907,1.05
box(1),-0.6403454602220959,0.40796096563171397,1.05
box(0),-0.2602679958197488,0.40732975544106015,1.05
box(8),-0.20924836432691848,0.2148064733108167,1.05
box(7),-0.714703424563309,0.7751978641552577,1.05
box(6),-0.7449902230479077,0.5790777982773712,1.05
box(5),-0.4344788828551579,0.5817083579843068,1.05
box(4),-0.20568281991554246,0.6924110712630918,1.05
box(3),-0.3626634928721154,0.211857868707106,1.05
box(2),-0.5714999139713907,0.2380600141220986,1.05
box(1),-0.47561469196760336,0.7668815734018428,1.05
box(0),-0.6329151631531287,0.4168758427111625,1.05
box(8),-0.2634007006815128,0.505781419440073,1.05
box(7),-0.46149110263351945,0.3609883375353813,1.05
box(6),-0.7999020903226064,0.3577813923368809,1.05
box(5),-0.7544112102902085,0.655099529826942,1.05
box(4),-0.4587696518025833,0.5947931852817587,1.05
box(3),-0.22757351699306255,0.3514601635229747,1.05
box(2),-0.7623255474455028,0.20330803326440294,1.05
box(1),-0.22432195449870834,0.7373676245631731,1.05
box(0),-0.5922477182647707,0.7568186664603456,1.05
box(8),-0.639801372026265,0.2978217946707059,1.05
box(7),-0.23020624574041207,0.578377010220981,1.05
box(6),-0.6274473297529748,0.5445378028871198,1.05
box(5),-0.3789879120065989,0.4411013642178232,1.05
box(4),-0.789180755045227,0.7388959484632218,1.05
box(3),-0.42310974137513807,0.7553208730294978,1.05
box(2),-0.48140926001547424,0.33068405125874867,1.05
box(1),-0.7993788368687422,0.4077328753703945,1.05
box(0),-0.23867305570175798,0.7539754002500456,1.05
box(8),-0.6335442855278934,0.7347346463044666,1.05
box(7),-0.46382844206896395,0.5737546093558034,1.05
box(6),-0.20349329988751208,0.20044248494269923,1.05
box(5),-0.7319437434817726,0.5930186524760139,1.05
box(4),-0.23122615448818745,0.5544012529965556,1.05
box(3),-0.6514584108759076,0.2997587145368472,1.05
box(2),-0.7981933358245275,0.7870750694201938,1.05
box(1),-0.5363886876177405,0.44139137628097364,1.05
box(0),-0.35559153759892703,0.42586192536433787,1.05
box(8),-0.39572446276604867,0.7635423725273194,1.05
box(7),-0.7922149777516632,0.4203198058637816,1.05
box(6),-0.43926742489663384,0.5854104706817543,1.05
box(5),-0.4898309532749733,0.25154506299301566,1.05
box(4),-0.6054182550664372,0.7796138384870792,1.05
box(3),-0.6578219910476413,0.5705498062197885,1.05
box(2),-0.32917784686586105,0.2025860883941216,1.05
box(1),-0.7989020827184274,0.6604477198421592,1.05
box(0),-0.7574145506329457,0.2627936760173196,1.05
box(8),-0.2389974444255587,0.5706428866724058,1.05
box(7),-0.3033660870749438,0.7143392686436605,1.05
box(6),-0.3700098348495316,0.413007816989985,1.05
box(5),-0.5558943093248283,0.4597290410061764,1.05
box(4),-0.5776071341004853,0.2383149806377449,1.05
box(3),-0.5335382584214956,0.7568898457417146,1.05
box(2),-0.4217484039459379,0.564664732420457,1.05
box(1),-0.34321081849165747,0.23699576463565802,1.05
box(0),-0.6998800781399814,0.6290289114886991,1.05
box(8),-0.7729461156999171,0.4128053608188343,1.05
box(7),-0.7444407884002935,0.2640685378052274,1.05
box(6),-0.3109624965880045,0.7451156861315482,1.05
box(5),-0.32215898821949496,0.45168242163271044,1.05
box(4),-0.5353002924053847,0.40391842632461206,1.05
box(3),-0.5027165415429711,0.2478674407062399,1.05
box(2),-0.4642562229567393,0.7355542385514597,1.05
box(1),-0.46639266678942565,0.539599874317675,1.05
box(0),-0.2715194860806125,0.5983189703119621,1.05
box(8),-0.20852940396402017,0.3128868071905384,1.05
box(7),-0.6578731760587673,0.5754497370591796,1.05
box(6),-0.6956324391475004,0.42371546244378094,1.05
box(5),-0.7932064827771905,0.7027113867140127,1.05
box(4),-0.3744697023927996,0.3901081413873935,1.05
box(3),-0.6529758965614028,0.7638400699820105,1.05
box(2),-0.6640261717374437,0.20979300267921774,1.05
box(1),-0.2486715796809787,0.762587620342815,1.05
box(0),-0.4940607779935734,0.766550003135744,1.05
box(8),-0.4587511019664607,0.5923770701830153,1.05
box(7),-0.2755263739062453,0.5356813632470386,1.05
box(6),-0.4529578428777864,0.23513434412960477,1.05
box(5),-0.5794173258865993,0.3964733338178478,1.05
box(4),-0.20146970581801488,0.30740715757391834,1.05
box(3),-0.7243141840737455,0.6273694546170703,1.05
box(2),-0.7580201177880699,0.41660610515215574,1.05
box(1),-0.6546852165441317,0.26597480870703993,1.05
box(0),-0.22854106880934696,0.6938299852386389,1.05
box(8),-0.45527412221688107,0.7792520004074868,1.05
box(7),-0.5668243357313848,0.567831796622722,1.05
box(6),-0.42159588733701814,0.4427686267948363,1.05
box(5),-0.3528524918424358,0.20294471583435897,1.05
box(4),-0.38808412291847805,0.6321862969678256,1.05
box(3),-0.2294070862877461,0.4748548369328213,1.05
box(2),-0.7368773758174232,0.7718072348048401,1.05
box(1),-0.6872411757857961,0.47509727011863123,1.05
box(0),-0.5088017559244371,0.2793211991284929,1.05
box(8),-0.7907215081565058,0.31863993269334384,1.05
box(7),-0.5822486450014357,0.738473662233678,1.05
box(6),-0.4194407624803545,0.7837147111842142,1.05
box(5),-0.4154395424128643,0.41851718531988064,1.05
box(4),-0.284754287701525,0.228949098203329,1.05
box(3),-0.798648755946838,0.5895607667239167,1.05
box(2),-0.21056347947312348,0.36533252101141717,1.05
box(1),-0.7789431313135313,0.750065005637508,1.05
box(0),-0.2002374567259401,0.7515984981634116,1.05
box(8),-0.6150061590794474,0.42455743676445634,1.05
box(7),-0.6714573864337001,0.2567554637635922,1.05
box(6),-0.2560053845183524,0.5220778693584907,1.05
box(5),-0.4807353541052495,0.6276698369047393,1.05
box(4),-0.46956321745237656,0.33063895648816655,1.05
box(3),-0.6206283820337322,0.6926705783534686,1.05
box(2),-0.49528202091812484,0.793893876816737,1.05
box(1),-0.3069546283873269,0.21997231090303426,1.05
box(0),-0.7794233591979092,0.7771259576262559,1.05
box(8),-0.3372365272837494,0.7430754940702093,1.05
box(7),-0.6637920573244732,0.5378488400803052,1.05
box(6),-0.6942032176994185,0.26489033339607754,1.05
box(5),-0.26514569069251254,0.3942956032196172,1.05
box(4),-0.35229806819802256,0.5358978428384111,1.05
box(3),-0.5277524808208534,0.23982797891681482,1.05
box(2),-0.5141760664198152,0.4427073676406027,1.05
box(1),-0.5136809287467394,0.6293846305726453,1.05
box(0),-0.6155181908176244,0.7637493463746718,1.05
box(8),-0.20397498012244253,0.6497399488903195,1.05
box(7),-0.26768936889101874,0.2343530761867222,1.05
box(6),-0.6737600331606048,0.44688011586838616,1.05
box(5),-0.7756634382498522,0.7394869736210721,1.05
box(4),-0.7380872629294359,0.5886311733949777,1.05
box(3),-0.29428183239786626,0.5027987696575396,1.05
box(2),-0.6539332784061681,0.2955325481033827,1.05
box(1),-0.47676020787970447,0.2464311854218863,1.05
box(0),-0.47049934733530435,0.436350186461238,1.05
box(8),-0.5186281688672776,0.6821731127649684,1.05
box(7),-0.376651496277137,0.7743163693887927,1.05
box(6),-0.25184480118973157,0.294746470085591,1.05
box(5),-0.2360507476819546,0.6731131926681506,1.05
box(4),-0.756653752947694,0.760526121574133,1.05
box(3),-0.7771064875189839,0.44149391333163457,1.05
box(2),-0.20760344396702712,0.4791190699428002,1.05
box(1),-0.6196324118268073,0.46794411713248935,1.05
box(0),-0.4989822435351471,0.2077179009549509,1.05
box(8),-0.7952374720531865,0.2639367330902405,1.05
box(7),-0.6055291723290005,0.6726872090489917,1.05
box(6),-0.4228891660315913,0.7816166442941055,1.05
box(5),-0.3324335040858748,0.3114537050071767,1.05
box(4),-0.2423223466493356,0.6322119880582553,1.05
box(3),-0.7626173096303859,0.6419503175585806,1.05
box(2),-0.4803998381631892,0.3821080071033782,1.05
box(1),-0.39121144603497227,0.6098307449873048,1.05
box(0),-0.6585951565521484,0.3290399529517508,1.05
box(8),-0.6918522950429614,0.5090855500083726,1.05
box(7),-0.2134489273162597,0.40417175433296737,1.05
box(6),-0.5564635556896632,0.597594561591487,1.05
box(5),-0.429457130232013,0.7966798217093838,1.05
box(4),-0.3646098072529007,0.21053984026296504,1.05
box(3),-0.5340260389661022,0.22879097642899882,1.05
box(2),-0.6982676794415287,0.6673920117318164,1.05
box(1),-0.3974424583937951,0.40330853260543803,1.05
box(0),-0.2698824311181901,0.5880882827385947,1.05
box(8),-0.23284901889607262,0.7470249233673552,1.05
box(7),-0.7301883709131878,0.47600775640531945,1.05
box(6),-0.23354586070754013,0.3198442672871234,1.05
box(5),-0.4638858137066955,0.545492507647175,1.05
box(4),-0.7045683640364107,0.26605490238365764,1.05
box(3),-0.3678522043360022,0.2196007083362002,1.05
box(2),-0.3845842585737368,0.7685381568620107,1.05
box(1),-0.5444219573989135,0.2004390695485187,1.05
box(0),-0.5600395060251774,0.6743395774748141,1.05
box(8),-0.5117184366257606,0.35013778401067097,1.05
box(7),-0.7487294735258547,0.7647386467474326,1.05
box(6),-0.7320642734640881,0.5779800316749443,1.05
box(5),-0.20806140704592235,0.6829494840406019,1.05
box(4),-0.43169137416893727,0.4956657885146559,1.05
box(3),-0.7006177146904848,0.36748384471538953,1.05
box(2),-0.762124762305209,0.21833753528473632,1.05
box(1),-0.37422558164020103,0.6732749437142587,1.05
box(0),-0.34472370734218716,0.26641839007849694,1.05
box(8),-0.5376511890610576,0.7918137880311185,1.05
box(7),-0.27704722592873066,0.4782865161541798,1.05
box(6),-0.596124545070465,0.22096139658861771,1.05
box(5),-0.6805600469084867,0.632505468820781,1.05
box(4),-0.22051015513148048,0.7518833197309476,1.05
box(3),-0.5539770004711722,0.4356248194268958,1.05
box(2),-0.7892166078625154,0.45041308326316865,1.05
box(1),-0.7670794478702274,0.20195680046718478,1.05
box(0),-0.4664262966795157,0.6195258968835536,1.05
box(8),-0.7639005093013198,0.7707254365790872,1.05
box(7),-0.21711007356752987,0.2588221235228383,1.05
box(6),-0.36322796989171025,0.34858522101498657,1.05
box(5),-0.5412593982106815,0.22676574187562537,1.05
box(4),-0.32861236727124266,0.5056711446654374,1.05
box(3),-0.6454310793391018,0.5882448517117573,1.05
box(2),-0.6370554144911803,0.4366393364893177,1.05
box(1),-0.3607878561825917,0.7654280495595411,1.05
box(0),-0.7185664573028192,0.307561925819952,1.05
box(8),-0.5210228850318364,0.6765149527066776,1.05
box(7),-0.6809941867604169,0.7543311498807284,1.05
box(6),-0.7754103634302751,0.5097305137391708,1.05
box(5),-0.39728912813019956,0.36450102260317374,1.05
box(4),-0.22620117049413968,0.2783427461077056,1.05
box(3),-0.4168946807089575,0.518242586157108,1.05
box(2),-0.24235371977653736,0.5569772782986899,1.05
box(1),-0.36499584431496557,0.21503564035040448,1.05
box(0),-0.3627873341909429,0.7393080443634643,1.05
box(8),-0.5379121364393321,0.258532586162832,1.05
box(7),-0.6217642759195623,0.601870968135645,1.05
box(6),-0.6065601527150022,0.393592524629005,1.05
box(5),-0.7585465529096787,0.30361078237521255,1.05
box(4),-0.7706726967106114,0.4619698628970492,1.05
box(3),-0.20306357641979192,0.7447762014163355,1.05
box(2),-0.7278265622795403,0.7129416547426481,1.05
box(1),-0.28236228185818174,0.5528661873966834,1.05
box(0),-0.43518332974720814,0.5503814683482213,1.05
box(8),-0.27822958170942735,0.3926398116699824,1.05
box(7),-0.5285618004500406,0.7555363509987838,1.05
box(6),-0.5139696620065604,0.25774394285678015,1.05
box(5),-0.2361944983731863,0.2288825278150685,1.05
box(4),-0.6650593498304587,0.2525026466884499,1.05
box(3),-0.6666357687865755,0.43122845100677976,1.05
box(2),-0.23476915741997945,0.7602539554460483,1.05
box(1),-0.6238883391301162,0.5843127166041586,1.05
box(0),-0.264133149992456,0.5663163395575844,1.05
box(8),-0.7651553220582938,0.7410482163164016,1.05
box(7),-0.38785104749089655,0.34536357047896793,1.05
box(6),-0.5672626921835916,0.7533328447453929,1.05
box(5),-0.44283176174136496,0.5849247421745583,1.05
box(4),-0.797680772883913,0.5618770996600708,1.05
box(3),-0.4869455600091414,0.22016925115738206,1.05
box(2),-0.6718430056282618,0.35313181492373735,1.05
box(1),-0.7807634613039922,0.2136126230881991,1.05
box(0),-0.25150501932284963,0.7638352994741229,1.05
box(8),-0.21755626395070848,0.5989379479406048,1.05
box(7),-0.5525710447092831,0.4692781013606079,1.05
box(6),-0.2637712487360966,0.2028079130006676,1.05
box(5),-0.42359177966200795,0.7430051352132847,1.05
box(4),-0.6877532501309027,0.7697830417494667,1.05
box(3),-0.3282197477343482,0.3438620333248979,1.05
box(2),-0.7704727196708452,0.5284709496679545,1.05
box(1),-0.5217337297555078,0.3174326486708988,1.05
box(0),-0.7754500560614683,0.2830760190712377,1.05
box(8),-0.27294427133645915,0.7971327884131361,1.05
box(7),-0.341292181291605,0.49561843300885244,1.05
box(6),-0.5773883918196825,0.6458429054774499,1.05
box(5),-0.24224897090622916,0.6303507127360937,1.05
box(4),-0.44181827086428815,0.7317275267551282,1.05
box(3),-0.5226487234192025,0.49362685840841086,1.05
box(2),-0.23062739090794263,0.20415671124841275,1.05
box(1),-0.7000514092696251,0.7539763624010594,1.05
box(0),-0.20986771423065226,0.37869370991129064,1.05
box(8),-0.7361310797034961,0.46319979322191535,1.05
box(7),-0.6876628061893428,0.23194703353155488,1.05
box(6),-0.4714810805881146,0.2565298537283236,1.05
box(5),-0.7765795040144101,0.6149290141298895,1.05
box(4),-0.22184371226048683,0.5810150773213715,1.05
box(3),-0.44738509427228923,0.666880160867015,1.05
box(2),-0.5396462562626535,0.4391948627171328,1.05
box(1),-0.2822384624576235,0.7324645796751217,1.05
box(0),-0.2774034078348492,0.2339443529624535,1.05
box(8),-0.3503812501269653,0.39252965804975626,1.05
box(7),-0.7216186330178267,0.4501326177734233,1.05
box(6),-0.6310404537976042,0.29801881810915287,1.05
box(5),-0.48825255948999274,0.21469041697142358,1.05
box(4),-0.6888883445579823,0.599644946809923,1.05
box(3),-0.6959793282529392,0.7752288969755694,1.05
box(2),-0.48952918620983926,0.6067826670293742,1.05
box(1),-0.48465694112441526,0.7777753832721728,1.05
box(0),-0.26968238023886343,0.7923648269137444,1.05
box(8),-0.7750429810752659,0.23309220435906863,1.05
box(7),-0.3706215110747169,0.5043333139201667,1.05
box(6),-0.7719720213098165,0.44755518217258755,1.05
box(5),-0.6057607319984623,0.3813717051120815,1.05
box(4),-0.2608974730574771,0.36005272142253664,1.05
box(3),-0.4436990663246026,0.2900161483559128,1.05
box(2),-0.7391459803226974,0.7438720369221932,1.05
box(1),-0.5645529030320063,0.5719220731203328,1.05
box(0),-0.2639539757089735,0.6238978917605211,1.05
box(8),-0.44000702068222436,0.7387257226957356,1.05
box(7),-0.7664630152954555,0.2891085865162518,1.05
box(6),-0.6257061278139309,0.20534140982651383,1.05
box(5),-0.25138119225659106,0.7846462442983055,1.05
box(4),-0.4379700373251759,0.48542430067042097,1.05
box(3),-0.7072537373579557,0.47284892813787693,1.05
box(2),-0.23900775499825588,0.42821789594299453,1.05
box(1),-0.7345374888752936,0.6653491526534692,1.05
box(0),-0.4555822898483596,0.31166063414819206,1.05
box(8),-0.5482440710612155,0.6287273744975058,1.05
box(7),-0.24058384793043283,0.6268253681480719,1.05
box(6),-0.24155460874010753,0.20823016309741008,1.05
box(5),-0.7174105019451411,0.22701384885670317,1.05
box(4),-0.43195316981791865,0.7582462337327918,1.05
box(3),-0.3939677296703179,0.46373369687638805,1.05
box(2),-0.6589589869894167,0.40035607133808193,1.05
box(1),-0.22808550667565977,0.38366225092385386,1.05
box(0),-0.7521520121729932,0.5814945050302642,1.05
box(8),-0.6860258747754648,0.7330005023961046,1.05
box(7),-0.5287255544436784,0.2893289791133764,1.05
box(6),-0.5983686180501129,0.5434130643422825,1.05
box(5),-0.21488494899756547,0.5416325869133037,1.05
box(4),-0.24237071538874239,0.22162287406874281,1.05
box(3),-0.35326748233235594,0.715231046475926,1.05
box(2),-0.4028844293806177,0.4820969263916555,1.05
box(1),-0.7004780205809236,0.3097760480183328,1.05
box(0),-0.4841413096261081,0.7949212096112201,1.05
box(8),-0.7586180339866293,0.5953134744329833,1.05
box(7),-0.6418428141042607,0.7107389025417856,1.05
box(6),-0.5251512842010866,0.22259463375527655,1.05
box(5),-0.5665251343447448,0.49143339608206377,1.05
box(4),-0.2512527749569761,0.6003044144733722,1.05
box(3),-0.20492425653065868,0.30828621817066826,1.05
box(2),-0.4411784758893902,0.6311953741599636,1.05
box(1),-0.7992009461803424,0.7803624687864188,1.05
box(0),-0.35164236073319444,0.41870952719528587,1.05
box(8),-0.7620181050930572,0.39642592522115916,1.05
box(7),-0.34736192877632255,0.7818125458600225,1.05
box(6),-0.7210793055159257,0.2141016974085114,1.05
box(5),-0.4500094583261988,0.27933362145171015,1.05
box(4),-0.5389291593545895,0.4796979305862936,1.05
box(3),-0.6245405047936103,0.6279026956203304,1.05
box(2),-0.2601781718633225,0.6165857911619403,1.05
box(1),-0.27438195209394545,0.23147439081414256,1.05
box(0),-0.5359542878213821,0.7667304022019892,1.05
box(8),-0.20371320583825453,0.3695680960783293,1.05
box(7),-0.7803362739938231,0.3830656731997371,1.05
box(6),-0.7949580777548735,0.5619745826480339,1.05
box(5),-0.622440320449783,0.32272676968354763,1.05
box(4),-0.35328426503727556,0.7675156228975546,1.05
box(3),-0.5449362114149928,0.4737525554749172,1.05
box(2),-0.7239598478780502,0.7850984133061585,1.05
box(1),-0.2632567087616921,0.5397425644686377,1.05
box(0),-0.35398441315134616,0.2625275036493564,1.05
box(8),-0.5075335851051479,0.765566333537393,1.05
box(7),-0.7884650703740448,0.20391025557074827,1.05
box(6),-0.7795972821708046,0.39331797195678286,1.05
box(5),-0.3770038751027176,0.43084698776120867,1.05
box(4),-0.5990965738229864,0.2903737301882731,1.05
box(3),-0.24702599721642765,0.7038675657758884,1.05
box(2),-0.503435112009907,0.563172660184791,1.05
box(1),-0.7224172833675431,0.7561588049884593,1.05
box(0),-0.20991716293014015,0.4465836031905529,1.05
box(8),-0.39028147606508196,0.2745781038588929,1.05
box(7),-0.6685215079245547,0.5915135998393426,1.05
box(6),-0.22825744757916974,0.22114469131653666,1.05
box(5),-0.5259000045911393,0.7208050245765443,1.05
box(4),-0.7872890948098494,0.2879600257275871,1.05
box(3),-0.5909383044803602,0.32282098351940813,1.05
box(2),-0.35123636269435865,0.6052977594269313,1.05
box(1),-0.5501379117930506,0.4774260367324202,1.05
box(0),-0.3760390474353944,0.7882305669529335,1.05
box(8),-0.25505444241873365,0.4662240998793347,1.05
box(7),-0.7075320871991206,0.42666564588562456,1.05
box(6),-0.7156564106115428,0.600615695048557,1.05
box(5),-0.23303200309616823,0.7304693688557604,1.05
box(4),-0.44309512983158916,0.24055999949067536,1.05
box(3),-0.7984986005440251,0.7651389993174627,1.05
box(2),-0.6121931470877997,0.2674728059899273,1.05
box(1),-0.4104090523108951,0.5369253402767671,1.05
box(0),-0.5654896549914195,0.5770409182763521,1.05
box(8),-0.2938800388703541,0.21985183871231856,1.05
box(7),-0.20848524703089505,0.5685630848578274,1.05
box(6),-0.7788379358406223,0.44838494964138587,1.05
box(5),-0.548072584274838,0.7708021720583214,1.05
box(4),-0.2700319200192597,0.40174874040979786,1.05
box(3),-0.34751295743617605,0.7976208610752689,1.05
box(2),-0.7367242292608853,0.6632794023716158,1.05
box(1),-0.5743633604558974,0.2042722727308404,1.05
box(0),-0.4297661496748662,0.6479916647771207,1.05
box(8),-0.4700335102025692,0.3772258460304809,1.05
box(7),-0.6025754170370974,0.48694036181996403,1.05
box(6),-0.2555741676494254,0.5675860065744085,1.05
box(5),-0.7370923572247605,0.2775512345953348,1.05
box(4),-0.3615435655970298,0.22940715249083057,1.05
box(3),-0.20910860346439525,0.4211350549420213,1.05
box(2),-0.782439008722432,0.5184973257520097,1.05
box(1),-0.6826976335378305,0.7976539258054376,1.05
box(0),-0.2415580156559329,0.7493828852880788,1.05
box(8),-0.604901433625701,0.658399412194261,1.05
box(7),-0.4869192167456583,0.7523137890570488,1.05
box(6),-0.5614076352501227,0.36947872430137535,1.05
box(5),-0.4518693902471497,0.5757037624014566,1.05
box(4),-0.6945773869162292,0.27520945714679196,1.05
box(3),-0.26884589922227053,0.22162057822000478,1.05
box(2),-0.20801985127499656,0.39928476996493223,1.05
box(1),-0.3785968752927311,0.433328961912598,1.05
box(0),-0.25924596150629664,0.5994971458777336,1.05
box(8),-0.7681095704522254,0.5142486230621792,1.05
box(7),-0.28485368840895364,0.7681529263952795,1.05
box(6),-0.7308721520316908,0.7726806313262296,1.05
box(5),-0.49752041334656666,0.20697376530169576,1.05
box(4),-0.46850937001398746,0.5691394134450374,1.05
box(3),-0.5284873342337131,0.41604358055596713,1.05
box(2),-0.2351560188009738,0.21649498381034282,1.05
box(1),-0.6083693465945769,0.6289187720892648,1.05
box(0),-0.6600219924809461,0.22928681487969926,1.05
box(8),-0.24953175995531318,0.5928461827132938,1.05
box(7),-0.2952505202866576,0.3874400816824537,1.05
box(6),-0.5066693481614539,0.7482266660856209,1.05
box(5),-0.7085271792597561,0.4671092571459016,1.05
box(4),-0.7348644537585645,0.766167814250653,1.05
box(3),-0.2355727174781746,0.7810103476329653,1.05
box(2),-0.40389961050699075,0.23388934953351054,1.05
box(1),-0.464182717218231,0.4563467707677331,1.05
box(0),-0.6527176617439838,0.6275794286256063,1.05
box(8),-0.6297855231079053,0.22842731199149982,1.05
box(7),-0.2547986007470704,0.5934410943104509,1.05
box(6),-0.2918647584576481,0.3484469287393822,1.05
box(5),-0.5060187593858207,0.6610717145064589,1.05
box(4),-0.7040893728637634,0.3962399373401182,1.05
box(3),-0.7957391182070741,0.2576114448006895,1.05
box(2),-0.3159676247855198,0.7428290509273445,1.05
box(1),-0.4478128932345292,0.20111325158622276,1.05
box(0),-0.475019067139905,0.4057684813148664,1.05
box(8),-0.7802543035819194,0.5680828705972326,1.05
box(7),-0.7292067482625335,0.745607177650111,1.05
box(6),-0.20947034097986844,0.49358316953439296,1.05
box(5),-0.2879550842630532,0.28477635084088565,1.05
box(4),-0.6035293234221549,0.578786749081892,1.05
box(3),-0.6436709848831017,0.3206354137426005,1.05
box(2),-0.3742096937211775,0.5716745277437021,1.05
box(1),-0.2348497549585713,0.6475494390709419,1.05
box(0),-0.45196193935425005,0.23641574235460278,1.05
box(8),-0.5751196964453108,0.755865728619161,1.05
box(7),-0.7768626499717834,0.39236536246397735,1.05
box(6),-0.7760089063919695,0.6052723629904762,1.05
box(5),-0.29642604121520266,0.7999518085852113,1.05
box(4),-0.2043793000334464,0.20745528726261445,1.05
box(3),-0.48626072196459863,0.45851394626693764,1.05
box(2),-0.5684086346516394,0.5933348081597922,1.05
box(1),-0.20154947759591757,0.48933206358432374,1.05
box(0),-0.7256291633959164,0.7577524233578399,1.05
box(8),-0.364503138296984,0.5505219088535724,1.05
box(7),-0.3119633228819166,0.348204488114906,1.05
box(6),-0.7572101308942194,0.37960701841066674,1.05
box(5),-0.5051561613320507,0.20419106129524922,1.05
box(4),-0.2760643849863466,0.7637789081552038,1.05
box(3),-0.5290231197044495,0.7546622122571027,1.05
box(2),-0.4682684716879652,0.40768711891039333,1.05
box(1),-0.5244747922436214,0.5766993399053213,1.05
box(0),-0.6550630981935321,0.4914781665933806,1.05
box(8),-0.6841627902012763,0.7070127557363228,1.05
box(7),-0.6796838396028158,0.20231797820867087,1.05
box(6),-0.22924492042220054,0.6139457638549276,1.05
box(5),-0.24589991644245487,0.3640723785814495,1.05
box(4),-0.7937831585419515,0.3082524104381352,1.05
box(3),-0.4890900864791464,0.21504139084013763,1.05
box(2),-0.40286654823422596,0.7810508425872957,1.05
box(1),-0.39628454669707036,0.49549369756192835,1.05
box(0),-0.2244538624877846,0.7853951513450621,1.05
box(8),-0.5262310456296921,0.6719197894006357,1.05
box(7),-0.587699002278127,0.378444597832607,1.05
box(6),-0.7632468062247579,0.6952709579311784,1.05
box(5),-0.26605685160386994,0.60188602258652,1.05
box(4),-0.20628447576956768,0.4163431302651803,1.05
box(3),-0.7476838210088466,0.30602980708637173,1.05
box(2),-0.2897492567810106,0.20033753788188938,1.05
box(1),-0.4554392393377924,0.2161334584645162,1.05
box(0),-0.6610103885098426,0.5610555755983286,1.05
box(8),-0.48914699202356865,0.4950482010602973,1.05
box(7),-0.39708255385991664,0.3607865194429696,1.05
box(6),-0.3908414214447312,0.7973095981215268,1.05
box(5),-0.5115986264087597,0.667268535650105,1.05
box(4),-0.6810892535818639,0.7886501964261372,1.05
box(3),-0.34225229257639034,0.5422283470608527,1.05
box(2),-0.22573045787116203,0.4293541270005599,1.05
box(1),-0.6392171969076541,0.41046164063257856,1.05
box(0),-0.21786609074753904,0.6989945830199878,1.05
box(8),-0.6847861249161814,0.26378092637064865,1.05
box(7),-0.22122060337006771,0.24660535355467153,1.05
box(6),-0.7651269498456099,0.5557188559073629,1.05
box(5),-0.4215982095755005,0.39695896913749723,1.05
box(4),-0.45208569367353746,0.6712269485122887,1.05
box(3),-0.610863697922619,0.6261759593312035,1.05
box(2),-0.48509937987860624,0.20237240951938404,1.05
box(1),-0.6961381568745628,0.7881341942349593,1.05
box(0),-0.21034973803039267,0.4124381819904329,1.05
box(8),-0.6295844694056502,0.4374431635092725,1.05
box(7),-0.27846631698175234,0.5869246485654047,1.05
box(6),-0.21614270752995246,0.23695831328305028,1.05
box(5),-0.7911211177446507,0.6275070822142716,1.05
box(4),-0.46323526451039504,0.37222986583506096,1.05
box(3),-0.4747331648240916,0.7623220631448968,1.05
box(2),-0.7972802210878485,0.3784866628821155,1.05
box(1),-0.6272837134485894,0.2514108566938972,1.05
box(0),-0.38866491178812707,0.23051043064387708,1.05
box(8),-0.4972699013718383,0.6009659497005273,1.05
box(7),-0.6329554161815698,0.797196550314129,1.05
box(6),-0.3192258056792676,0.6899521973180823,1.05
box(5),-0.2811164249907085,0.43823983374021996,1.05
box(4),-0.6048489085068834,0.42687263085131055,1.05
box(3),-0.7586256193213554,0.7009135637532389,1.05
box(2),-0.6498909421309276,0.5829692144243233,1.05
box(1),-0.47516789865531933,0.7777233838669715,1.05
box(0),-0.6551083817340354,0.27149007865325897,1.05
box(8),-0.2526858251206436,0.21437863027805296,1.05
box(7),-0.4789696073589279,0.3042768590991709,1.05
box(6),-0.4827228459529718,0.5382072887275936,1.05
box(5),-0.3189983839009585,0.7289154389726156,1.05
box(4),-0.2563494770603493,0.48014967189785873,1.05
box(3),-0.7848763573018156,0.4660509276992158,1.05
box(2),-0.7887001502270046,0.6459464803185131,1.05
box(1),-0.6706260439531636,0.7980695580872992,1.05
box(0),-0.5081420251400341,0.7604891215686265,1.05
box(8),-0.634676379297757,0.27775735431786236,1.05
box(7),-0.3222947078039384,0.33027496672953816,1.05
box(6),-0.4714783885814068,0.22126640168967823,1.05
box(5),-0.5668155754726816,0.5908544740811643,1.05
box(4),-0.4626763167179764,0.40564177803963897,1.05
box(3),-0.22559616392872522,0.7031975626371858,1.05
box(2),-0.20624727717659358,0.525790402626503,1.05
box(1),-0.7764616875389578,0.49470760450289675,1.05
box(0),-0.3975784631075873,0.5739081878569321,1.05
box(8),-0.7514130707505515,0.7790132442680882,1.05
box(7),-0.6887060851730161,0.21555639438330543,1.05
box(6),-0.26820253106674224,0.33942839398372326,1.05
box(5),-0.5346059210164633,0.20305283850719644,1.05
box(4),-0.6642357841933126,0.6192066196289328,1.05
box(3),-0.6065453612952548,0.4685668753407844,1.05
box(2),-0.5916663662461425,0.7898746780805579,1.05
box(1),-0.23919431464683144,0.666313517871096,1.05
box(0),-0.3526394256655753,0.20669917147753097,1.05
box(8),-0.3690505033919955,0.799814616598536,1.05
box(7),-0.4731062193464781,0.6049738784853047,1.05
box(6),-0.3576923021665692,0.46456102966368795,1.05
box(5),-0.7458412467067947,0.34237893225157706,1.05
box(4),-0.7803775019815109,0.737168721851641,1.05
box(3),-0.5969552551348856,0.26395405961947654,1.05
box(2),-0.5690846995067173,0.4874680402512543,1.05
box(1),-0.45895348927585544,0.32848139551299704,1.05
box(0),-0.21697457729999778,0.7052580922476914,1.05
box(8),-0.5979629208241035,0.779222096158884,1.05
box(7),-0.21142408452735723,0.2420737653403956,1.05
box(6),-0.449577722681779,0.7499079042815957,1.05
box(5),-0.31000028086164316,0.4419712446764785,1.05
box(4),-0.40715840135326303,0.5875057353151438,1.05
box(3),-0.6488992880092118,0.6148248065333615,1.05
box(2),-0.20654510537055987,0.5538055262958683,1.05
box(1),-0.6871280510325766,0.29081009500284694,1.05
box(0),-0.7832607781495555,0.7330232733110464,1.05
box(8),-0.5099866456672539,0.20334677786829924,1.05
box(7),-0.2459501979708117,0.767709654840895,1.05
box(6),-0.7940269991246676,0.47852623640999875,1.05
box(5),-0.43523837287470746,0.7430958368500067,1.05
box(4),-0.37723184068618804,0.3782470456716801,1.05
box(3),-0.6201515157703292,0.7819077796183835,1.05
box(2),-0.21125400730291927,0.20545394123027155,1.05
box(1),-0.28216150349035646,0.6083200515843356,1.05
box(0),-0.6221870413559074,0.43664974882933644,1.05
box(8),-0.7045263614467234,0.24772788242669286,1.05
box(7),-0.7891706300908232,0.784763300745513,1.05
box(6),-0.5045819148082686,0.556891052587687,1.05
box(5),-0.7930621990681563,0.6206197958868588,1.05
box(4),-0.21663040379511805,0.39455049142588083,1.05
box(3),-0.5005632694177762,0.24159459295765096,1.05
box(2),-0.21677542915120476,0.781893782424804,1.05
box(1),-0.3883565882640831,0.37495030879948466,1.05
box(0),-0.7951278244098305,0.4170559347106265,1.05
box(8),-0.262234783704249,0.631053614576516,1.05
box(7),-0.6410008072985505,0.6679149368097921,1.05
box(6),-0.4412608630098742,0.7327838111206446,1.05
box(5),-0.5358199902258247,0.4740973867008533,1.05
box(4),-0.2926615288730454,0.22074875471751826,1.05
box(3),-0.7001344622491279,0.20932929130698458,1.05
box(2),-0.21758449652745385,0.35227785923581,1.05
box(1),-0.39855984556027446,0.5424747827162589,1.05
box(0),-0.5209886673051901,0.3151676855735753,1.05
box(8),-0.706158847048787,0.3692489830485044,1.05
box(7),-0.2254157913212798,0.7267406404642689,1.05
box(6),-0.7025695595401225,0.6275455933294236,1.05
box(5),-0.4948025674635548,0.7503089034733057,1.05
box(4),-0.6668361960462807,0.784969722935928,1.05
box(3),-0.3733531814830332,0.24734762095340287,1.05
box(2),-0.5809329256320193,0.5086960320206539,1.05
box(1),-0.2343005341784966,0.4701127191657983,1.05
box(0),-0.7866717793015958,0.23916850504088438,1.05
box(8),-0.42629624353009576,0.5552745306951373,1.05
box(7),-0.2043936048007182,0.2572366990831879,1.05
box(6),-0.3447072751894295,0.686199966365143,1.05
box(5),-0.7075062110847405,0.6125770309354368,1.05
box(4),-0.5343251973785219,0.21266646463969643,1.05
box(3),-0.7177002319430446,0.37627597985798106,1.05
box(2),-0.43333624991507685,0.34761953660423434,1.05
box(1),-0.607468311713448,0.7667467263865397,1.05
box(0),-0.7754551733376169,0.7705860766892212,1.05
box(8),-0.2844210712455022,0.49528226813377535,1.05
box(7),-0.48476946258465986,0.5231845692754931,1.05
box(6),-0.20027356411874644,0.2011538473703805,1.05
box(5),-0.2596493004688654,0.7391512093731958,1.05
box(4),-0.41026666701797043,0.6616259038756023,1.05
box(3),-0.5891641202334037,0.27536949261357535,1.05
box(2),-0.6196298612950382,0.4461087144759372,1.05
box(1),-0.37719142075284134,0.2752830063080808,1.05
box(0),-0.7583242541302906,0.5994368411484696,1.05
box(8),-0.6149411987552246,0.660474512951456,1.05
box(7),-0.7477221159312863,0.3508050271533386,1.05
box(6),-0.24244717085087564,0.4237643171479648,1.05
box(5),-0.20162975998093627,0.5721032268110022,1.05
box(4),-0.2172766258630615,0.7250121967897438,1.05
box(3),-0.40620665315261084,0.6941296068614985,1.05
box(2),-0.39121206203885756,0.4602527408207657,1.05
box(1),-0.636769067414807,0.4787154943656663,1.05
box(0),-0.4893475950568926,0.2830965788011808,1.05
box(8),-0.764427195919444,0.5977843214735609,1.05
box(7),-0.6447576106086261,0.7414575142911148,1.05
box(6),-0.7528512636889555,0.28852783082170574,1.05
box(5),-0.2595643919237757,0.2121712484412811,1.05
box(4),-0.26808778898536295,0.579198501371035,1.05
box(3),-0.23900445648666213,0.7953719740226604,1.05
box(2),-0.4595525942207628,0.7665651245686302,1.05
box(1),-0.2856564247515349,0.4081969392691742,1.05
box(0),-0.500292804780282,0.5008785829180862,1.05
box(8),-0.6607249988261027,0.4878458508168075,1.05
box(7),-0.4510085386578346,0.2705669202815257,1.05
box(6),-0.6076083523175293,0.22535886533156546,1.05
box(5),-0.7449418085704984,0.3333132975408021,1.05
box(4),-0.7989162390194804,0.7869181786758508,1.05
box(3),-0.34394282090460787,0.5939903401516129,1.05
box(2),-0.6101391205546696,0.7435128605920389,1.05
box(1),-0.2996394199419514,0.24786935680355923,1.05
box(0),-0.40668251876854855,0.7941997559832328,1.05
box(8),-0.2149501731846729,0.7330960312988635,1.05
box(7),-0.5449431380748186,0.4456335829844429,1.05
box(6),-0.20482477418541928,0.4084430013997913,1.05
box(5),-0.7495680312297179,0.584857402721459,1.05
box(4),-0.5333755532056867,0.24510681856390643,1.05
box(3),-0.4953368955378641,0.5877087667071238,1.05
box(2),-0.3266699124367681,0.5080240808848078,1.05
box(1),-0.7841559780396876,0.27403838889838306,1.05
box(0),-0.25905594392242204,0.2492103359994514,1.05
box(8),-0.6185931118710879,0.7083195705962817,1.05
box(7),-0.30167026635003424,0.7199477965706853,1.05
box(6),-0.5570658268306858,0.3990423242466983,1.05
box(5),-0.4848095147615827,0.7930755800883731,1.05
box(4),-0.6977642648494584,0.47110026697532514,1.05
box(3),-0.5958145465956932,0.20525847078845777,1.05
box(2),-0.48891763381311465,0.5811349969883017,1.05
box(1),-0.34028801114669016,0.42864500070864664,1.05
box(0),-0.7827920329747435,0.7822146016557423,1.05
box(8),-0.24254648421143113,0.5668658141373192,1.05
box(7),-0.35902596879859705,0.2055487898496273,1.05
box(6),-0.6339082007142698,0.7321921474238062,1.05
box(5),-0.3702763802775354,0.6900788373351385,1.05
box(4),-0.7572154355088072,0.22590589402126787,1.05
box(3),-0.4910620572136171,0.3433465695912662,1.05
box(2),-0.7895164730077919,0.6022105074922097,1.05
box(1),-0.21020836832266665,0.7583699858873862,1.05
box(0),-0.5261367417555263,0.5167075771726193,1.05
box(8),-0.2798216618637557,0.39548997622599535,1.05
box(7),-0.2076834876777441,0.5411320079063844,1.05
box(6),-0.7212155579726816,0.4171653054159949,1.05
box(5),-0.542216842574994,0.694872707921407,1.05
box(4),-0.20592426818411658,0.24019172888781676,1.05
box(3),-0.6101423100849032,0.21508879494558503,1.05
box(2),-0.7892769992343838,0.7724046535342151,1.05
box(1),-0.6891724186833232,0.5908484642481671,1.05
box(0),-0.36746108629189633,0.6217483465385597,1.05
box(8),-0.4764545422376382,0.2856938915264739,1.05
box(7),-0.34019811616425766,0.44482609544369645,1.05
box(6),-0.5699869787542682,0.4732289891895565,1.05
box(5),-0.7761295371212031,0.44576947199251904,1.05
box(4),-0.7938799560306573,0.253389991475715,1.05
box(3),-0.4211517538995998,0.7878572240130111,1.05
box(2),-0.2740123286564854,0.23416070571263012,1.05
box(1),-0.6815637568815693,0.7918706472452075,1.05
box(0),-0.20908331888556844,0.5776892502393298,1.05
box(8),-0.45615999615368363,0.5986391126938203,1.05
box(7),-0.5155981949104165,0.2853950338722465,1.05
box(6),-0.4084401585797427,0.40774420705154657,1.05
box(5),-0.7250720156920585,0.6104018643048255,1.05
box(4),-0.26575450520386423,0.7702451655735876,1.05
box(3),-0.7367749906215901,0.2645389041542091,1.05
box(2),-0.7942621808651564,0.45152985228490494,1.05
box(1),-0.26637290720043016,0.24843233590504987,1.05
box(0),-0.5109809219239606,0.776514422170383,1.05
box(8),-0.2501002468267548,0.5736995748627285,1.05
box(7),-0.608224398876938,0.40980613904022734,1.05
box(6),-0.4070409782325731,0.6392024779157995,1.05
box(5),-0.3592487506812604,0.39322807217724276,1.05
box(4),-0.7382614785400852,0.6618147738647928,1.05
box(3),-0.5278812985302522,0.22034889035814503,1.05
box(2),-0.3600511515988334,0.7987996892441558,1.05
box(1),-0.5767019476018926,0.5974303995494137,1.05
box(0),-0.7707920966508468,0.4739777563990157,1.05
box(8),-0.21814499648592908,0.31469042463698005,1.05
box(7),-0.7750841824567116,0.3066148475972945,1.05
box(6),-0.5541505890807201,0.3984868874548805,1.05
box(5),-0.3062081740014877,0.6525754080309909,1.05
box(4),-0.3392772521817815,0.4177210094622687,1.05
box(3),-0.5453306919041984,0.7916164339546929,1.05
box(2),-0.495866411089405,0.22456328614559068,1.05
box(1),-0.7776113076349846,0.6637973744424499,1.05
box(0),-0.204424022167307,0.5293906938216368,1.05
box(8),-0.7634153561378672,0.4637022411621832,1.05
box(7),-0.2980693990956369,0.2110853529901514,1.05
box(6),-0.4678233537601809,0.626594633033501,1.05
box(5),-0.7308959580625471,0.3152112604930793,1.05
box(4),-0.5844510127494005,0.4445564950770172,1.05
box(3),-0.33128100693321494,0.7767191683910237,1.05
box(2),-0.3640882681611469,0.48963933100389373,1.05
box(1),-0.47132162580478004,0.2332542532758624,1.05
box(0),-0.6414037341436061,0.5921990701883147,1.05
box(8),-0.7981218581605913,0.6432642320825421,1.05
box(7),-0.6779875732186946,0.7488738254721781,1.05
box(6),-0.2677076745421137,0.22503106630159495,1.05
box(5),-0.43802373696872315,0.6644336296487272,1.05
box(4),-0.7970299068863727,0.29546299774266505,1.05
box(3),-0.636552803602698,0.27000013484065033,1.05
box(2),-0.2013182292451717,0.682305821853928,1.05
box(1),-0.6759088296230691,0.4462042305212235,1.05
box(0),-0.260015382825121,0.39716446115708925,1.05
box(8),-0.5521117683908416,0.5539116948006211,1.05
box(7),-0.4182509537098806,0.33752280067540863,1.05
box(6),-0.5849459878131926,0.7010870619478926,1.05
box(5),-0.7788518455658755,0.6913470400318033,1.05
box(4),-0.3890461669333628,0.49251933992582697,1.05
box(3),-0.40514797764361,0.7417146623507631,1.05
box(2),-0.5403644397612651,0.23891102153774052,1.05
box(1),-0.710330045242358,0.2959204974478207,1.05
box(0),-0.2222871833489,0.6699748333396033,1.05
box(8),-0.7832413882786369,0.44170969095651214,1.05
box(7),-0.6328838363543041,0.47189744243783005,1.05
box(6),-0.3265923003184813,0.3524916218680465,1.05
box(5),-0.5325905554160937,0.6081902638824148,1.05
box(4),-0.7357476153966789,0.6025650724943713,1.05
box(3),-0.29973540785342245,0.5159982180472575,1.05
box(2),-0.7825669971945743,0.7507895489710381,1.05
box(1),-0.49997346197173487,0.23348827217702184,1.05
box(0),-0.4460589218661065,0.7516298206772503,1.05
box(8),-0.6168534680372855,0.7538597510182445,1.05
box(7),-0.2249753172959205,0.6889913447375636,1.05
box(6),-0.787237009258938,0.2573009160677983,1.05
box(5),-0.28495808489406455,0.2466258990514546,1.05
box(4),-0.46595795852365035,0.46022167071938236,1.05
box(3),-0.7870153482355768,0.4800859460750529,1.05
box(2),-0.6232145634314195,0.33768263751713334,1.05
box(1),-0.7599444241472535,0.6618887268674949,1.05
box(0),-0.4457848762728832,0.24231575167625857,1.05
box(8),-0.4042317913410617,0.61624221975364,1.05
box(7),-0.3067345687221374,0.43545886097939485,1.05
box(6),-0.20394302186713142,0.7254494297106091,1.05
box(5),-0.784771187309919,0.20116340554930123,1.05
box(4),-0.6346449665393905,0.5324311893069873,1.05
box(3),-0.5901483149012658,0.783515845511995,1.05
box(2),-0.467611502069723,0.4652273138245603,1.05
box(1),-0.6836175350993023,0.34287085175798104,1.05
box(0),-0.7736393582010419,0.6266952269393924,1.05
box(8),-0.3957232038201808,0.7692838041974539,1.05
box(7),-0.39010225706040835,0.6041516470025057,1.05
box(6),-0.5298961730890135,0.2623180469222932,1.05
box(5),-0.21877095969729005,0.6451293371352549,1.05
box(4),-0.27780035526430774,0.4924877160906432,1.05
box(3),-0.34096142899134607,0.2530050686145937,1.05
box(2),-0.655120102123516,0.7654424330395171,1.05
box(1),-0.5400037919592473,0.6363808179329733,1.05
box(0),-0.47606777633783276,0.42834152738466974,1.05
box(8),-0.6689436471979313,0.43606527120340227,1.05
box(7),-0.76028553898087,0.6552763031400595,1.05
box(6),-0.2766152847305128,0.789413363892792,1.05
box(5),-0.7831319890989235,0.23614412153326492,1.05
box(4),-0.5894565623758306,0.2417716102060956,1.05
box(3),-0.2886294923596099,0.4594840538315935,1.05
box(2),-0.24207062474320581,0.6197808678666623,1.05
box(1),-0.3724358769526859,0.29735064957011026,1.05
box(0),-0.5325300771507285,0.7559935399863735,1.05
box(8),-0.4818931761173007,0.6016824760157,1.05
box(7),-0.7464904528505423,0.4926653298140818,1.05
box(6),-0.7150919452278139,0.7355907978331981,1.05
box(5),-0.5003751872164565,0.4331701469477682,1.05
box(4),-0.6936715591838913,0.3502932805202747,1.05
box(3),-0.7591887951104734,0.20840061411642274,1.05
box(2),-0.2801434741606499,0.443615548133999,1.05
box(1),-0.20121026489056282,0.2523887635303471,1.05
box(0),-0.5219084883724543,0.25588041909833076,1.05
box(8),-0.21045435662550668,0.6253639655574332,1.05
box(7),-0.3606990700755033,0.29790342970092776,1.05
box(6),-0.6287010797188415,0.5361662363406038,1.05
box(5),-0.35350019323618587,0.760143250669931,1.05
box(4),-0.46009034215204236,0.45097088330764723,1.05
box(3),-0.7824566923598875,0.669000167082297,1.05
box(2),-0.7828270420087218,0.21772923018024926,1.05
box(1),-0.7032944559042538,0.3554600261694143,1.05
box(0),-0.7996247619063179,0.5148156550382221,1.05
box(8),-0.37451851130045755,0.5797660283864989,1.05
box(7),-0.5402696077929632,0.25843642971494585,1.05
box(6),-0.2085249304119985,0.610728325549106,1.05
box(5),-0.20640145230695053,0.27170984045420343,1.05
box(4),-0.6045048710071501,0.5542430663496452,1.05
box(3),-0.43828571719080234,0.38628017363804124,1.05
box(2),-0.7170411546976596,0.7777732663778243,1.05
box(1),-0.5545891730437091,0.7933572595752982,1.05
box(0),-0.7344485748059308,0.3108975802010264,1.05
box(8),-0.3863316956926609,0.20861280897658926,1.05
box(7),-0.7744000054334166,0.616280258930241,1.05
box(6),-0.37866025027402683,0.5561082105414024,1.05
box(5),-0.32536764530512574,0.7551095819328255,1.05
box(4),-0.25284714466159,0.3795559479038735,1.05
box(3),-0.6167354929797614,0.49678284661717814,1.05
box(2),-0.23535357412673424,0.22265656977877205,1.05
box(1),-0.4870916142603922,0.3973051409378401,1.05
box(0),-0.21394846329652953,0.5751064986949166,1.05
box(8),-0.5518735091971692,0.25490795652543113,1.05
box(7),-0.7228044510999367,0.3595384955441975,1.05
box(6),-0.6934232322157124,0.6986585881492611,1.05
box(5),-0.3758632443097033,0.57737050153187,1.05
box(4),-0.3570378241809179,0.7461449176896853,1.05
box(3),-0.7959074766395748,0.5485201926526811,1.05
box(2),-0.5095884906327488,0.7397087768938719,1.05
box(1),-0.393825252961147,0.268394220370708,1.05
box(0),-0.5452578385628052,0.5262288276274163,1.05
box(8),-0.2298223427028569,0.41569931528559584,1.05
box(7),-0.21047873004120127,0.6669756948271759,1.05
box(6),-0.7428063026234784,0.3960693815996292,1.05
box(5),-0.7481623878759573,0.7976256401947925,1.05
box(4),-0.6427023734061537,0.2313561549012776,1.05
box(3),-0.35580858968064977,0.5145653728472093,1.05
box(2),-0.7933670378079183,0.5850106888306457,1.05
box(1),-0.5526621125084641,0.35823925654155786,1.05
box(0),-0.4322753475171574,0.7396754130823533,1.05
box(8),-0.23856148752488665,0.20486571143506824,1.05
box(7),-0.3400588259165221,0.3174872021122774,1.05
box(6),-0.5868834633443649,0.5916679943138833,1.05
box(5),-0.7067099927078524,0.4054006369932994,1.05
box(4),-0.26064802084103816,0.6876428477378038,1.05
box(3),-0.6934709434909456,0.7794013337086692,1.05
box(2),-0.42903655798126145,0.44476511254339535,1.05
box(1),-0.4690121804418385,0.2328156479339885,1.05
box(0),-0.695415891962355,0.24429243602524467,1.05
box(8),-0.25974841196707193,0.507498332629654,1.05
box(7),-0.42750792828332695,0.7571773239105197,1.05
box(6),-0.4018844084965797,0.607757876093086,1.05
box(5),-0.31883459121298213,0.2186217687858968,1.05
box(4),-0.7748613948266194,0.4882657044253268,1.05
box(3),-0.6382462868528322,0.39182028035847594,1.05
box(2),-0.669576776624387,0.7966984297198005,1.05
box(1),-0.5495829227614586,0.6450824478020549,1.05
box(0),-0.5211777850983432,0.2962828288330481,1.05
box(8),-0.7897590689267073,0.6741445002549427,1.05
box(7),-0.3211243161695633,0.4361208535748811,1.05
box(6),-0.3437833083772037,0.7514070916157574,1.05
box(5),-0.2726439103067829,0.5815646572831845,1.05
box(4),-0.7628338046204521,0.2646970040588677,1.05
box(3),-0.3630829248701566,0.2660281982144697,1.05
box(2),-0.6774722001770541,0.4201447774209441,1.05
box(1),-0.20563690180786187,0.33640791512850443,1.05
box(0),-0.5430540433070574,0.5505568608291547,1.05
box(8),-0.5987900265176886,0.21058996856289025,1.05
box(7),-0.7427923260850866,0.7372547763929147,1.05
box(6),-0.3921645812990724,0.4616475627683885,1.05
box(5),-0.40281908776817144,0.7607870160626089,1.05
box(4),-0.5543961755292756,0.7209514998280515,1.05
box(3),-0.7063273076909882,0.5799621968349221,1.05
box(2),-0.22343338082745734,0.641321560680427,1.05
box(1),-0.4476170101132201,0.23005962245203102,1.05
box(0),-0.2511665388601376,0.21217017783972247,1.05
box(8),-0.5965880456119832,0.38105198009958485,1.05
box(7),-0.7549640441727494,0.34408905469414985,1.05
box(6),-0.22498910692481666,0.3933542986408781,1.05
box(5),-0.446215073916288,0.4981215023440106,1.05
box(4),-0.7834929203063141,0.7144762427667664,1.05
box(3),-0.5180598995225076,0.7536097903788479,1.05
box(2),-0.7127333150712429,0.5246598341763871,1.05
box(1),-0.2288941472170572,0.647772926401526,1.05
box(0),-0.3790396588901572,0.2972790056154817,1.05
box(8),-0.22082774542741002,0.23050895819925185,1.05
box(7),-0.36644441187951005,0.7733969716256113,1.05
box(6),-0.6225891197622866,0.3090910803556285,1.05
box(5),-0.7905794780381465,0.2451571884776031,1.05
box(4),-0.2002472251780493,0.4192947644290985,1.05
box(3),-0.5435251536838765,0.5189825247546536,1.05
box(2),-0.653134126710579,0.7050012389852296,1.05
box(1),-0.3588289935318887,0.48346479040051765,1.05
box(0),-0.22838236349686178,0.681665553465582,1.05
box(8),-0.4656696040026564,0.3156060120229856,1.05
box(7),-0.7126233962463067,0.5662156424227811,1.05
box(6),-0.4989447953176593,0.6634338840165911,1.05
box(5),-0.6505724520011631,0.40446325145797646,1.05
box(4),-0.6872304447450623,0.2333529861315899,1.05
box(3),-0.7946037569490121,0.34271846281052226,1.05
box(2),-0.5225397542147834,0.5144472121637389,1.05
box(1),-0.2900437160753191,0.20792365329450885,1.05
box(0),-0.22526304151830137,0.3906478833522433,1.05
box(8),-0.29950243654417374,0.6087585250723296,1.05
box(7),-0.48524396604104864,0.3510097336132645,1.05
box(6),-0.6919244498493612,0.7698189389736962,1.05
box(5),-0.5406501686643653,0.7860717002195488,1.05
box(4),-0.7469805848678808,0.6162166265026787,1.05
box(3),-0.6323091672378941,0.28653830285771825,1.05
box(2),-0.23634000347375794,0.7959941162989044,1.05
box(1),-0.4978357032222183,0.6046629740783022,1.05
box(0),-0.33659400785284677,0.24046275202683298,1.05
box(8),-0.29629607462440116,0.4411809797602281,1.05
box(7),-0.38390405531066174,0.7617921132826866,1.05
box(6),-0.45285332853159566,0.4148823017628581,1.05
box(5),-0.6371027754509004,0.4578857689270055,1.05
box(4),-0.5997105664485343,0.7980130842956987,1.05
box(3),-0.2759085668580466,0.5899440973052428,1.05
box(2),-0.7230712265121322,0.31741761410097186,1.05
box(1),-0.5547016656515461,0.2776622115425913,1.05
box(0),-0.7031358858422361,0.6617267637106712,1.05
box(8),-0.20148167279975437,0.27646767837586106,1.05
box(7),-0.5486471310373884,0.592761282237124,1.05
box(6),-0.3208025290038226,0.7529719638935497,1.05
box(5),-0.2913288392469662,0.43653441765376116,1.05
box(4),-0.4589196977140756,0.41603270059391534,1.05
box(3),-0.6633147324408142,0.46798042370972653,1.05
box(2),-0.4922217987844625,0.7762352639968666,1.05
box(1),-0.7062428204151721,0.233212548369067,1.05
box(0),-0.20235850851199605,0.5897692087980017,1.05
box(8),-0.7175380160888363,0.653874312639385,1.05
box(7),-0.2807351160588494,0.23068463728188665,1.05
box(6),-0.46390421025989015,0.6101757856809276,1.05
box(5),-0.29644248850262134,0.7147319490766662,1.05
box(4),-0.2951386089186723,0.453334591036494,1.05
box(3),-0.580660002606705,0.33292809001092327,1.05
box(2),-0.6270145828310509,0.504402708143833,1.05
box(1),-0.5643630443333373,0.7848577532701548,1.05
box(0),-0.443126993399655,0.2688593685516719,1.05
box(8),-0.7825743727048176,0.38585079020937696,1.05
box(7),-0.7725151167024906,0.5496577124695832,1.05
box(6),-0.24273111446315368,0.28618922877006986,1.05
box(5),-0.49003319099555986,0.5851831615908578,1.05
box(4),-0.3694753752409172,0.7071957506770683,1.05
box(3),-0.6987058622869444,0.7140784730124641,1.05
box(2),-0.6797089456712382,0.2587757487125014,1.05
box(1),-0.31965587116877897,0.55082171049725,1.05
box(0),-0.5157004593239809,0.7898990845136338,1.05
box(8),-0.4666148239043036,0.3739642239374219,1.05
box(7),-0.22764649921606755,0.7749766589718625,1.05
box(6),-0.6462291460271853,0.40774285555501655,1.05
box(5),-0.30699439784752086,0.21311094599214192,1.05
box(4),-0.4841593916328673,0.5324904679486151,1.05
box(3),-0.259553674394114,0.3850033984990414,1.05
box(2),-0.758824850917234,0.6551864943094401,1.05
box(1),-0.7480895424327281,0.2762701620995648,1.05
box(0),-0.20541618979047918,0.6260062419245309,1.05
box(8),-0.585090553031721,0.2250742012566449,1.05
box(7),-0.4317808836508104,0.3121682746560776,1.05
box(6),-0.35318645018796235,0.7393006201755792,1.05
box(5),-0.6633186189652802,0.4107171843520254,1.05
box(4),-0.5616940018402468,0.7669509161346335,1.05
box(3),-0.45462879409720475,0.47454655530231754,1.05
box(2),-0.24297994144689344,0.4714933767144655,1.05
box(1),-0.7802137177661586,0.5336173251122112,1.05
box(0),-0.20489448412850472,0.798637409694388,1.05
box(8),-0.7475570653071091,0.7504436511947603,1.05
box(7),-0.618562988981584,0.23805276739714273,1.05
box(6),-0.4439261989547906,0.22268869427449586,1.05
box(5),-0.4382732198531261,0.6609577473208874,1.05
box(4),-0.661213645359329,0.4364990140170326,1.05
box(3),-0.7679490275034886,0.32817306831794135,1.05
box(2),-0.23779023670038663,0.21765268431179272,1.05
box(1),-0.2855089382627449,0.38200521262623977,1.05
box(0),-0.24851324003095493,0.6037759646142029,1.05
box(8),-0.6147263321771463,0.6077539669011613,1.05
box(7),-0.7828435795797046,0.7077077530921088,1.05
box(6),-0.297423523815671,0.758594897029278,1.05
box(5),-0.6093671245401705,0.27568248138228835,1.05
box(4),-0.4672454843491282,0.5141479458796521,1.05
box(3),-0.6793352506436059,0.4684548725072103,1.05
box(2),-0.4517288947004776,0.756933993243085,1.05
box(1),-0.44780865769614797,0.25304349043606833,1.05
box(0),-0.26480576245884896,0.3649270326704248,1.05
box(8),-0.29598898340777346,0.599375081222868,1.05
box(7),-0.6218604436746615,0.6283749151074516,1.05
box(6),-0.7958917941659496,0.6253786923778402,1.05
box(5),-0.21926423937438555,0.2118846383161917,1.05
box(4),-0.20282104791671876,0.7708265497314868,1.05
box(3),-0.6160235663498668,0.29518322307499645,1.05
box(2),-0.7657401041326573,0.47571667198508244,1.05
box(1),-0.40486592197267246,0.7732424479113624,1.05
box(0),-0.5681263738369443,0.7893430116310018,1.05
box(8),-0.4806592500610153,0.5764829682432973,1.05
box(7),-0.27089426773643044,0.40194460787473374,1.05
box(6),-0.29271421347270965,0.5855373598851479,1.05
box(5),-0.5044123902459918,0.41813682757311094,1.05
box(4),-0.6789513114811706,0.6729970345919298,1.05
box(3),-0.20000868221143947,0.7505987981802114,1.05
box(2),-0.6051360848120073,0.29254945438900043,1.05
box(1),-0.7860249659821947,0.5267903576747777,1.05
box(0),-0.45855670317486963,0.23643091954270665,1.05
box(8),-0.4913779913389555,0.7414209039399802,1.05
box(7),-0.2772618430752013,0.21674105711534242,1.05
box(6),-0.33862128362838595,0.35881667992038846,1.05
box(5),-0.31919754719828614,0.6452863509584612,1.05
box(4),-0.46577734344868904,0.5371033219209976,1.05
box(3),-0.23757489223388123,0.4864652851888505,1.05
box(2),-0.7695187516138309,0.35676272694880484,1.05
box(1),-0.6703853378917756,0.7301629344709839,1.05
box(0),-0.6635010944140927,0.2422149849790622,1.05
box(8),-0.798254123442167,0.6466357624679999,1.05
box(7),-0.42991224845788334,0.2065788140646072,1.05
box(6),-0.202060729338625,0.22697774523324127,1.05
box(5),-0.42505106654744795,0.37774842580162016,1.05
box(4),-0.29598260620505307,0.6400803250001665,1.05
box(3),-0.5769272980218771,0.495509141066967,1.05
box(2),-0.2456748004980121,0.3921091370526339,1.05
box(1),-0.5072396187443742,0.7821781690341807,1.05
box(0),-0.20181527531173205,0.7932187104936681,1.05
box(8),-0.6531158156340393,0.7271922554808072,1.05
box(7),-0.5931776513781293,0.33522179439688415,1.05
box(6),-0.7894532733119812,0.2504822968450443,1.05
box(5),-0.7851675448696942,0.4757369216956828,1.05
box(4),-0.4631526828415453,0.21384780619362012,1.05
box(3),-0.3234254140129444,0.5817301561476269,1.05
box(2),-0.43846750920606925,0.43748098259369284,1.05
box(1),-0.2674026587477173,0.23066168551766994,1.05
box(0),-0.6001952543972437,0.563905055041497,1.05
box(8),-0.4731484858414934,0.6992104732953086,1.05
box(7),-0.6235685902135484,0.7677177922732796,1.05
box(6),-0.6139161158322453,0.40808653713495724,1.05
box(5),-0.653354794849619,0.24565254156237254,1.05
box(4),-0.7579851320919644,0.5730417732007395,1.05
box(3),-0.2649303072161308,0.7775045182863565,1.05
box(2),-0.20592697941879054,0.4975622197662675,1.05
box(1),-0.7874646936361402,0.3736209079638807,1.05
box(0),-0.26928866385229083,0.29157519528301523,1.05
box(8),-0.4532019904466198,0.4052578951189812,1.05
box(7),-0.43807632146529,0.7831194185487977,1.05
box(6),-0.6084138655686,0.6309707794115469,1.05
box(5),-0.47830661195692403,0.21828039737783164,1.05
box(4),-0.6457069173512897,0.3099927887192061,1.05
box(3),-0.7100079700215993,0.7721504387755247,1.05
box(2),-0.7141243133933146,0.5068259232342458,1.05
box(1),-0.23898034202309923,0.4523643471406097,1.05
box(0),-0.22666780359618677,0.726948071629991,1.05
box(8),-0.34341110079364545,0.6238278644650055,1.05
box(7),-0.46204021020990393,0.3817938417828223,1.05
box(6),-0.2826662018804824,0.25026101040982757,1.05
box(5),-0.5929611446283936,0.673651644537473,1.05
box(4),-0.36385368635582843,0.7894489687325013,1.05
box(3),-0.6393448526026086,0.2821581159915787,1.05
box(2),-0.7881404722750536,0.6567239062778327,1.05
box(1),-0.7467298290525954,0.4194768433651793,1.05
box(0),-0.5848759454944915,0.5079445890914216,1.05
box(8),-0.4863559527397738,0.2154141952035883,1.05
box(7),-0.23664723219624617,0.6695976665991816,1.05
box(6),-0.26039425530738863,0.4468544713238791,1.05
box(5),-0.45276089433685873,0.5855202669498961,1.05
box(4),-0.7724418807236628,0.20910709339523206,1.05
box(3),-0.4704328942760064,0.7706065005952178,1.05
box(2),-0.6332067785159441,0.6749313209550551,1.05
box(1),-0.7500711126951425,0.5808514493139888,1.05
box(0),-0.2600864624035378,0.2219749177123967,1.05
box(8),-0.5782025936674188,0.49163598179318235,1.05
box(7),-0.5901205548167665,0.27283652390664564,1.05
box(6),-0.26133425529341436,0.7789025521994839,1.05
box(5),-0.3605719144003361,0.345743237508613,1.05
box(4),-0.7626027995410316,0.3612050058078956,1.05
box(3),-0.29816304054874376,0.6290970439634316,1.05
box(2),-0.4529026954980038,0.6564045357263459,1.05
box(1),-0.45098014798507713,0.2013632825189214,1.05
box(0),-0.6406394553481487,0.6868812553968342,1.05
box(8),-0.41993199820366733,0.49019051921315093,1.05
box(7),-0.6294819783864066,0.5210864450813555,1.05
box(6),-0.6054947469751453,0.2796945884874407,1.05
box(5),-0.20747307580771765,0.76162298124468,1.05
box(4),-0.20255599351019488,0.33392662174656085,1.05
box(3),-0.7993923185027481,0.7117720612455309,1.05
box(2),-0.2663999018713611,0.5504921978734827,1.05
box(1),-0.4122704258470872,0.7037672730768172,1.05
box(0),-0.4380445587071934,0.2717496791965627,1.05
box(8),-0.7976977832772665,0.37243844989999714,1.05
box(7),-0.6481397891782634,0.6783878967184398,1.05
box(6),-0.4556041256593076,0.5542727273319069,1.05
box(5),-0.6147879592292699,0.4673708884672949,1.05
box(4),-0.6755697066524056,0.2840777400915564,1.05
box(3),-0.20947736059720304,0.34836486737882794,1.05
box(2),-0.3667227550741766,0.4137822889540096,1.05
box(1),-0.252017431662043,0.77174640377299,1.05
box(0),-0.7961291533769597,0.7303442790279784,1.05
box(8),-0.4939595763122901,0.7345529918521889,1.05
box(7),-0.4697730556661182,0.23947048532910709,1.05
box(6),-0.33145420479139515,0.6409914767948568,1.05
box(5),-0.2458634503898781,0.5150117290734999,1.05
box(4),-0.5803203270142872,0.609320793836188,1.05
box(3),-0.7278286198812363,0.44832406725653606,1.05
box(2),-0.6841132656162772,0.2788010041436744,1.05
box(1),-0.29246504098109205,0.36456450783873595,1.05
box(0),-0.2201176614056638,0.7767248596601797,1.05
box(8),-0.6653445847834911,0.7965977420484245,1.05
box(7),-0.48955677721140695,0.7457044864360673,1.05
box(6),-0.5406526792915445,0.3248489930779694,1.05
box(5),-0.415192816219874,0.48801208861889667,1.05
box(4),-0.21720497018420004,0.6161664004691462,1.05
box(3),-0.5793134577052359,0.5950992567114426,1.05
box(2),-0.7672814176894922,0.5276044369922712,1.05
box(1),-0.7895987028230165,0.3576240079957218,1.05
box(0),-0.21990930525582275,0.28220783720476594,1.05
box(8),-0.31476273477836336,0.7461213762910115,1.05
box(7),-0.7823451753099793,0.7581259464164365,1.05
box(6),-0.2394010876124355,0.46163840689952834,1.05
box(5),-0.3855449870541482,0.2947157402126381,1.05
box(4),-0.5194102511209683,0.7330821139925803,1.05
box(3),-0.6317676609125639,0.2323083764764436,1.05
box(2),-0.5486248964061939,0.4509732670924655,1.05
box(1),-0.6394168031586817,0.5790065526895416,1.05
box(0),-0.7691334982688545,0.331927789196495,1.05
box(8),-0.22627181223022708,0.22631672178671536,1.05
box(7),-0.26720653248768106,0.6823447751250844,1.05
box(6),-0.7923064794269739,0.734956957175736,1.05
box(5),-0.7832032228559882,0.5060264937314156,1.05
box(4),-0.36675044702457904,0.5206019666534856,1.05
box(3),-0.41775502271899756,0.7748366610166311,1.05
box(2),-0.5851212348836273,0.29414158764240983,1.05
box(1),-0.3923134371892227,0.34376480206976795,1.05
box(0),-0.4794687519053617,0.6221821733161644,1.05
box(8),-0.7959565928037993,0.27033622937262114,1.05
box(7),-0.6804373029726758,0.6175400963505553,1.05
box(6),-0.25445571308477727,0.27898661880626163,1.05
box(5),-0.6091403846065038,0.7613591671687063,1.05
box(4),-0.6111193874022254,0.45731275532493415,1.05
box(3),-0.21453635625526293,0.7804318554912479,1.05
box(2),-0.2024179505794153,0.6055887696003364,1.05
box(1),-0.7944050257068742,0.46720254781438014,1.05
box(0),-0.41471290346871975,0.3948166880339872,1.05
box(8),-0.5299910277664863,0.6248717228676086,1.05
box(7),-0.24522860944590644,0.4293614745613001,1.05
box(6),-0.7789673832798842,0.21431767721301875,1.05
box(5),-0.7799968618537798,0.7777693345981127,1.05
box(4),-0.3067217333351906,0.2319932728526823,1.05
box(3),-0.5889421202421128,0.38053097849955725,1.05
box(2),-0.7183755244281942,0.6380876004450883,1.05
box(1),-0.30454651437440167,0.6675637193641974,1.05
box(0),-0.7713002770420003,0.38136065814512804,1.05
box(8),-0.41620359378908467,0.4685772870869875,1.05
box(7),-0.6060897313422833,0.7444845468726051,1.05
box(6),-0.49997572922927175,0.20859403700848303,1.05
box(5),-0.736545300685729,0.22452801994896304,1.05
box(4),-0.20086887481472077,0.3996368557120782,1.05
box(3),-0.3700773464656368,0.29493575667711913,1.05
box(2),-0.23845675874023806,0.20431166462591985,1.05
box(1),-0.4909535203315569,0.6151545765117792,1.05
box(0),-0.2789942900534033,0.739981055809485,1.05
box(8),-0.745290697584623,0.655946348270966,1.05
box(7),-0.5656124435028649,0.45958869420499326,1.05
box(6),-0.29799919076079123,0.550525063599041,1.05
box(5),-0.5443209194012191,0.2855956776782752,1.05
box(4),-0.5757971378707987,0.7991866392390299,1.05
box(3),-0.791108766159933,0.4571561002588743,1.05
box(2),-0.724215919980405,0.2872758879592997,1.05
box(1),-0.27913540557440464,0.26419435837135674,1.05
box(0),-0.46635840790355026,0.6906276921917096,1.05
box(8),-0.3175290266667952,0.7927575977215229,1.05
box(7),-0.7315723695475462,0.7983711945719811,1.05
box(6),-0.7028196416370378,0.5930048551215129,1.05
box(5),-0.37762424770637115,0.5372346615590304,1.05
box(4),-0.5458342161215693,0.450005544082969,1.05
box(3),-0.43509007216225537,0.2797923529147325,1.05
box(2),-0.23274148008650816,0.665197676879613,1.05
box(1),-0.7399310391737313,0.27875164981060585,1.05
box(0),-0.2206078019603568,0.3374537598366818,1.05
box(8),-0.4985174736009063,0.7828071268940175,1.05
box(7),-0.22560586634786228,0.5106486970233044,1.05
box(6),-0.7937580795533046,0.7227264632526094,1.05
box(5),-0.753993646493158,0.5380746425188785,1.05
box(4),-0.6368727960153377,0.662021640752986,1.05
box(3),-0.5198832415788825,0.41476771294535403,1.05
box(2),-0.4144553626998195,0.5886486302346906,1.05
box(1),-0.3959509229273117,0.21546931184227036,1.05
box(0),-0.7652300527315659,0.3493151796286955,1.05
box(8),-0.579890157690161,0.21599629709135187,1.05
box(7),-0.35994800153525464,0.730805073921363,1.05
box(6),-0.2121526902140592,0.604756694788492,1.05
box(5),-0.3102504623510338,0.4010979492466472,1.05
box(4),-0.757996271659847,0.535195632813892,1.05
box(3),-0.5534861834672751,0.6867046058667294,1.05
box(2),-0.6168535087136326,0.3848325355292761,1.05
box(1),-0.22515488781950643,0.2395598674055287,1.05
box(0),-0.47393015597335325,0.46143775635465784,1.05
box(8),-0.4004191056529268,0.20146652926536335,1.05
box(7),-0.7764100761562733,0.3268832138066856,1.05
box(6),-0.7010202823683358,0.7730440546997035,1.05
box(5),-0.5505990094930452,0.22007568735153904,1.05
box(4),-0.22243506717612316,0.45968534372810443,1.05
box(3),-0.36848206877853373,0.6997376341257273,1.05
box(2),-0.7071968918235638,0.514995083022177,1.05
box(1),-0.6003230316684067,0.36236630163393935,1.05
box(0),-0.5475734258219862,0.753358179894726,1.05
box(8),-0.5531485710879005,0.5064955627846821,1.05
box(7),-0.33288928988021704,0.2328089378512527,1.05
box(6),-0.7828962183309531,0.3748162118217825,1.05
box(5),-0.7224433733735238,0.7944335643800509,1.05
box(4),-0.40169777971299614,0.4524596362668073,1.05
box(3),-0.22555278060621534,0.7987113520642537,1.05
box(2),-0.7249522626607228,0.2082795277873707,1.05
box(1),-0.2762041561503457,0.6430981625290424,1.05
box(0),-0.667324068312444,0.642221249688357,1.05
box(8),-0.3954676593962724,0.7908593443085603,1.05
box(7),-0.5809336439118356,0.5092671188135465,1.05
box(6),-0.5127224155704275,0.24213589575791106,1.05
box(5),-0.2516095473639627,0.24717360898224808,1.05
box(4),-0.7244015409510229,0.36971729078388726,1.05
box(3),-0.3655176786604689,0.48314751305272624,1.05
box(2),-0.797346854288143,0.7320833569640484,1.05
box(1),-0.7674686697087822,0.5167484306006596,1.05
box(0),-0.7993288753662495,0.20066328450124352,1.05
box(8),-0.59550350070532,0.6855160076353526,1.05
box(7),-0.42951722644689744,0.6503875008735542,1.05
box(6),-0.29232087847328797,0.7523244622263536,1.05
box(5),-0.5671045246231654,0.448762238115499,1.05
box(4),-0.35845068550947345,0.21897237914049267,1.05
box(3),-0.20804465797118382,0.6068280287905947,1.05
box(2),-0.6405218100105154,0.23004417384960238,1.05
box(1),-0.2152887214857847,0.4494013408926665,1.05
box(0),-0.6941691022693757,0.5304833599319163,1.05
box(8),-0.7615767437662031,0.7195057590105012,1.05
box(7),-0.3738869277788982,0.3958581302361696,1.05
box(6),-0.5405702958352125,0.6077829552182614,1.05
box(5),-0.4011590736582571,0.6966169092415748,1.05
box(4),-0.7494154518138483,0.3394334934848565,1.05
box(3),-0.3355562905692866,0.20261928140698704,1.05
box(2),-0.24314126069781342,0.666672928862093,1.05
box(1),-0.591613883279114,0.7687199021073206,1.05
box(0),-0.5286215665976957,0.4103517683601406,1.05
box(8),-0.659940123758207,0.487210332146661,1.05
box(7),-0.6211706500593226,0.24912827175542335,1.05
box(6),-0.32837263668448224,0.4825231660448888,1.05
box(5),-0.5717521964457929,0.6175086041635232,1.05
box(4),-0.3736938093616732,0.7768413506531024,1.05
box(3),-0.2136386566249695,0.3359958513294363,1.05
box(2),-0.36688332510194355,0.27375176749557173,1.05
box(1),-0.29485336225117026,0.6468158709857692,1.05
box(0),-0.7747676524870757,0.2327259503593398,1.05
box(8),-0.48639644358861556,0.3656854648733302,1.05
box(7),-0.7383991281370046,0.6937605569453513,1.05
box(6),-0.7328969842109756,0.45092298331856673,1.05
box(5),-0.32930993594783314,0.49943678406793673,1.05
box(4),-0.5491400188453281,0.7621366098008171,1.05
box(3),-0.6012051610017781,0.20581011308084413,1.05
box(2),-0.2024388600185767,0.26308802871755527,1.05
box(1),-0.5503945205552974,0.6059664544672181,1.05
box(0),-0.26500754557139516,0.7395006423897994,1.05
box(8),-0.39262633796579166,0.6492291092020053,1.05
box(7),-0.556303145279033,0.366486068858906,1.05
box(6),-0.3835923733175218,0.3566821438681019,1.05
box(5),-0.7552342226458053,0.6035467421962397,1.05
box(4),-0.7418115253227247,0.7597989556948233,1.05
box(3),-0.37985436494826325,0.20028868295059252,1.05
box(2),-0.7595012355988469,0.33424110577103294,1.05
box(1),-0.21803612741924303,0.3531812071027921,1.05
box(0),-0.49157620725539153,0.7778156041502982,1.05
box(8),-0.5099408859508492,0.5400054536162571,1.05
box(7),-0.28923829358471426,0.7374257030316733,1.05
box(6),-0.6506516305321703,0.4717888974026077,1.05
box(5),-0.2670128024557365,0.5395115109261872,1.05
box(4),-0.49239084803787453,0.3126346447275373,1.05
box(3),-0.7966611473471041,0.6238354274406339,1.05
box(2),-0.3616880118218172,0.4187624835784577,1.05
box(1),-0.6445888953242258,0.23250033962196964,1.05
box(0),-0.27355069480951116,0.21869201118112291,1.05
box(8),-0.5649272188001799,0.794485626906686,1.05
box(7),-0.47096992091066286,0.6246516844500792,1.05
box(6),-0.26056625482613105,0.7142361104391546,1.05
box(5),-0.7142577461340445,0.47032787936309345,1.05
box(4),-0.26061046393506276,0.5333532646070697,1.05
box(3),-0.4731155528418884,0.3138265510980126,1.05
box(2),-0.7734567152724647,0.6099750310780145,1.05
box(1),-0.7331303282150754,0.7985738679648606,1.05
box(0),-0.6903582528519456,0.29279104259108973,1.05
box(8),-0.3259043528438679,0.25502197041609664,1.05
box(7),-0.20768950057381588,0.35428137206774213,1.05
box(6),-0.4340398559184529,0.7042201152938206,1.05
box(5),-0.5888899253895586,0.7056764709811156,1.05
box(4),-0.501768108830951,0.5642839470574584,1.05
box(3),-0.27620544835127403,0.5034245064472058,1.05
box(2),-0.5026271736927217,0.22812470246079153,1.05
box(1),-0.7298457581803095,0.5724148654748681,1.05
box(0),-0.7365069561485764,0.7941016764360429,1.05
box(8),-0.634868552839065,0.4444696467550262,1.05
box(7),-0.6769781591611528,0.2974813315076765,1.05
box(6),-0.35084575437658816,0.23041867955533,1.05
box(5),-0.4537315139635367,0.7759651966790633,1.05
box(4),-0.25098974034879845,0.7678609926375357,1.05
box(3),-0.5176413286688969,0.5951903378250589,1.05
box(2),-0.3095893244568909,0.3884573792410303,1.05
box(1),-0.3643993727406004,0.5862332182854663,1.05
box(0),-0.7141929569962626,0.6181953518864267,1.05
box(8),-0.22256301699198497,0.528901509282219,1.05
box(7),-0.7761397324107215,0.7898498763061923,1.05
box(6),-0.5617330134122498,0.2692747938749369,1.05
box(5),-0.6803420421076567,0.4237495685353691,1.05
box(4),-0.46668419241827175,0.3996126966868412,1.05
box(3),-0.24598252318202335,0.21045795615360333,1.05
box(2),-0.5417759982960324,0.5491276890547286,1.05
box(1),-0.287834386997532,0.7229545646526123,1.05
box(0),-0.7916309088562483,0.2700226121319246,1.05
box(8),-0.5566694916883808,0.769392472221667,1.05
box(7),-0.41584756480661417,0.6407470964951447,1.05
box(6),-0.7809956969947858,0.652101170147565,1.05
box(5),-0.5377872563688908,0.21360269720001224,1.05
box(4),-0.2483244450418395,0.5232461993355426,1.05
box(3),-0.7317080659119803,0.4993317109045676,1.05
box(2),-0.44103365588782983,0.3312265012005725,1.05
box(1),-0.597474536344456,0.6081459984191755,1.05
box(0),-0.3083436834009116,0.7458531504353811,1.05
box(8),-0.2472782871027764,0.20864849068350932,1.05
box(7),-0.6874228330586151,0.24143066930194407,1.05
box(6),-0.401163087412706,0.5181017350317156,1.05
box(5),-0.52859682653522,0.7731513471061295,1.05
box(4),-0.5693801905107965,0.42810405156719933,1.05
box(3),-0.6965050811468783,0.7387306653166743,1.05
box(2),-0.24379048959793992,0.44331805099257066,1.05
box(1),-0.7250344244851481,0.49927477199188497,1.05
box(0),-0.3978026526063957,0.20157195924810611,1.05
box(8),-0.21294998719108738,0.6807728777662783,1.05
box(7),-0.3578109310419968,0.7743848682335686,1.05
box(6),-0.735087414299118,0.28388835184406586,1.05
box(5),-0.41664145435412847,0.3656145600289462,1.05
box(4),-0.5594926127191255,0.5997451953135402,1.05
box(3),-0.5871967845382899,0.3833019903900642,1.05
box(2),-0.5905113925051397,0.7587212781312709,1.05
box(1),-0.2318631864971016,0.31836500836875037,1.05
box(0),-0.2621987881589878,0.5282948688155793,1.05
box(8),-0.7696310929114725,0.49042572613179475,1.05
box(7),-0.35451168693988233,0.2033765954826763,1.05
box(6),-0.40322976708111685,0.7713582890299433,1.05
box(5),-0.22212614101901415,0.7314368219857288,1.05
box(4),-0.5998798237351834,0.22586982378457085,1.05
box(3),-0.7082361310067973,0.6465932053894643,1.05
box(2),-0.5084567052447801,0.4072210187187329,1.05
box(1),-0.7419667528344607,0.2739715367769859,1.05
box(0),-0.5617223705179075,0.7655754197634685,1.05
box(8),-0.3422629253829613,0.46476507994442945,1.05
box(7),-0.66345302634362,0.44356654360607567,1.05
box(6),-0.524890057705022,0.5778542231898948,1.05
box(5),-0.38762593857123717,0.6449778440825822,1.05
box(4),-0.2320775958285038,0.3575941924875299,1.05
box(3),-0.281291268698831,0.7672620415830746,1.05
box(2),-0.5631496524870696,0.21587542544865207,1.05
box(1),-0.3078311727295202,0.22398172642892106,1.05
box(0),-0.7656150660053529,0.589220938915413,1.05
box(8),-0.6422479317005548,0.7190607880011879,1.05
box(7),-0.36929154058940694,0.42916262414454054,1.05
box(6),-0.7970281510022232,0.37373315830577636,1.05
box(5),-0.5185206321607614,0.5400923167346294,1.05
box(4),-0.638647105414313,0.4257130460082141,1.05
box(3),-0.30887978587187365,0.5733470194997882,1.05
box(2),-0.3273928046879906,0.7744491506054207,1.05
box(1),-0.4572343596509234,0.2541904428203894,1.05
box(0),-0.48902669291568635,0.7603625441107409,1.05
box(8),-0.23273554565306143,0.3352835654496844,1.05
box(7),-0.7864251080852,0.20393041694545622,1.05
box(6),-0.7568587718777386,0.711751303268485,1.05
box(5),-0.7160498001842788,0.554453519200919,1.05
box(4),-0.4883554709201324,0.6060323331673552,1.05
box(3),-0.5449602633387445,0.40899528069029273,1.05
box(2),-0.6252964400180243,0.23213055453947934,1.05
box(1),-0.28245472123937426,0.5481043583553851,1.05
box(0),-0.397504081086533,0.29878871114746963,1.05
box(8),-0.2599443051849647,0.735663662814644,1.05
box(7),-0.5995511742014322,0.7715999756856995,1.05
box(6),-0.22825067067277507,0.2548861663937508,1.05
box(5),-0.7050712723974484,0.3651947749959829,1.05
box(4),-0.7077990069511104,0.5198695253572638,1.05
box(3),-0.5156796436323989,0.6224437035024851,1.05
box(2),-0.752259295004108,0.6886412326458737,1.05
box(1),-0.5222276072581498,0.42839692893624975,1.05
box(0),-0.3088892131606388,0.4685270195689832,1.05
box(8),-0.40335000076801775,0.2009465591468298,1.05
box(7),-0.23358763227575763,0.788454684485719,1.05
box(6),-0.5544844143036739,0.22553478791597123,1.05
box(5),-0.5496623964677037,0.7717477762002836,1.05
box(4),-0.38558476064618297,0.7244516000619481,1.05
box(3),-0.6905673123144596,0.4225836820760702,1.05
box(2),-0.20543064879223707,0.3055963794398819,1.05
box(1),-0.7432838711346088,0.6407881980908672,1.05
box(0),-0.7872911566692968,0.21805690768908043,1.05
box(8),-0.5074253712315822,0.4694543183571715,1.05
box(7),-0.35362118262892694,0.44542117259867037,1.05
box(6),-0.5952733958161036,0.5982903566152908,1.05
box(5),-0.20141504249279177,0.7456108483103905,1.05
box(4),-0.36547809824471145,0.29374602757310575,1.05
box(3),-0.4002895679602155,0.622657740326424,1.05
box(2),-0.6480605580399816,0.7950805582696128,1.05
box(1),-0.7994921698408652,0.44224218712092644,1.05
box(0),-0.4247453862062136,0.7970015620101232,1.05
box(8),-0.7562432734730866,0.6288848881659024,1.05
box(7),-0.6716924488159062,0.2306698980829848,1.05
box(6),-0.29567797103629223,0.4265905586304085,1.05
box(5),-0.6167384676399226,0.47848876605264073,1.05
box(4),-0.4635938027611823,0.46113668631923943,1.05
box(3),-0.20523126425019045,0.5953687569926076,1.05
box(2),-0.3963944716674961,0.632647289708969,1.05
box(1),-0.6777549596820891,0.7611749340969429,1.05
box(0),-0.41289921086560555,0.306604054064918,1.05
box(8),-0.49669232682026915,0.7970880325060654,1.05
box(7),-0.7923908507102326,0.49268193295968615,1.05
box(6),-0.5933445750158718,0.20764756726196534,1.05
box(5),-0.2421761225507455,0.2775251918552396,1.05
box(4),-0.759722995560387,0.29549322076439,1.05
box(3),-0.6169209623405179,0.37938208649071886,1.05
box(2),-0.2735723452631473,0.533641076616277,1.05
box(1),-0.633954920013313,0.5912767546997368,1.05
box(0),-0.3149324118317784,0.7670593825677128,1.05
box(8),-0.7275237431551078,0.7299068550832328,1.05
box(7),-0.47554575055558307,0.49626515168511864,1.05
box(6),-0.7850029132959913,0.46773581166655187,1.05
box(5),-0.42238697160195937,0.31354220154641377,1.05
box(4),-0.2709012940032035,0.3455382977954189,1.05
box(3),-0.49602307299365406,0.7908575661086203,1.05
box(2),-0.7388076245340103,0.29284707922273867,1.05
box(1),-0.5906574553231604,0.22300380318760493,1.05
box(0),-0.5880785010244058,0.38206939790017813,1.05
box(8),-0.31537830652879584,0.5486654063722056,1.05
box(7),-0.28371899494227015,0.7498487622053127,1.05
box(6),-0.6839651515992263,0.7030632618437136,1.05
box(5),-0.4631047533036741,0.6102524225749393,1.05
box(4),-0.7983059371315124,0.6023806196755295,1.05
box(3),-0.4274801178503027,0.24747713588413284,1.05
box(2),-0.6220750682086047,0.5611976756164458,1.05
box(1),-0.7816302636221157,0.29004298067914513,1.05
box(0),-0.47909482307865864,0.769903009548671,1.05
box(8),-0.22148425076838973,0.23238894950090813,1.05
box(7),-0.6323438087389741,0.31894979076544977,1.05
box(6),-0.7475143659984678,0.4421597449732566,1.05
box(5),-0.3939017704624427,0.4599557569305384,1.05
box(4),-0.7996973180831464,0.7680772683025261,1.05
box(3),-0.24601370252873375,0.4334508769006632,1.05
box(2),-0.3449530617609279,0.6061300795027067,1.05
box(1),-0.6501455676212391,0.7564752353620656,1.05
box(0),-0.6339003931097356,0.5963616178584805,1.05
box(8),-0.7682407725457909,0.22715270893648382,1.05
box(7),-0.2682628531695161,0.2754834017094764,1.05
box(6),-0.3631825374545067,0.7836613287585621,1.05
box(5),-0.5034132192057047,0.7086178028744781,1.05
box(4),-0.6262140300248455,0.3379021969511644,1.05
box(3),-0.7360159770030754,0.4809106701238612,1.05
box(2),-0.36867678970680723,0.40291075863653136,1.05
box(1),-0.7892880479435547,0.6314182627486913,1.05
box(0),-0.4374023276857712,0.20993229513169842,1.05
box(8),-0.27791220221279633,0.601438331287748,1.05
box(7),-0.6115804234219868,0.5918100009287134,1.05
box(6),-0.21149616382519365,0.39972858597996963,1.05
box(5),-0.3652286693674289,0.774320599088093,1.05
box(4),-0.7055942859486761,0.7966437316148158,1.05
box(3),-0.5345435415607698,0.4306061215646584,1.05
box(2),-0.6690373660486473,0.29318444819841044,1.05
box(1),-0.46054501875669174,0.595731268751185,1.05
box(0),-0.7513359682578706,0.4817609870296108,1.05
box(8),-0.4703645083944781,0.2073350636644287,1.05
box(7),-0.21794103038496251,0.5986714157048126,1.05
box(6),-0.20106069887361813,0.20031497674128398,1.05
box(5),-0.31596524082659294,0.46253757254756045,1.05
box(4),-0.4418300880127034,0.7861380156878037,1.05
box(3),-0.7576789497088541,0.7819682162958324,1.05
box(2),-0.6457290047153447,0.6264338326682113,1.05
box(1),-0.7168875353549224,0.23353443748277042,1.05
box(0),-0.4889813484528421,0.36664285421909304,1.05
box(8),-0.4458720185703863,0.5932562140874309,1.05
box(7),-0.7056893214543174,0.3929010953420537,1.05
box(6),-0.21951235330356422,0.7072909361070501,1.05
box(5),-0.23420407774959812,0.20414890091490123,1.05
box(4),-0.7908312998189675,0.5367013621071619,1.05
box(3),-0.3887268285501704,0.7629416023322728,1.05
box(2),-0.5342301781219974,0.2220854480599766,1.05
box(1),-0.3076054020375558,0.3825747934837196,1.05
box(0),-0.6232294002783676,0.7637164254734974,1.05
box(8),-0.4767864059736245,0.3880110676797387,1.05
box(7),-0.6925568245588404,0.2316288096682509,1.05
box(6),-0.5086949088446899,0.6603926870863244,1.05
box(5),-0.3458798939187715,0.5909287211016886,1.05
box(4),-0.6444606800097272,0.47298289388618103,1.05
box(3),-0.7950237099114092,0.4375271621910197,1.05
box(2),-0.21006685593622937,0.5218345481932074,1.05
box(1),-0.7902679051110277,0.6874769292239797,1.05
box(0),-0.3134467001800531,0.26094792309030473,1.05
box(8),-0.5415951753197672,0.2247893357598746,1.05
box(7),-0.6715713501460444,0.7904764713493093,1.05
box(6),-0.2530857116274167,0.7988365228997332,1.05
box(5),-0.73766163154969,0.23788275825728727,1.05
box(4),-0.39486744653316275,0.4585498031472408,1.05
box(3),-0.6118809742044449,0.3643374878985566,1.05
box(2),-0.3904132039736581,0.6857352537851831,1.05
box(1),-0.6340845098953958,0.6241964031699059,1.05
box(0),-0.20608095615020242,0.5318878405005658,1.05
box(8),-0.2676169907957711,0.2881411467903398,1.05
box(7),-0.7854730959987684,0.4612414932594573,1.05
box(6),-0.7142127149651707,0.7538806093743671,1.05
box(5),-0.533313388388652,0.7660777904647378,1.05
box(4),-0.740725572825452,0.2722357666128102,1.05
box(3),-0.462777555618962,0.34102702276488184,1.05
box(2),-0.5316160825021725,0.200735567138235,1.05
box(1),-0.2433403291787116,0.7122123477380371,1.05
box(0),-0.4573477683800181,0.6305901561820241,1.05
box(8),-0.606878361948928,0.41315641827784794,1.05
box(7),-0.3104886807619553,0.3233914246617672,1.05
box(6),-0.7885898404073792,0.43479462877228214,1.05
box(5),-0.2942256500885195,0.5284534381700539,1.05
box(4),-0.6903162851110015,0.7026528055500048,1.05
box(3),-0.6640862215270644,0.27240172314760497,1.05
box(2),-0.61583503672592,0.5651395738045397,1.05
box(1),-0.4472673506133556,0.46744320791287036,1.05
box(0),-0.5031839964906462,0.7858436592640512,1.05
box(8),-0.4571532042936909,0.28015215205105237,1.05
box(7),-0.36501616993466124,0.7189611259245623,1.05
box(6),-0.6080725999889209,0.4121792233426858,1.05
box(5),-0.23040768448287288,0.2169311812920508,1.05
box(4),-0.31463782561322273,0.36490979064061435,1.05
box(3),-0.7052614403091952,0.7781986497570692,1.05
box(2),-0.7224515352616672,0.2612119013250832,1.05
box(1),-0.2445095497745963,0.5463970506573113,1.05
box(0),-0.544684338219465,0.5848752756228565,1.05
box(8),-0.7603686208904639,0.4844104060352059,1.05
box(7),-0.5028679353219148,0.7960855120434567,1.05
box(6),-0.504446920587267,0.28228589459333264,1.05
box(5),-0.3981915754464972,0.6782707247348063,1.05
box(4),-0.20265062114634821,0.7846140210207291,1.05
box(3),-0.30216204432919813,0.3147276678777688,1.05
box(2),-0.789602726873341,0.717146482297242,1.05
box(1),-0.7273356110561131,0.24412956908216735,1.05
box(0),-0.31082382100665423,0.5441874165177282,1.05
box(8),-0.6070510023741655,0.46407654689962335,1.05
box(7),-0.6091112324622512,0.6521327896252584,1.05
box(6),-0.7649371179497697,0.41676455003207774,1.05
box(5),-0.5302569315466934,0.3083699267271799,1.05
box(4),-0.40300906723632723,0.79106269925704,1.05
box(3),-0.47483093618876115,0.5795217396477662,1.05
box(2),-0.33231490172454137,0.2615794122143926,1.05
box(1),-0.21223973153665598,0.4122576074501968,1.05
box(0),-0.7757443918884181,0.708977091683771,1.05
box(8),-0.2634620786677866,0.6746245817692043,1.05
box(7),-0.3103812369184837,0.5257690717726714,1.05
box(6),-0.6604687229777249,0.5557800094899654,1.05
box(5),-0.7584514336642392,0.3263548495048042,1.05
box(4),-0.5450012531890189,0.333513150631944,1.05
box(3),-0.6177826593043606,0.7189765319238477,1.05
box(2),-0.5030685069744403,0.4807728029009377,1.05
box(1),-0.37728761860818594,0.3893278102821853,1.05
box(0),-0.2349860948851817,0.3141694079730831,1.05
box(8),-0.7714747842981782,0.7901071354097595,1.05
box(7),-0.32434454266666496,0.7883014277453146,1.05
box(6),-0.23906854493013147,0.48803096881429825,1.05
box(5),-0.33292954860068225,0.6087613630145128,1.05
box(4),-0.77718866949318,0.5935726404233753,1.05
box(3),-0.6379582667679596,0.3254113540028941,1.05
box(2),-0.7733325552289352,0.23754154205606937,1.05
box(1),-0.5963776828542438,0.7542546189405717,1.05
box(0),-0.657942243097825,0.4753591092200253,1.05
box(8),-0.4880620523357018,0.5171558600080073,1.05
box(7),-0.2966404242048049,0.3165103652156163,1.05
box(6),-0.4809899073138399,0.23101677967079004,1.05
box(5),-0.4008228346654328,0.7969877041198459,1.05
box(4),-0.20081139149934013,0.6563510518245568,1.05
box(3),-0.7700262552678279,0.7562303081167818,1.05
box(2),-0.20184851884960708,0.44343373705743505,1.05
box(1),-0.7876952454920716,0.33037363126406405,1.05
box(0),-0.5973702448633904,0.6563501871821944,1.05
box(8),-0.5908898247833734,0.37883189961177743,1.05
box(7),-0.7375594789824385,0.5129555567076372,1.05
box(6),-0.42752454054076466,0.5547141315167395,1.05
box(5),-0.3710532534071687,0.3596065307912637,1.05
box(4),-0.43824554616911515,0.7462438245420415,1.05
box(3),-0.23544623321036945,0.7381461072363538,1.05
box(2),-0.6773086285215459,0.20412599554231312,1.05
box(1),-0.691400524780267,0.7892104705764387,1.05
box(0),-0.5016906947243425,0.22997371451269846,1.05
box(8),-0.2719383819552653,0.5064379340504784,1.05
box(7),-0.2336990797610707,0.28905425386241773,1.05
box(6),-0.6962922835930386,0.5487434414837593,1.05
box(5),-0.42232975907093817,0.5624161093859963,1.05
box(4),-0.3746685378523122,0.3712113262062766,1.05
box(3),-0.7294105705430807,0.3801098553154294,1.05
box(2),-0.5740526340129435,0.378068369001883,1.05
box(1),-0.37591165733159154,0.7339590622856009,1.05
box(0),-0.6788782369707744,0.2375571695843044,1.05
box(8),-0.5957224121206701,0.7143916112205102,1.05
box(7),-0.7996173931345982,0.7022432630333009,1.05
box(6),-0.22314673863130954,0.32653051902042884,1.05
box(5),-0.33142072806778244,0.21482285371883975,1.05
box(4),-0.2883648126035536,0.5756701360656202,1.05
box(3),-0.5055387723073672,0.2286698154919098,1.05
box(2),-0.7541459663940122,0.5532456539258263,1.05
box(1),-0.40676313084508076,0.3832971621043775,1.05
box(0),-0.5139467574269845,0.4968961655240436,1.05
box(8),-0.680204499611162,0.2784190047554939,1.05
box(7),-0.4076374918026562,0.6752983475390781,1.05
box(6),-0.7258676657417436,0.7843952510754499,1.05
box(5),-0.21826072867709512,0.36354517923750307,1.05
box(4),-0.21495483240202756,0.767550827239232,1.05
box(3),-0.350787624352305,0.22731544204896573,1.05
box(2),-0.5592359011713001,0.7175655310562497,1.05
box(1),-0.2694392654556267,0.5694851768190363,1.05
box(0),-0.6747036495575593,0.5323540264141143,1.05
box(8),-0.4730383556734318,0.37013510483620127,1.05
box(7),-0.6715227439183863,0.3576710170776046,1.05
box(6),-0.7993587909709723,0.6453288744299785,1.05
box(5),-0.5419949854705188,0.20182085689385262,1.05
box(4),-0.22485921750452786,0.37079368251438094,1.05
box(3),-0.4479463237387427,0.6038959868429525,1.05
box(2),-0.25058136186836333,0.20886720879429,1.05
box(1),-0.7845003772446806,0.25313445702970816,1.05
box(0),-0.25967015272504784,0.7380875192148135,1.05
box(8),-0.2061135091376963,0.5889123473107455,1.05
box(7),-0.6051097107241468,0.5678870767630377,1.05
box(6),-0.5701948660544303,0.7424839391871836,1.05
box(5),-0.7348150652325025,0.7372254980318269,1.05
box(4),-0.43611462686062585,0.2268577834983383,1.05
box(3),-0.4059912022583768,0.37931683189430365,1.05
box(2),-0.7499444373094573,0.45336533908428145,1.05
box(1),-0.6116740935038989,0.26127178099454396,1.05
box(0),-0.26432976080888454,0.21327859575111024,1.05
box(8),-0.40388153484135847,0.6533389258055913,1.05
box(7),-0.21733406707680644,0.7828110924986245,1.05
box(6),-0.21951240934491104,0.4425988738093928,1.05
box(5),-0.5312831261605,0.481403729642346,1.05
box(4),-0.5248691297116976,0.7702013715290157,1.05
box(3),-0.7815871044894329,0.7200501433235142,1.05
box(2),-0.6736649153602055,0.6103925272825383,1.05
box(1),-0.4468652936233184,0.2419233508491493,1.05
box(0),-0.6654413952196055,0.30959309045271355,1.05
box(8),-0.25972816784120695,0.2672363001740103,1.05
box(7),-0.32222648986183666,0.6453911425233816,1.05
box(6),-0.7865214910343434,0.4604609265958841,1.05
box(5),-0.362671068881283,0.49575117961825194,1.05
box(4),-0.3754110206585387,0.789664014723483,1.05
box(3),-0.5469891691991571,0.7132064222131937,1.05
box(2),-0.22110877502881088,0.7764749648666718,1.05
box(1),-0.7485886245746902,0.7985645909139694,1.05
box(0),-0.5295531043466482,0.38703107868280207,1.05
box(8),-0.637337304841856,0.22902758053791594,1.05
box(7),-0.3028912227790972,0.286508878147493,1.05
box(6),-0.2021305036008733,0.5892895321386393,1.05
box(5),-0.4704600609065101,0.23116452182706362,1.05
box(4),-0.6557609423524988,0.5742607796237534,1.05
box(3),-0.37564069689822227,0.7231292195097965,1.05
box(2),-0.7368277634062386,0.35097687522040877,1.05
box(1),-0.33416068502538543,0.4359496253727207,1.05
box(0),-0.5872424717199758,0.7799808798552563,1.05
box(8),-0.5416601617160883,0.38478401429642395,1.05
box(7),-0.6667500207964696,0.21599775840365976,1.05
box(6),-0.7990003508663419,0.49762963381822095,1.05
box(5),-0.4681415501939335,0.5299067870855045,1.05
box(4),-0.7783696766053567,0.7439698617512582,1.05
box(3),-0.20383007419852184,0.6066189472150735,1.05
box(2),-0.6223614515481358,0.5565281384005812,1.05
box(1),-0.44427735808680446,0.2593782921970592,1.05
box(0),-0.36051129487102607,0.7728989820867178,1.05
box(8),-0.281690313055709,0.42123073986285775,1.05
box(7),-0.5170438567140003,0.6803340463987313,1.05
box(6),-0.7132626474301902,0.355486025397399,1.05
box(5),-0.2833256930027952,0.23168345191764664,1.05
box(4),-0.7867811349237188,0.5261625958608838,1.05
box(3),-0.37214254535816804,0.6148524582942543,1.05
box(2),-0.7727265414229685,0.7885693624498125,1.05
box(1),-0.49450174985247947,0.43336575458572024,1.05
box(0),-0.20790531584368352,0.63395452377025,1.05
box(8),-0.5751848931444286,0.2464758145974581,1.05
box(7),-0.3097036099694118,0.3908280343990179,1.05
box(6),-0.6095044866173143,0.5497837600698927,1.05
box(5),-0.42937689179758004,0.7575182908460114,1.05
box(4),-0.73733810495539,0.2280473499663729,1.05
box(3),-0.7936260138029683,0.41664548779473093,1.05
box(2),-0.22078283863295323,0.2555041883907914,1.05
box(1),-0.5853790002987707,0.7275187812005783,1.05
box(0),-0.48541091576330136,0.42178807178874395,1.05
box(8),-0.335478206494796,0.616325415177609,1.05
box(7),-0.22200939627286717,0.776258303620025,1.05
box(6),-0.4279570160724511,0.20651444264177335,1.05
box(5),-0.48405427452586347,0.581737206955065,1.05
box(4),-0.7072005382310282,0.5616604397499165,1.05
box(3),-0.28864615930198145,0.4490848331765828,1.05
box(2),-0.7605166181127154,0.28090992026481504,1.05
box(1),-0.6619164128092339,0.3996376672045605,1.05
box(0),-0.2293116835184702,0.2536571172670605,1.05
box(8),-0.7203693313468564,0.7590824182626774,1.05
box(7),-0.4484528834381305,0.7781044467502651,1.05
box(6),-0.22754161894821787,0.59426436037301,1.05
box(5),-0.45347571589608354,0.4041619994855353,1.05
box(4),-0.4664189636557123,0.5887452231157286,1.05
box(3),-0.46231105664774125,0.229713890858151,1.05
box(2),-0.7064090313855773,0.5836333657135417,1.05
box(1),-0.7145238179859259,0.2551380474358324,1.05
box(0),-0.26259274047763886,0.7662360554826504,1.05
box(8),-0.2670410230213957,0.37926768854359283,1.05
box(7),-0.7925647425749796,0.7536476840696782,1.05
box(6),-0.5401236868626798,0.7829140312223937,1.05
box(5),-0.25667487632501856,0.5870669777979595,1.05
box(4),-0.48385768022706244,0.412245608155672,1.05
box(3),-0.41322202868486524,0.6220869917598751,1.05
box(2),-0.5501703044468502,0.5478028882980155,1.05
box(1),-0.7369322041338271,0.47419320760913214,1.05
box(0),-0.44779546321956715,0.2598638033738573,1.05
box(8),-0.7416877739312455,0.2735753452350102,1.05
box(7),-0.2350498563874188,0.2501152312985362,1.05
box(6),-0.23471954727641103,0.43044939432281776,1.05
box(5),-0.7773916788412798,0.622013477797756,1.05
box(4),-0.5852195623384172,0.7144451961326292,1.05
box(3),-0.24219643428534676,0.6593352333475943,1.05
box(2),-0.3758066059144367,0.5252252329915076,1.05
box(1),-0.5618860906647329,0.5174466049890694,1.05
box(0),-0.7938312528070797,0.7806901886304378,1.05
box(8),-0.5878853310308145,0.22899188899325523,1.05
box(7),-0.4427872897860355,0.29273283809260287,1.05
box(6),-0.7552863226099749,0.3714243743441482,1.05
box(5),-0.20194613743344386,0.426856712599619,1.05
box(4),-0.43353657125519085,0.7725220443275971,1.05
box(3),-0.698141804286802,0.5928361643983702,1.05
box(2),-0.25365882578403054,0.6397068377522976,1.05
box(1),-0.4054629567029159,0.5119082607691141,1.05
box(0),-0.20581482907048199,0.2105697894611774,1.05
box(8),-0.5325333242307333,0.4152610589234489,1.05
box(7),-0.728025139637503,0.7949633957535092,1.05
box(6),-0.571932438828025,0.7061766393564648,1.05
box(5),-0.6729137709379294,0.26035858832199166,1.05
box(4),-0.2716742709264398,0.438419091244831,1.05
box(3),-0.45145292379813445,0.20776048981357392,1.05
box(2),-0.7561442814447148,0.5224380734034015,1.05
box(1),-0.2284167615741315,0.7143441145911236,1.05
box(0),-0.4083261157534501,0.7959198314110467,1.05
box(8),-0.32255590016523544,0.28818013206979726,1.05
box(7),-0.5830347760983428,0.43764403062483986,1.05
box(6),-0.7432614999899094,0.7549164446427818,1.05
box(5),-0.36743116478750043,0.5769582359732435,1.05
box(4),-0.5363181339281804,0.5851554195603047,1.05
box(3),-0.20710000011129434,0.4553891714855086,1.05
box(2),-0.705316113343607,0.21639995044967242,1.05
box(1),-0.4897809579570975,0.21825069817628578,1.05
box(0),-0.7993255328876099,0.4561106204200104,1.05
box(8),-0.2522993772239495,0.7818758081478356,1.05
box(7),-0.42221077321332584,0.43328771318260606,1.05
box(6),-0.5783463570098968,0.41388886262282243,1.05
box(5),-0.7737741869279657,0.6215377878384662,1.05
box(4),-0.3870785999375851,0.6432701148845408,1.05
box(3),-0.539769843963237,0.5922964730540901,1.05
box(2),-0.3031034624245218,0.29519546496480137,1.05
box(1),-0.7407567165044184,0.2735064947894085,1.05
box(0),-0.4816625860982658,0.23486634688116342,1.05
box(8),-0.2365867682765422,0.6138592849058297,1.05
box(7),-0.6135809496295769,0.7903883256601141,1.05
box(6),-0.2128086268681491,0.4440310919613809,1.05
box(5),-0.6563315242367376,0.49456768536457285,1.05
box(4),-0.32111717724140143,0.7944289027575275,1.05
box(3),-0.37984104137206975,0.5517858670493891,1.05
box(2),-0.4982391340723464,0.4073506335199794,1.05
box(1),-0.32009296236426965,0.30534011465329924,1.05
box(0),-0.7223868203151957,0.29969344852295676,1.05
box(8),-0.7940442231006939,0.6203805106428611,1.05
box(7),-0.4577053751343647,0.7009125134098444,1.05
box(6),-0.5451047945003682,0.21236087008307697,1.05
box(5),-0.25139502723879703,0.6562618944809513,1.05
box(4),-0.6779825942742104,0.47066544881638006,1.05
box(3),-0.6561365074803029,0.723657957266227,1.05
box(2),-0.33344827580614966,0.47747610663462803,1.05
box(1),-0.31165323787540744,0.7970354332518108,1.05
box(0),-0.24695385339919246,0.33779881193914435,1.05
box(8),-0.7437141080306746,0.27718154517103166,1.05
box(7),-0.3716032038267041,0.21292209977256416,1.05
box(6),-0.45093577839375454,0.5990600306079209,1.05
box(5),-0.5652403074918475,0.23265833505289277,1.05
box(4),-0.5427562662880008,0.3879522992919875,1.05
box(3),-0.22410653402875613,0.6240680229436657,1.05
box(2),-0.7148004360104172,0.5648962153365612,1.05
box(1),-0.7174469139302098,0.7676838122720924,1.05
box(0),-0.5224417871930678,0.7484072870991381,1.05
box(8),-0.3445653076172639,0.7225971619057889,1.05
box(7),-0.7845830730394534,0.4032766777102422,1.05
box(6),-0.3127887828743752,0.32214179415996314,1.05
box(5),-0.21767543659034538,0.44712486137504454,1.05
box(4),-0.46452802445324864,0.2294461230832115,1.05
box(3),-0.7726917729162481,0.20855435419680704,1.05
box(2),-0.4232169537465663,0.4401924554491739,1.05
box(1),-0.45055302246969964,0.6100480398896796,1.05
box(0),-0.7406303519643374,0.7026338531696559,1.05
box(8),-0.6531112221737783,0.56770704634401,1.05
box(7),-0.5933289300457552,0.39193858374326146,1.05
box(6),-0.7968852684940881,0.4692335670086058,1.05
box(5),-0.5174824848152578,0.7607453246679885,1.05
box(4),-0.25629299331966976,0.4641490625285921,1.05
box(3),-0.4072356675330257,0.26533964619534545,1.05
box(2),-0.21953202574448755,0.6346198731252302,1.05
box(1),-0.6739201177791578,0.2082781732743534,1.05
box(0),-0.31931138980864704,0.7957682745971875,1.05
box(8),-0.7550484443914023,0.7376070118387268,1.05
box(7),-0.36993703637641406,0.5794623316443719,1.05
box(6),-0.5561513554877834,0.37148176538079647,1.05
box(5),-0.25182881917794697,0.2551302375271303,1.05
box(4),-0.6560091539682067,0.5059042664497729,1.05
box(3),-0.6020438699109087,0.6913926232842549,1.05
box(2),-0.7950518871610639,0.3740958178514764,1.05
box(1),-0.21516166386937463,0.6239510861257862,1.05
box(0),-0.6888764741223247,0.21218371442003314,1.05
box(8),-0.4347556368764515,0.24400045291704536,1.05
box(7),-0.32950496605990526,0.7825249115818493,1.05
box(6),-0.7880048739959922,0.6629070463626492,1.05
box(5),-0.4280324076599553,0.6616242046510226,1.05
box(4),-0.30671630193246585,0.36461331380360573,1.05
box(3),-0.6280318558070972,0.3612479980867782,1.05
box(2),-0.6735272244693566,0.5429794387298804,1.05
box(1),-0.5006751028825787,0.4970470897548296,1.05
box(0),-0.2762305453828753,0.60110941055618,1.05
box(8),-0.798901240860667,0.2832074710750452,1.05
box(7),-0.4716234216861883,0.2881162048683481,1.05
box(6),-0.22088063965711732,0.2121278692317916,1.05
box(5),-0.7138929080925709,0.7202480738306063,1.05
box(4),-0.46915884219200527,0.6876020135955734,1.05
box(3),-0.29439588477920575,0.4131466376102986,1.05
box(2),-0.6192474873111821,0.2310904943686618,1.05
box(1),-0.6779970619179736,0.5480822707206423,1.05
box(0),-0.4954735478442358,0.5317664108577727,1.05
box(8),-0.3493541949001826,0.795459732255994,1.05
box(7),-0.2683595615125808,0.5616928063609223,1.05
box(6),-0.4285833944051346,0.24235456764339142,1.05
box(5),-0.7690080691332699,0.2127989246222438,1.05
box(4),-0.7626601475576373,0.40973887208022103,1.05
box(3),-0.6974915918589037,0.7057461802794327,1.05
box(2),-0.2383098538191178,0.3763976259033278,1.05
box(1),-0.49838183831596533,0.7770740850066498,1.05
box(0),-0.25401925906342976,0.2227329325665545,1.05
box(8),-0.44307642020691185,0.41921482589492937,1.05
box(7),-0.6155624186002016,0.2882816816068859,1.05
box(6),-0.2177317056762926,0.5403257592662793,1.05
box(5),-0.5931367450185318,0.46110983047085485,1.05
box(4),-0.21901705271670782,0.7140582815011378,1.05
box(3),-0.7456929517968574,0.5223782350835685,1.05
box(2),-0.49609742133364165,0.5898407412713308,1.05
box(1),-0.43841060404013565,0.20514251084646384,1.05
box(0),-0.5349121696811859,0.7830732576273673,1.05
box(8),-0.7231435413751279,0.7598043912304411,1.05
box(7),-0.37715350537079284,0.419917338109488,1.05
box(6),-0.7851609170774372,0.3032166036263503,1.05
box(5),-0.22615514152669292,0.4697745619131808,1.05
box(4),-0.5735412282340612,0.35356442857455395,1.05
box(3),-0.26585846894697196,0.7463314424653713,1.05
box(2),-0.20118078054527022,0.3168862379457742,1.05
box(1),-0.6612581427620874,0.5949443710156073,1.05
box(0),-0.37220004205084756,0.6130822419998367,1.05
box(8),-0.5282481645735119,0.6715093804360104,1.05
box(7),-0.7164026391366525,0.7402823612872025,1.05
box(6),-0.5055865310640912,0.48733709079478144,1.05
box(5),-0.4119959760192065,0.2527996412618191,1.05
box(4),-0.7837819938246007,0.26781968104589027,1.05
box(3),-0.6093432480263541,0.29862453105991993,1.05
box(2),-0.3338733478250486,0.4246960502928304,1.05
box(1),-0.7390620079518981,0.45811315734978403,1.05
box(0),-0.20401004108377988,0.6554171676133667,1.05
box(8),-0.3710054905719455,0.6466208266333242,1.05
box(7),-0.6675397127690212,0.5913809208396423,1.05
box(6),-0.20627519876796385,0.2522218763354147,1.05
box(5),-0.5813301566122011,0.7447576380807439,1.05
box(4),-0.4713493377595726,0.21561825321739225,1.05
box(3),-0.7484173411397543,0.7688245486750176,1.05
box(2),-0.6545828180044411,0.21998912133798154,1.05
box(1),-0.3018002446746447,0.40799822263723606,1.05
box(0),-0.7672887149307765,0.3324466748401865,1.05
box(8),-0.528952318166567,0.40781809966661603,1.05
box(7),-0.30881732025329195,0.6884445696603679,1.05
box(6),-0.7752677870396021,0.5858598380228859,1.05
box(5),-0.5985959297332655,0.5542240620574999,1.05
box(4),-0.5088676281360358,0.6968489028417006,1.05
box(3),-0.3479928978419591,0.20211901094960918,1.05
box(2),-0.23174381445554093,0.5466281680067322,1.05
box(1),-0.772316154494354,0.7898551302291041,1.05
box(0),-0.6155349213019624,0.20736716869880983,1.05
box(8),-0.22222511620994959,0.3864867336780965,1.05
box(7),-0.4814536265823566,0.3709124603861137,1.05
box(6),-0.28380958053213673,0.7276383279504448,1.05
box(5),-0.77143777760597,0.5254996902276554,1.05
box(4),-0.6661182868675946,0.6741642077877357,1.05
box(3),-0.4344169272853228,0.7786637425652148,1.05
box(2),-0.4707588301164413,0.5322288267606374,1.05
box(1),-0.7949312286957888,0.20493367888905625,1.05
box(0),-0.7147218131425239,0.356296882774607,1.05
box(8),-0.28554203696609815,0.5623284181884709,1.05
box(7),-0.34975024702960955,0.25666142958853927,1.05
box(6),-0.5395732449281503,0.3648726490298645,1.05
box(5),-0.2083741326270918,0.3463643755166309,1.05
box(4),-0.22086974612729804,0.7044555358108167,1.05
box(3),-0.6789053649078695,0.6048740082867569,1.05
box(2),-0.4880875556727364,0.6942466110832365,1.05
box(1),-0.36313037544052346,0.7896523642116511,1.05
box(0),-0.5202541789632202,0.5434544271188613,1.05
box(8),-0.7203572063749359,0.24739443209087078,1.05
box(7),-0.7689348103744307,0.4381381813328566,1.05
box(6),-0.34769415871232334,0.4347261649124159,1.05
box(5),-0.38228873752878323,0.2506410870031309,1.05
box(4),-0.7999228648093801,0.7665838839669961,1.05
box(3),-0.2121829486634931,0.3217433113188635,1.05
box(2),-0.5827143537354945,0.340812071082495,1.05
box(1),-0.2522822042820514,0.6450122813545666,1.05
box(0),-0.5384743195619344,0.7251604150669719,1.05
box(8),-0.6283291686117223,0.5017763884094364,1.05
box(7),-0.3371359391487981,0.772116822538246,1.05
box(6),-0.7443754072697661,0.2849028922116292,1.05
box(5),-0.3981174492809654,0.43435768955207965,1.05
box(4),-0.42809268862392214,0.2137971040707034,1.05
box(3),-0.6963575187283022,0.6373377810836455,1.05
box(2),-0.4643813814384512,0.5770222376338556,1.05
box(1),-0.7952898225912279,0.4384197460470165,1.05
box(0),-0.22870916176364478,0.5458398013320225,1.05
box(8),-0.2458980017210679,0.3053699166626612,1.05
box(7),-0.5440641714100448,0.7883194767811246,1.05
box(6),-0.3499377518482295,0.7427365196213405,1.05
box(5),-0.6770793386861556,0.2988928184152061,1.05
box(4),-0.5922883955349252,0.4945755520597607,1.05
box(3),-0.4998055310227803,0.3229583701370704,1.05
box(2),-0.7941984630703034,0.7236320040373596,1.05
box(1),-0.42116344524836113,0.5798180406564653,1.05
box(0),-0.2007317792014086,0.7068216473898135,1.05
box(8),-0.7875642935342737,0.4611172200853302,1.05
box(7),-0.3262344371253873,0.2999902117600138,1.05
box(6),-0.6085385035287927,0.7017818648785981,1.05
box(5),-0.35906237362203886,0.7295000296282086,1.05
box(4),-0.7209733825053082,0.3264339301039946,1.05
box(3),-0.6010314349327077,0.47286906299141446,1.05
box(2),-0.2254055924317214,0.4939414861798279,1.05
box(1),-0.4760456234628743,0.32370841091094316,1.05
box(0),-0.38823618101195256,0.5637463578828789,1.05
box(8),-0.7580781409147543,0.6352475326912868,1.05
box(7),-0.7964630804863748,0.4744990698907327,1.05
box(6),-0.2410010299978631,0.2892078980113102,1.05
box(5),-0.6116307621151809,0.2100013254870072,1.05
box(4),-0.38210758094294406,0.7345622716931084,1.05
box(3),-0.515643447112716,0.6523180837900733,1.05
box(2),-0.6004636464202515,0.44064130222902465,1.05
box(1),-0.24680890884863,0.6147476331120023,1.05
box(0),-0.37851789005798886,0.37264087500486964,1.05
box(8),-0.45277372712172675,0.21743504241289952,1.05
box(7),-0.6735205326574425,0.5958304066306136,1.05
box(6),-0.7655851082167644,0.2999003850041031,1.05
box(5),-0.21742970565695455,0.4583738207429434,1.05
box(4),-0.21603463239742582,0.2549980227304215,1.05
box(3),-0.7882357576312182,0.7650600616188525,1.05
box(2),-0.41522307479094583,0.5682794692460074,1.05
box(1),-0.5653273447573222,0.7131028091753662,1.05
box(0),-0.23822811407925698,0.7399021027757637,1.05
box(8),-0.4125508002447621,0.4132068112754724,1.05
box(7),-0.5574287098305988,0.2092124399206741,1.05
box(6),-0.6585319132837577,0.42878813477532624,1.05
box(5),-0.37927335600583184,0.22219254382015274,1.05
box(4),-0.2242348165151039,0.4397896593991688,1.05
box(3),-0.2275244825695853,0.20570206983664274,1.05
box(2),-0.7550150619805496,0.3124068346414444,1.05
box(1),-0.7616495604604807,0.6375762866470718,1.05
box(0),-0.39266859621488565,0.7429270211701282,1.05
box(8),-0.5454001954307184,0.7916619163552563,1.05
box(7),-0.46638902444637725,0.42068150344809485,1.05
box(6),-0.4084901330722558,0.5834838233355054,1.05
box(5),-0.22129371348339572,0.7506402200514035,1.05
box(4),-0.5820336644652806,0.2115902602174238,1.05
box(3),-0.25002749059152596,0.5491454041276587,1.05
box(2),-0.7649794459895971,0.46269368774470127,1.05
box(1),-0.7398838584125134,0.24517565058200613,1.05
box(0),-0.601836866505318,0.56101391356998,1.05
box(8),-0.385271811155545,0.2021350184174805,1.05
box(7),-0.25492725128056926,0.38289263668341295,1.05
box(6),-0.5076104542632451,0.7237894239157736,1.05
box(5),-0.7965625149656781,0.7981403028774425,1.05
box(4),-0.44879822046168605,0.458051854048716,1.05
box(3),-0.5251578339066989,0.3173510593254653,1.05
box(2),-0.28342067626492334,0.6946160240101689,1.05
box(1),-0.7675601925574826,0.5088112770009917,1.05
box(0),-0.6985704124915458,0.2703448124508404,1.05
box(8),-0.4032403141832458,0.6042116315358851,1.05
box(7),-0.2120151163775401,0.23350401362691062,1.05
box(6),-0.22802441041503896,0.40318255401352254,1.05
box(5),-0.6945075924404731,0.6425418984051173,1.05
box(4),-0.4806640199229384,0.7892001075009141,1.05
box(3),-0.20444449286103786,0.5629009305325621,1.05
box(2),-0.5576122454998307,0.20961071913366178,1.05
box(1),-0.5261468333023365,0.405842767128681,1.05
box(0),-0.22713222742461792,0.7455364979891086,1.05
box(8),-0.7998853369433008,0.40762216050944267,1.05
box(7),-0.47482711719206044,0.6283110443949853,1.05
box(6),-0.768619443338614,0.20367094587000245,1.05
box(5),-0.37529126955207714,0.5049935445472455,1.05
box(4),-0.6363967951852207,0.7743906087944525,1.05
box(3),-0.2743948764907085,0.29779385272922015,1.05
box(2),-0.2248333711794911,0.4726608852934,1.05
box(1),-0.5170751516292691,0.22463260857920866,1.05
box(0),-0.5502419740905748,0.40102506323487397,1.05
box(8),-0.7899867768561901,0.7027904675212484,1.05
box(7),-0.753446227023371,0.38854521142522436,1.05
box(6),-0.4492072263155833,0.7839750019131111,1.05
box(5),-0.5828405801573009,0.5771075879703824,1.05
box(4),-0.3031960434803185,0.6325191292319114,1.05
box(3),-0.6793215565042383,0.20835116823433697,1.05
box(2),-0.35258079072643145,0.26952345119567933,1.05
box(1),-0.34118153834061576,0.43174997139074855,1.05
box(0),-0.6090228696996316,0.7996514220464404,1.05
box(8),-0.2097544630887627,0.3246187115919954,1.05
box(7),-0.24621698771149902,0.7758738407589056,1.05
box(6),-0.7943555883026732,0.4303198335074675,1.05
box(5),-0.5113380764808165,0.3411882630649423,1.05
box(4),-0.768904820353429,0.6594291736480474,1.05
box(3),-0.24955395708036882,0.5714760187492715,1.05
box(2),-0.4222330322657607,0.7304118137585944,1.05
box(1),-0.3905712369194734,0.23515541726127592,1.05
box(0),-0.6606486060097114,0.2597187539138896,1.05
box(8),-0.6095924576314886,0.6265472923134544,1.05
box(7),-0.43283881945957015,0.47025882765723515,1.05
box(6),-0.21980018939648632,0.3331452219001931,1.05
box(5),-0.7741133097193955,0.40023111252065846,1.05
box(4),-0.23445104850461396,0.7628391542486435,1.05
box(3),-0.796365451434303,0.6102906434730919,1.05
box(2),-0.2291650275561721,0.5765062633700309,1.05
box(1),-0.6848756507541756,0.7707128760599617,1.05
box(0),-0.39711986906702745,0.3183422672016855,1.05
box(8),-0.607920453415446,0.33853052639609704,1.05
box(7),-0.6149331727493884,0.6224359505316125,1.05
box(6),-0.3548628107764906,0.6643753435676623,1.05
box(5),-0.439088141968995,0.48728213335281717,1.05
box(4),-0.21683555009760166,0.28293618332140696,1.05
box(3),-0.7985497443879459,0.26305849144082943,1.05
box(2),-0.6827387139091615,0.47071158182717004,1.05
box(1),-0.49650923810983716,0.7935755939379683,1.05
box(0),-0.7407733077383569,0.7531061695765706,1.05
box(8),-0.4675542939718323,0.2661218330242938,1.05
box(7),-0.2544062793322201,0.49515797557488134,1.05
box(6),-0.2084109606694247,0.6993136904255058,1.05
box(5),-0.553615957712809,0.6491703932246422,1.05
box(4),-0.6299219650793346,0.20408773336991454,1.05
box(3),-0.3101329852999589,0.20713562092875953,1.05
box(2),-0.40491327389600484,0.41481732585352293,1.05
box(1),-0.7010407695665211,0.3948397065023472,1.05
box(0),-0.3514882598121478,0.7728556643882933,1.05
box(8),-0.3901836681539643,0.5883277474385334,1.05
box(7),-0.7510204573151675,0.6812354093715178,1.05
box(6),-0.6630020313563998,0.5438896524311241,1.05
box(5),-0.23243045712772598,0.44033587007565056,1.05
box(4),-0.5540011664333974,0.6976635820617992,1.05
box(3),-0.2382067422216585,0.6210005181389,1.05
box(2),-0.55576996506897,0.2828438881132698,1.05
box(1),-0.3411230913129579,0.20901321464650713,1.05
box(0),-0.7403184783091286,0.36545599313778254,1.05
box(8),-0.7329423472674796,0.20180688925658108,1.05
box(7),-0.4948796542164693,0.5036332174588765,1.05
box(6),-0.38792337979343594,0.6860229110749367,1.05
box(5),-0.7479961853467152,0.5351469066466228,1.05
box(4),-0.2981297733100734,0.38104339142079136,1.05
box(3),-0.6558464652003687,0.707102133054565,1.05
box(2),-0.796277629573303,0.7758327960091196,1.05
box(1),-0.23415130013027474,0.6055494929528364,1.05
box(0),-0.5145551699098063,0.25033033661150633,1.05
box(8),-0.2810988594697873,0.21747977070343516,1.05
box(7),-0.7218023742290209,0.2003212923190006,1.05
box(6),-0.6452870781373397,0.35071132104948866,1.05
box(5),-0.3988291024135754,0.664724331622716,1.05
box(4),-0.6832717304097914,0.5389945237921335,1.05
box(3),-0.39641071313579657,0.47829861856362543,1.05
box(2),-0.6063056421814159,0.750751368080893,1.05
box(1),-0.7958637162500253,0.36717950238838504,1.05
box(0),-0.20282340725572467,0.4320431405091562,1.05
box(8),-0.26896060704059566,0.7564308096478993,1.05
box(7),-0.3126168377807961,0.24025458704270392,1.05
box(6),-0.7535077121601292,0.7912385597819702,1.05
box(5),-0.5528943762830185,0.40724575490678916,1.05
box(4),-0.5941814803594112,0.258893870426595,1.05
box(3),-0.6980964746723473,0.48531690954703427,1.05
box(2),-0.7797677983986322,0.2053937820150955,1.05
box(1),-0.5828433884198072,0.6376717069543664,1.05
box(0),-0.3951708117384032,0.4721171318595245,1.05
box(8),-0.2131896988156509,0.41196140907648976,1.05
box(7),-0.2701319653445515,0.7919719397065101,1.05
box(6),-0.35876962365167764,0.21085903926657135,1.05
box(5),-0.6747554925605354,0.7714304471220854,1.05
box(4),-0.7844529942660541,0.6264087767668526,1.05
box(3),-0.5972531847032335,0.2831147834191171,1.05
box(2),-0.6502272486833685,0.49159879776689736,1.05
box(1),-0.4516453122718337,0.7704813613130719,1.05
box(0),-0.7995122947462601,0.2264828600366959,1.05
box(8),-0.35289492639622877,0.5969707033309393,1.05
box(7),-0.20639221071834996,0.24068642301265003,1.05
box(6),-0.4954466254962252,0.5166793890174278,1.05
box(5),-0.3732408881497955,0.4131130128118827,1.05
box(4),-0.4473592632125034,0.26147908420320093,1.05
box(3),-0.21729289073328492,0.7629588748675284,1.05
box(2),-0.7740440708132985,0.39158042540651183,1.05
box(1),-0.7757706074459869,0.7337461368633478,1.05
box(0),-0.6208546371447069,0.2071505808491373,1.05
box(8),-0.5118419534855146,0.6853777320863923,1.05
box(7),-0.7885672233362944,0.5830276390872541,1.05
box(6),-0.3504585733843373,0.642656241894229,1.05
box(5),-0.5636780153255392,0.3830595416692686,1.05
box(4),-0.22241868408525822,0.5597402361570811,1.05
box(3),-0.24653462800149953,0.22532353502251926,1.05
box(2),-0.49789002287557793,0.5203552530207449,1.05
box(1),-0.7348847656977642,0.38382153303493793,1.05
box(0),-0.6761088354236036,0.7432493276373906,1.05
box(8),-0.6082858920399722,0.22727249244115,1.05
box(7),-0.3274757004305562,0.3570518686420997,1.05
box(6),-0.7871775656902733,0.2205702318197401,1.05
box(5),-0.7347740953145261,0.575089758183281,1.05
box(4),-0.28029169036623464,0.73254227710926,1.05
box(3),-0.313970103381035,0.5115191704582909,1.05
box(2),-0.4864156363175463,0.7509325521308812,1.05
box(1),-0.5125262373919228,0.5711858423111857,1.05
box(0),-0.675159537569965,0.3717571335293296,1.05
box(8),-0.2252379626086117,0.2115250814272831,1.05
box(7),-0.5528275745261304,0.2506119575317081,1.05
box(6),-0.38711155610273584,0.2672372160152567,1.05
box(5),-0.7490989232046712,0.7655781488538038,1.05
box(4),-0.6947091001204155,0.5422767423581962,1.05
box(3),-0.7284316676114402,0.2203400935984906,1.05
box(2),-0.24619726229634095,0.7023065703371865,1.05
box(1),-0.47111231831049877,0.7155246638676547,1.05
box(0),-0.24723594772684337,0.3701923608624546,1.05
box(8),-0.3938244465482726,0.44440915050700613,1.05
box(7),-0.7613422304430746,0.3785565673009714,1.05
box(6),-0.551336882197569,0.28422157099015505,1.05
box(5),-0.5262986152718481,0.5726789666773917,1.05
box(4),-0.7567021502937723,0.6962460056563222,1.05
box(3),-0.26773518261296614,0.20509776131698843,1.05
box(2),-0.7003693104349644,0.2237716604109133,1.05
box(1),-0.2221680683391002,0.5184397968332188,1.05
box(0),-0.5005507773030945,0.7384962407843625,1.05
box(8),-0.27002381798820907,0.7482180117546624,1.05
box(7),-0.3685582272776966,0.38705497462731503,1.05
box(6),-0.6934597200681121,0.4626731055172877,1.05
box(5),-0.5408715633594385,0.361097002006178,1.05
box(4),-0.52572657725022,0.2081285509850078,1.05
box(3),-0.6714201209038169,0.7847125746640378,1.05
box(2),-0.3862576095815987,0.5890490903636023,1.05
box(1),-0.7230484055355757,0.6252739664308904,1.05
box(0),-0.20004691096887672,0.45386690953797615,1.05
box(8),-0.4903113368392524,0.699192510335884,1.05
box(7),-0.2338977496133408,0.6713431624586284,1.05
box(6),-0.3646583775315312,0.36516848525316536,1.05
box(5),-0.7876336157891586,0.44351982396904277,1.05
box(4),-0.4867726867405824,0.46488557497044886,1.05
box(3),-0.5878036949773913,0.29521237381688026,1.05
box(2),-0.778276305678441,0.7789320432904121,1.05
box(1),-0.7743916094126417,0.27464240167851733,1.05
box(0),-0.3309223583079427,0.5375395088881915,1.05
box(8),-0.6844936414829954,0.6136704300144287,1.05
box(7),-0.3997133417106029,0.7920998986735963,1.05
box(6),-0.2737770670042327,0.23780013106523673,1.05
box(5),-0.5311658332898015,0.6512176937246373,1.05
box(4),-0.4236612749899795,0.2518749290471271,1.05
box(3),-0.5415708460272503,0.4633201604264493,1.05
box(2),-0.21367857390724135,0.3834252085147348,1.05
box(1),-0.5810716861380347,0.30027480261298867,1.05
box(0),-0.7408064735116662,0.3143473401959076,1.05
box(8),-0.3555826215876343,0.4519988138972891,1.05
box(7),-0.7000085855228937,0.6353001210454537,1.05
box(6),-0.4040858563029893,0.7641197532673734,1.05
box(5),-0.22075851277607378,0.7892773817941823,1.05
box(4),-0.5391700516917124,0.6653393744266985,1.05
box(3),-0.2709873402319782,0.23567701804029306,1.05
box(2),-0.6321558160935555,0.7856111279467515,1.05
box(1),-0.28183584643645876,0.5958836901834403,1.05
box(0),-0.556467438645106,0.23533347114521752,1.05
box(8),-0.7034683362971754,0.31780442599720315,1.05
box(7),-0.6233479465022138,0.4573202358180365,1.05
box(6),-0.35874155366685423,0.43213426988974113,1.05
box(5),-0.3838060957086851,0.7688587276854442,1.05
box(4),-0.7482202365270905,0.5483585842747578,1.05
box(3),-0.43138309202712843,0.624767348615157,1.05
box(2),-0.40155432938745994,0.24846873802582511,1.05
box(1),-0.6833802790689698,0.7362763831278958,1.05
box(0),-0.24568446673264807,0.5394516806419016,1.05
box(8),-0.542882216616276,0.3176539818743157,1.05
box(7),-0.6874899218976004,0.25284924963727007,1.05
box(6),-0.5850965010825482,0.5116397432802462,1.05
box(5),-0.20026901126630473,0.7317442852441105,1.05
box(4),-0.22654207831693352,0.374107627259194,1.05
box(3),-0.769713223384922,0.6115408420544267,1.05
box(2),-0.4184633474444649,0.4465692698757169,1.05
box(1),-0.40950063725577396,0.7294133984787303,1.05
box(0),-0.7112058854260519,0.7622933140956756,1.05
box(8),-0.3368393085729341,0.20581618969850352,1.05
box(7),-0.5066283043670379,0.2297838501954775,1.05
box(6),-0.7577858901279897,0.3852697646309968,1.05
box(5),-0.6068868077009042,0.579609344149761,1.05
box(4),-0.3063770795857166,0.5584709113143298,1.05
box(3),-0.26020145638538894,0.3800810228689929,1.05
box(2),-0.763720209053651,0.6009548734374756,1.05
box(1),-0.47300304978783103,0.44313319280729035,1.05
box(0),-0.5463263169200736,0.7798838139922031,1.05
box(8),-0.4550715474229967,0.6331156767794542,1.05
box(7),-0.3373789133026348,0.7917334066922281,1.05
box(6),-0.5959704617478946,0.28082005063709126,1.05
box(5),-0.7443554407371502,0.31461492051199463,1.05
box(4),-0.2786526286743688,0.21091028561098446,1.05
box(3),-0.6498022804986572,0.47061294896374445,1.05
box(2),-0.2688859203483169,0.46171075105731263,1.05
box(1),-0.793101858072516,0.6700816874629574,1.05
box(0),-0.4497060527102551,0.4514659082144201,1.05
box(8),-0.5886673456696259,0.7560983237929233,1.05
box(7),-0.4122320960941683,0.29433098085069614,1.05
box(6),-0.3126075348562578,0.6746215923090804,1.05
box(5),-0.484913537565849,0.6475270564845681,1.05
box(4),-0.7765264206559002,0.24560267207909844,1.05
box(3),-0.22195918859791486,0.2575305568242036,1.05
box(2),-0.6577738316240924,0.4968593169576095,1.05
box(1),-0.21861441539493137,0.47806717333895404,1.05
box(0),-0.41995939291504614,0.7898322276238168,1.05
box(8),-0.797437303822379,0.4055357024498243,1.05
box(7),-0.3657382801329068,0.5307263783126814,1.05
box(6),-0.5247945795546447,0.2726073517371624,1.05
box(5),-0.7674064432129561,0.6374742219090053,1.05
box(4),-0.27980155087219605,0.7221215001131234,1.05
box(3),-0.4828737667283389,0.4351234608430678,1.05
box(2),-0.7696709789235918,0.24692299725467243,1.05
box(1),-0.6439683399831605,0.3967986995772397,1.05
box(0),-0.5387251543497326,0.6295712468721666,1.05
box(8),-0.6355309750097647,0.7999127744676326,1.05
box(7),-0.21705163053259746,0.3353031234057172,1.05
box(6),-0.22263336077702406,0.5536359681569958,1.05
box(5),-0.790414567772016,0.46606673118341607,1.05
box(4),-0.39392554158272775,0.2760416457394069,1.05
box(3),-0.2644813953406138,0.7173432615072572,1.05
box(2),-0.4930492992819006,0.43144625390727337,1.05
box(1),-0.6960592074078331,0.2283898464382144,1.05
box(0),-0.7141076174284882,0.6682105766559394,1.05
box(8),-0.5812568694755038,0.557289344822449,1.05
box(7),-0.43782899323814783,0.797650616929455,1.05
box(6),-0.2868732881045575,0.4022795646405227,1.05
box(5),-0.22168771096082382,0.26089620360075966,1.05
box(4),-0.5478007123951303,0.26049746270086516,1.05
box(3),-0.27217842735857417,0.5581808987191255,1.05
box(2),-0.7519660349085615,0.47404359044962135,1.05
box(1),-0.39293205385738483,0.2779384876987876,1.05
box(0),-0.7958914754504978,0.3170541037546471,1.05
box(8),-0.40110690836190177,0.6388606558425233,1.05
box(7),-0.5293313594795896,0.4942435623492734,1.05
box(6),-0.6643716856430717,0.7007808339326982,1.05
box(5),-0.5023780801713232,0.7605717740668134,1.05
box(4),-0.20184151619097856,0.7120254158313521,1.05
box(3),-0.26337405500051175,0.370680399541214,1.05
box(2),-0.21021014708390162,0.5285192697949024,1.05
box(1),-0.7695197078556217,0.5843832437250555,1.05
box(0),-0.21208623321541398,0.21506633488684224,1.05
box(8),-0.7775091344556779,0.4063540322683097,1.05
box(7),-0.4059428106711108,0.6264055963042601,1.05
box(6),-0.4053196431160575,0.3210130001623661,1.05
box(5),-0.5605851855122019,0.3431234697512462,1.05
box(4),-0.6655094217885693,0.7226927493859878,1.05
box(3),-0.6264268032645028,0.5333374795200392,1.05
box(2),-0.24740121031760687,0.6980811348039397,1.05
box(1),-0.2345900928324789,0.5128026450209633,1.05
box(0),-0.7447618518173662,0.21287805419227837,1.05
box(8),-0.20154863270318626,0.21720169607157144,1.05
box(7),-0.7855003047428308,0.5038967643721957,1.05
box(6),-0.4050043785077673,0.7557372432039593,1.05
box(5),-0.348936507457105,0.294348738356345,1.05
box(4),-0.4507646222116326,0.5071359301995793,1.05
box(3),-0.7259858113114128,0.36394759388216785,1.05
box(2),-0.7909443787156079,0.7027452992431877,1.05
box(1),-0.5820803048572534,0.7164254960009873,1.05
box(0),-0.22083101933547655,0.5488317941144477,1.05
box(8),-0.6272445263752409,0.2064088995380017,1.05
box(7),-0.6034474459276379,0.48581050714578,1.05
box(6),-0.5144612234502832,0.3434690820929608,1.05
box(5),-0.20553644594738998,0.7935524195440715,1.05
box(4),-0.34901469603227164,0.7153684349888219,1.05
box(3),-0.2004795228359053,0.26087125573300257,1.05
box(2),-0.39514351849969087,0.44278808255628743,1.05
box(1),-0.7692268365093589,0.3337278080032349,1.05
box(0),-0.7991712988123254,0.6144588012180239,1.05
box(8),-0.5884903781982065,0.7055775751706854,1.05
box(7),-0.6086285388080794,0.2066476563409699,1.05
box(6),-0.541663897916235,0.5275720074180772,1.05
box(5),-0.23646035491024153,0.5516825550407515,1.05
box(4),-0.7783231456156954,0.7751089252684682,1.05
box(3),-0.3997518587313452,0.6967606659869261,1.05
box(2),-0.33813052492598317,0.26117801256561857,1.05
box(1),-0.5123472099236954,0.33413476712320933,1.05
box(0),-0.7079414525826018,0.4754158427541567,1.05
box(8),-0.3996952757592144,0.45881194345166365,1.05
box(7),-0.7742535996298825,0.2755272477604422,1.05
box(6),-0.5635664702485351,0.7625852061522622,1.05
box(5),-0.23411296850374552,0.7704223360331046,1.05
box(4),-0.5669767323050217,0.586113538767056,1.05
box(3),-0.20460901083855415,0.40844297215495873,1.05
box(2),-0.3518165640737701,0.6695797296404786,1.05
box(1),-0.7900053130478211,0.6878655645646723,1.05
box(0),-0.21056139427092568,0.615598224134015,1.05
box(8),-0.27652069098041254,0.2575987129186244,1.05
box(7),-0.5934932658220846,0.38299826204189946,1.05
box(6),-0.7938541062850848,0.36426366303494484,1.05
box(5),-0.75761247137822,0.206194811967631,1.05
box(4),-0.4486124188646866,0.21763529585248134,1.05
box(3),-0.41298934602773574,0.47744096704917643,1.05
box(2),-0.6210261007757398,0.7726327102787576,1.05
box(1),-0.22673980404878713,0.43416335507903236,1.05
box(0),-0.7354380481824423,0.6137967654408631,1.05
box(8),-0.3084433268189565,0.6214511009275147,1.05
box(7),-0.5542663717122308,0.5937057949824882,1.05
box(6),-0.5763019298151337,0.4431367409536033,1.05
box(5),-0.37915839397325896,0.7611077632382068,1.05
box(4),-0.7131824624515961,0.27891353363818483,1.05
box(3),-0.35727454396679037,0.33429337209295573,1.05
box(2),-0.7967991243129795,0.769638765265025,1.05
box(1),-0.48046946190728756,0.22093524741888113,1.05
box(0),-0.6231181779347039,0.7668801495677489,1.05
box(8),-0.7676675334544456,0.5269030326897967,1.05
box(7),-0.2270795498548596,0.607653505968327,1.05
box(6),-0.5801263922904175,0.6187308114237722,1.05
box(5),-0.5593540941745687,0.3672053083346065,1.05
box(4),-0.44628509396346505,0.5480655158328096,1.05
box(3),-0.7137381816777277,0.2006298706737477,1.05
box(2),-0.3184979580346713,0.45494249537675824,1.05
box(1),-0.38809688349564025,0.688475180681493,1.05
box(0),-0.24293487632326974,0.7603771777998598,1.05
box(8),-0.4745399432883035,0.24043016189775876,1.05
box(7),-0.757775559548229,0.7941504890973676,1.05
box(6),-0.708099686516684,0.4670123259390189,1.05
box(5),-0.6211287350586385,0.7174102304967869,1.05
box(4),-0.554318206462173,0.42116249676959494,1.05
box(3),-0.2113978909452886,0.32042137177297514,1.05
box(2),-0.6740465824644408,0.22930861667866656,1.05
box(1),-0.37461013937542587,0.417568083110655,1.05
box(0),-0.4578553096043392,0.5854876305397387,1.05
box(8),-0.20171880033784254,0.7250888994917097,1.05
box(7),-0.35075033106037723,0.7763570998198519,1.05
box(6),-0.21551237907684637,0.5549753679181519,1.05
box(5),-0.7466955497391634,0.4965291782224776,1.05
box(4),-0.5867098447014711,0.7192500950870606,1.05
box(3),-0.723740171829121,0.7931256961171547,1.05
box(2),-0.5994217612091484,0.44584912026921053,1.05
box(1),-0.6611577188110082,0.200631977332334,1.05
box(0),-0.2686639268097173,0.26000689738999616,1.05
box(8),-0.4264765608002351,0.5810706665245503,1.05
box(7),-0.3302738391368105,0.4296625839821289,1.05
box(6),-0.2897971215596151,0.7339217542976295,1.05
box(5),-0.21063498897666955,0.5361801088515783,1.05
box(4),-0.4436967410214261,0.26393104470091466,1.05
box(3),-0.6466451982603185,0.6365207041748815,1.05
box(2),-0.7989020330252259,0.7250084277451345,1.05
box(1),-0.559018552754645,0.7784020997535002,1.05
box(0),-0.748453895426423,0.27790850429825387,1.05
box(8),-0.2465457830572006,0.3019081957706696,1.05
box(7),-0.6289945681498488,0.3885420503476794,1.05
box(6),-0.4128662804819717,0.6182641308197389,1.05
box(5),-0.7772259996938393,0.5278945245918241,1.05
box(4),-0.24812360316366594,0.6369482052773681,1.05
box(3),-0.45922846823850494,0.2935025079533719,1.05
box(2),-0.642770541429279,0.6354575034140005,1.05
box(1),-0.46517570798254987,0.4659795996598993,1.05
box(0),-0.405279549736094,0.7688552081001392,1.05
box(8),-0.7132562456528257,0.2331058874059611,1.05
box(7),-0.27152061919387843,0.2980045395829383,1.05
box(6),-0.7727257693607243,0.7163125871853318,1.05
box(5),-0.4319577693057268,0.6197545857574587,1.05
box(4),-0.7900338539553378,0.513063298178141,1.05
box(3),-0.6033412146854417,0.4002046539628138,1.05
box(2),-0.55716102106914,0.7664869500136575,1.05
box(1),-0.49420422802749275,0.28717838986691413,1.05
box(0),-0.620147501476036,0.5935786088700101,1.05
box(8),-0.3352940054346516,0.43505667738111986,1.05
box(7),-0.2296602463871876,0.6160036120110839,1.05
box(6),-0.2961193474335783,0.28668996566721866,1.05
box(5),-0.7937047985960075,0.6966838290096519,1.05
box(4),-0.7568212833528127,0.2636046683645301,1.05
box(3),-0.7807866712916753,0.4641218218469245,1.05
box(2),-0.3816137256153094,0.6385123942205806,1.05
box(1),-0.3236447516667982,0.7990584712285413,1.05
box(0),-0.49453409172213353,0.38332079595172686,1.05
box(8),-0.6340069172529812,0.6823378558062652,1.05
box(7),-0.582190494294019,0.23840889654909947,1.05
box(6),-0.2518585179012936,0.44625186462373306,1.05
box(5),-0.2668865816585101,0.2582374459136518,1.05
box(4),-0.7948115948647088,0.6159236391215053,1.05
box(3),-0.41872080599674527,0.25224390987181855,1.05
box(2),-0.5657332161940627,0.5474391148033517,1.05
box(1),-0.32147127839936196,0.5868430846858554,1.05
box(0),-0.7543011921363789,0.3721205029760637,1.05
box(8),-0.32639267333264876,0.7823844789153402,1.05
box(7),-0.4676698920848093,0.4121092772106437,1.05
box(6),-0.4853247666309794,0.7605834478542646,1.05
box(5),-0.6417018164921342,0.7892768852194565,1.05
box(4),-0.6475749984953172,0.24245548769939385,1.05
box(3),-0.20774004968944645,0.3407948113980626,1.05
box(2),-0.333808847127819,0.22628422029967485,1.05
box(1),-0.6461614667017892,0.5214210337260272,1.05
box(0),-0.21634594481719338,0.5028412668843187,1.05
box(8),-0.3848279819427368,0.5750283307173305,1.05
box(7),-0.7467027645722357,0.635186895235065,1.05
box(6),-0.25890473893480836,0.6945796471539902,1.05
box(5),-0.4763478766085051,0.7251850766768517,1.05
box(4),-0.7818942276407097,0.41756533467866813,1.05
box(3),-0.5003836159430679,0.2019303260349707,1.05
box(2),-0.7765659644294578,0.22892953761739335,1.05
box(1),-0.6323130481015575,0.7873482023413685,1.05
box(0),-0.5534208431367481,0.46847738850087434,1.05
box(8),-0.3219118910620618,0.28545482426985674,1.05
box(7),-0.3748597375391007,0.5819074138111301,1.05
box(6),-0.23510599466743726,0.4663157071115862,1.05
box(5),-0.2522410257306745,0.7365485708321264,1.05
box(4),-0.4570420731900632,0.7702843906481289,1.05
box(3),-0.7314197913675522,0.6410992696433053,1.05
box(2),-0.4627294254012614,0.21474025487319173,1.05
box(1),-0.7185199054774107,0.2916075366020456,1.05
box(0),-0.7994359084501783,0.49591825138546203,1.05
box(8),-0.544365229107179,0.4493180279242894,1.05
box(7),-0.5840092752798711,0.5966879484716014,1.05
box(6),-0.27865464334580525,0.30662103090715703,1.05
box(5),-0.20926565315177714,0.5032773782145483,1.05
box(4),-0.3854909861939929,0.5567728227297362,1.05
box(3),-0.309044216629693,0.6952460706188772,1.05
box(2),-0.4819043478198121,0.7205298323446447,1.05
box(1),-0.7147171425032135,0.6716483036171125,1.05
box(0),-0.5889522195953083,0.2973193283694322,1.05
box(8),-0.7215261321496331,0.5018071478032948,1.05
box(7),-0.45754329489860357,0.3731751625999864,1.05
box(6),-0.7867107719177688,0.273807015571624,1.05
box(5),-0.3007582511037248,0.2134411737072639,1.05
box(4),-0.21880789963268665,0.5354898094446268,1.05
box(3),-0.4793651528120039,0.5508800801148233,1.05
box(2),-0.22751856904675855,0.37267545801096347,1.05
box(1),-0.5991526553954527,0.7987751049163927,1.05
box(0),-0.4425140824127749,0.7228335055464052,1.05
box(8),-0.6105671051449502,0.31722854592165095,1.05
box(7),-0.6689422781406913,0.6437490447285892,1.05
box(6),-0.7977424289771069,0.4867055198910585,1.05
box(5),-0.2010848501070121,0.7603852132089388,1.05
box(4),-0.24596344510822699,0.21100209498468525,1.05
box(3),-0.4014273579342078,0.255858355933164,1.05
box(2),-0.4681133846337673,0.45895056000927137,1.05
box(1),-0.21389831607122192,0.40142559168029246,1.05
box(0),-0.3024042811107869,0.5321935917859537,1.05
box(8),-0.4520337323055145,0.647151406620718,1.05
box(7),-0.5946707574903475,0.2872819043775733,1.05
box(6),-0.7463211803693601,0.6510336414463559,1.05
box(5),-0.7007518483872186,0.4348059613509275,1.05
box(4),-0.2906124280672615,0.7569950717733243,1.05
box(3),-0.6179034725821435,0.5731842172233692,1.05
box(2),-0.34602990404732137,0.21554010690818287,1.05
box(1),-0.47611778705996627,0.39225891789126277,1.05
box(0),-0.20217724725237107,0.3735767048628339,1.05
box(8),-0.22582225310423842,0.610915296645211,1.05
box(7),-0.39760861892921173,0.5362186807446422,1.05
box(6),-0.6003086131535569,0.7415079282458192,1.05
box(5),-0.7695130773396623,0.2665193363417965,1.05
box(4),-0.765941399821783,0.6097577546486248,1.05
box(3),-0.40371917736990737,0.7524298205721165,1.05
box(2),-0.6061567722675583,0.5631659961852026,1.05
box(1),-0.7167007628900599,0.4387034831754189,1.05
box(0),-0.46432914101613326,0.35942103729266384,1.05
box(8),-0.7479344814830668,0.7770423387292809,1.05
box(7),-0.20553840463813158,0.5313937482636546,1.05
box(6),-0.40713410753245005,0.5980949041168117,1.05
box(5),-0.6177289617132976,0.23451279731722594,1.05
box(4),-0.34801730635868305,0.2400276310053463,1.05
box(3),-0.20155661229109204,0.7532402310250652,1.05
box(2),-0.359982594433734,0.7405677565443503,1.05
box(1),-0.5817946487954355,0.6571442968819002,1.05
box(0),-0.7067145443158982,0.3758091951297198,1.05
box(8),-0.7387098223746733,0.527855653978633,1.05
box(7),-0.3669640467787738,0.43297548741288777,1.05
box(6),-0.7667696914699749,0.6872721722476598,1.05
box(5),-0.22239585477418675,0.4875056784587656,1.05
box(4),-0.5178093749371228,0.4703614723466854,1.05
box(3),-0.6080645452844313,0.2474636687183665,1.05
box(2),-0.7722113659244225,0.21274177895354596,1.05
box(1),-0.3158989867524677,0.2384086358457092,1.05
box(0),-0.5370222127190993,0.7586345094275684,1.05
box(8),-0.2994828478887174,0.724540876073664,1.05
box(7),-0.4443522714875776,0.6305111696943664,1.05
box(6),-0.7611852807238186,0.4311484972318817,1.05
box(5),-0.719744023081575,0.7154002132451078,1.05
box(4),-0.34051456950056724,0.5034609212408254,1.05
box(3),-0.452376385382502,0.3246627820643319,1.05
box(2),-0.6278862718758829,0.5892877342192012,1.05
box(1),-0.6619736091943963,0.25255428922243306,1.05
box(0),-0.28732236779967923,0.25579193201702505,1.05
box(8),-0.5729296617281597,0.4326197147965043,1.05
box(7),-0.3180744691781017,0.7781961782256439,1.05
box(6),-0.46655641809155296,0.5909470942969601,1.05
box(5),-0.20996875825587172,0.6543359374712565,1.05
box(4),-0.7232350600782749,0.4525530676572403,1.05
box(3),-0.31593298488221555,0.5216000775358185,1.05
box(2),-0.62380056737413,0.741712075389477,1.05
box(1),-0.7849964502357103,0.7145701258696313,1.05
box(0),-0.5297208620239289,0.2089569646564031,1.05
box(8),-0.24330018728340416,0.2297618618252599,1.05
box(7),-0.7203768913926785,0.22696142061876426,1.05
box(6),-0.46279354544839096,0.7838462456886945,1.05
box(5),-0.43527597111624344,0.4154125751894769,1.05
box(4),-0.5696633027715997,0.5271429538492148,1.05
box(3),-0.2280280469173409,0.7233323114366643,1.05
box(2),-0.23776929517827827,0.4444948695049259,1.05
box(1),-0.6265455825690169,0.7590808855122377,1.05
box(0),-0.7837719955008944,0.5641069574927182,1.05
box(8),-0.5109304557213767,0.20249149685423717,1.05
box(7),-0.6371359169860099,0.35730116257063105,1.05
box(6),-0.7469951980082776,0.24600768228722877,1.05
box(5),-0.3192908602476256,0.28323351004542235,1.05
box(4),-0.45871561325133453,0.36187722928552124,1.05
box(3),-0.5837874253724444,0.5822986532140273,1.05
box(2),-0.23517299617117224,0.7735246739144646,1.05
box(1),-0.3476717197602363,0.6696406799011582,1.05
box(0),-0.3738868906941276,0.4948519908256936,1.05
box(8),-0.7973172630896033,0.4947594836919114,1.05
box(7),-0.7237027183234634,0.7588334101314469,1.05
box(6),-0.5483695599509132,0.21808793452712774,1.05
box(5),-0.6196854487023065,0.3959094738831263,1.05
box(4),-0.28957078851169304,0.35890403849189795,1.05
box(3),-0.7597100306923918,0.3199592314093974,1.05
box(2),-0.3780393220799048,0.23682860318794802,1.05
box(1),-0.5004836816662426,0.6164768883937506,1.05
box(0),-0.3421864458312214,0.6752828606896286,1.05
box(8),-0.33885579555544315,0.5061236586043778,1.05
box(7),-0.76390003523584,0.4807211047067297,1.05
box(6),-0.6929435542471305,0.6982640429785362,1.05
box(5),-0.200457170204974,0.7810911574443871,1.05
box(4),-0.5547677475992849,0.2042163099857137,1.05
box(3),-0.46200122781231456,0.38226421021788204,1.05
box(2),-0.5872930110173958,0.48362232962790724,1.05
box(1),-0.7490140086594341,0.28682734520929476,1.05
box(0),-0.34390561861300084,0.27649575596937825,1.05
box(8),-0.426123085992805,0.6934042531538417,1.05
box(7),-0.2710406652370038,0.531874107500876,1.05
box(6),-0.7965246882804513,0.44732774286136845,1.05
box(5),-0.7130719768455354,0.7880939217134648,1.05
box(4),-0.7954118215905206,0.599154859889536,1.05
box(3),-0.24791758935096628,0.7996434074851386,1.05
box(2),-0.6449632857246408,0.6373315112633082,1.05
box(1),-0.5513509321700427,0.24707631819174855,1.05
box(0),-0.5619360579769855,0.41028257371358606,1.05
box(8),-0.28491051373176624,0.3275418181979258,1.05
box(7),-0.4591478649215988,0.7277236347221332,1.05
box(6),-0.43708087321998446,0.5466125004243236,1.05
box(5),-0.287551298769709,0.6183436371083135,1.05
box(4),-0.790796977945575,0.2169914747108262,1.05
box(3),-0.7527696393010097,0.4350846179251906,1.05
box(2),-0.7316764239553715,0.7665558241598349,1.05
box(1),-0.5828802006876022,0.588366627943187,1.05
box(0),-0.2394039910423997,0.7992035820797159,1.05
box(8),-0.5751884757375332,0.3982982537699463,1.05
box(7),-0.39601647967784015,0.25167463155619163,1.05
box(6),-0.768669274805835,0.5955898032903129,1.05
box(5),-0.5455030389633764,0.77129886726068,1.05
box(4),-0.6329331755963223,0.22698571773380885,1.05
box(3),-0.37297316644482614,0.6314679164290335,1.05
box(2),-0.2849175708339253,0.44637746638457354,1.05
box(1),-0.7579954867752678,0.31474052236869865,1.05
box(0),-0.20020641213331583,0.6045255401669781,1.05
box(8),-0.4467283487204137,0.4964284823504032,1.05
box(7),-0.6387674420974048,0.4636295666332908,1.05
box(6),-0.30896685504752625,0.28834203568637956,1.05
box(5),-0.7982602168887569,0.6864909784827198,1.05
box(4),-0.6138329960708984,0.7308316545591265,1.05
box(3),-0.20092101323215783,0.781355756655939,1.05
box(2),-0.4498455567234737,0.6894345511252028,1.05
box(1),-0.591906905601898,0.22488596856133236,1.05
box(0),-0.7580782472159915,0.3726262578514702,1.05
box(8),-0.3127600878661207,0.5723760886539908,1.05
box(7),-0.46026220756590885,0.43579523790075964,1.05
box(6),-0.6009367380864604,0.5349754255891749,1.05
box(5),-0.3131930724696104,0.23568066808968066,1.05
box(4),-0.7740129915753573,0.7695438481108567,1.05
box(3),-0.7940060279248664,0.5189431397197115,1.05
box(2),-0.6067283483431607,0.6899205871386953,1.05
box(1),-0.41587869976818403,0.7129668361996893,1.05
box(0),-0.2283991878094712,0.7597014901215575,1.05
box(8),-0.7769094373315653,0.2662663341053472,1.05
box(7),-0.6140612708284583,0.2954239520197747,1.05
box(6),-0.3442090221918183,0.38281173704757576,1.05
box(5),-0.5287064454202465,0.525976688286135,1.05
box(4),-0.2700369223311616,0.6143194066771598,1.05
box(3),-0.42504598749186157,0.23592455570974286,1.05
box(2),-0.7741368908109096,0.43374473330355406,1.05
box(1),-0.2217833697647759,0.2254756610219367,1.05
box(0),-0.6496777334779031,0.6405002616707252,1.05
box(8),-0.43982152533863,0.654027164291701,1.05
box(7),-0.7732262892739628,0.7921917553020068,1.05
box(6),-0.550723697827175,0.7659451952637226,1.05
box(5),-0.7105179998739017,0.24059939075714137,1.05
box(4),-0.5796699939958254,0.47864392082616475,1.05
box(3),-0.7981987179503167,0.5921958090360114,1.05
box(2),-0.40977433822453013,0.4411637242306872,1.05
box(1),-0.4414861859738886,0.20363530627024828,1.05
box(0),-0.26874939360513933,0.34631666388419347,1.05
box(8),-0.2035965229477349,0.5095338036413047,1.05
box(7),-0.30417879872298037,0.7227728362433303,1.05
box(6),-0.46449965937767895,0.5894816665568332,1.05
box(5),-0.7736480139276245,0.7968927332504372,1.05
box(4),-0.6691943769017383,0.6699254621571393,1.05
box(3),-0.6045842932507036,0.49189225619470794,1.05
box(2),-0.7703574994662017,0.20331315706173736,1.05
box(1),-0.5098016787737478,0.3495247855746291,1.05
box(0),-0.7821384846024364,0.548757353612264,1.05
box(8),-0.41686333450359103,0.2301894894020704,1.05
box(7),-0.2728133957805921,0.35470194923819776,1.05
box(6),-0.5735775759952322,0.7958142299512339,1.05
box(5),-0.37269760130836593,0.7388122178494254,1.05
box(4),-0.7097220769449248,0.36327538722870917,1.05
box(3),-0.259500469809147,0.5900632333669519,1.05
box(2),-0.5174860684155826,0.5399317892860738,1.05
box(1),-0.21605058131354535,0.7508627392020808,1.05
box(0),-0.7166489321977749,0.6973292219221653,1.05
box(8),-0.21335311783857858,0.20812127773429775,1.05
box(7),-0.45723005403282957,0.34708978864768647,1.05
box(6),-0.2686304308836779,0.4171925093949869,1.05
box(5),-0.7652889377132004,0.522681852943577,1.05
box(4),-0.4263867714569676,0.7096565492456115,1.05
box(3),-0.626119677422069,0.4056006032398336,1.05
box(2),-0.6891406455125186,0.20980256364526173,1.05
box(1),-0.3635974712152028,0.5528341039677301,1.05
box(0),-0.2538283151543381,0.7311153489516447,1.05
box(8),-0.7309581822233626,0.7099281630472603,1.05
box(7),-0.5336273032439338,0.5689292969239412,1.05
box(6),-0.5240162351924571,0.23684476562943235,1.05
box(5),-0.3624460940939518,0.24015840752861745,1.05
box(4),-0.2424896172885568,0.3391015422600139,1.05
box(3),-0.5153460495880058,0.7487840363255687,1.05
box(2),-0.3887068577682756,0.3954591595176247,1.05
box(1),-0.7162482408818123,0.28498048940516996,1.05
box(0),-0.6904418223218183,0.5175516924883097,1.05
box(8),-0.22326067606961514,0.7734879476926024,1.05
box(7),-0.22852500299184375,0.5196568993691486,1.05
box(6),-0.42333989266810257,0.6256901645998969,1.05
box(5),-0.7360237551210467,0.6620515286002469,1.05
box(4),-0.4937995406391933,0.2170018143144118,1.05
box(3),-0.21743587142113704,0.23624792622190438,1.05
box(2),-0.5635104598994357,0.7422255315963884,1.05
box(1),-0.45752708610573367,0.3633902867116469,1.05
box(0),-0.7755824116792489,0.3761245112309516,1.05
box(8),-0.6513907752455717,0.24193862694755863,1.05
box(7),-0.6023289638308138,0.420071455201227,1.05
box(6),-0.3053170015271487,0.42566856009846915,1.05
box(5),-0.29118134951115293,0.742377893904512,1.05
box(4),-0.5002206233353161,0.5665882672706073,1.05
box(3),-0.7310229200773821,0.6806275779385167,1.05
box(2),-0.45403341308985273,0.20561582374706525,1.05
box(1),-0.306964528203426,0.2548170636546602,1.05
box(0),-0.4471020662128944,0.716615562628345,1.05
box(8),-0.27400582669994267,0.5781162520506035,1.05
box(7),-0.46155078504297287,0.3611053490001481,1.05
box(6),-0.614887128637212,0.2605141089898022,1.05
box(5),-0.6501650896050635,0.48143381225003967,1.05
box(4),-0.21838152770201041,0.7530697853673116,1.05
box(3),-0.4532286645021232,0.5207931597145805,1.05
box(2),-0.7935686645320146,0.30993264330003995,1.05
box(1),-0.7559177090709037,0.6048958256460379,1.05
box(0),-0.26813605411665387,0.34873646868364994,1.05
box(8),-0.4901042554782776,0.7690608383814237,1.05
box(7),-0.36121093990733283,0.2152477517524446,1.05
box(6),-0.4447820311707902,0.36755171517885876,1.05
box(5),-0.7446267886182123,0.7576663927402159,1.05
box(4),-0.6402926579870618,0.4331788237665813,1.05
box(3),-0.23917819760607106,0.6767849647453115,1.05
box(2),-0.5709396168619497,0.2121413240504702,1.05
box(1),-0.548231350464002,0.6243788001649577,1.05
box(0),-0.3688921487668235,0.5023667858557888,1.05
box(8),-0.2510749845841307,0.3210168555354756,1.05
box(7),-0.3896098626192218,0.7177693079693388,1.05
box(6),-0.753890695278814,0.5904694415708912,1.05
box(5),-0.7991926933465527,0.2764760349504385,1.05
box(4),-0.6228293347850022,0.7656871196147927,1.05
box(3),-0.779301245496741,0.7949005046002784,1.05
box(2),-0.4090563644771094,0.3121138277390557,1.05
box(1),-0.5908418222361931,0.33500260463974674,1.05
box(0),-0.5861992956813431,0.5564033459774839,1.05
box(8),-0.20918190616571633,0.500255202201846,1.05
box(7),-0.20699865802569328,0.3286448458862101,1.05
box(6),-0.33314288875703457,0.7670234034689656,1.05
box(5),-0.7786678101185502,0.5722909764460941,1.05
box(4),-0.20673688970585477,0.6507364833605502,1.05
box(3),-0.7814540758241755,0.2682741166147276,1.05
box(2),-0.4595072424101466,0.6579595274819503,1.05
box(1),-0.743111337322452,0.4135515814170933,1.05
box(0),-0.45704752388159486,0.299082770192912,1.05
box(8),-0.5666584832038745,0.5117279833799204,1.05
box(7),-0.3605512956478417,0.5366649591074781,1.05
box(6),-0.6792306950918459,0.723117709565219,1.05
box(5),-0.3085457181673631,0.7795083462672348,1.05
box(4),-0.6297149599656604,0.22218719299075765,1.05
box(3),-0.3008793853675841,0.3708566834936359,1.05
box(2),-0.22540199938138433,0.6501948794501017,1.05
box(1),-0.32262831736591585,0.2092293745288665,1.05
box(0),-0.7557036801487549,0.5228972905196981,1.05
box(8),-0.7436109606230232,0.36440037493686916,1.05
box(7),-0.5574124708152544,0.47505179860446556,1.05
box(6),-0.4188039166826282,0.5716281202164453,1.05
box(5),-0.47228645611978154,0.27801657210577907,1.05
box(4),-0.3271174207816476,0.7739885193638991,1.05
box(3),-0.7810814192524769,0.7430916520689068,1.05
box(2),-0.5209972927792462,0.7067708142471631,1.05
box(1),-0.29923017135645524,0.4179847813258891,1.05
box(0),-0.23556197304344625,0.6494589981185843,1.05
box(8),-0.6403125928868347,0.20798367872072104,1.05
box(7),-0.25310025257468094,0.2052999870347073,1.05
box(6),-0.7833742580902292,0.4845448910446843,1.05
box(5),-0.41457440071523655,0.5603958023586938,1.05
box(4),-0.6327894268237778,0.4308741731300045,1.05
box(3),-0.7981327774811999,0.26550678749356604,1.05
box(2),-0.44087817710026406,0.21478651209563052,1.05
box(1),-0.725917013221117,0.6316243443598242,1.05
box(0),-0.21648024065439886,0.38394218597730073,1.05
box(8),-0.5560909057242593,0.7384343807715623,1.05
box(7),-0.2458085405615522,0.630354876281858,1.05
box(6),-0.6335794272596798,0.23064153049644523,1.05
box(5),-0.7689386885559291,0.777738682117586,1.05
box(4),-0.7884929016046267,0.4788235651929655,1.05
box(3),-0.610987366347684,0.47946738539922934,1.05
box(2),-0.7781734682710058,0.2988638298888215,1.05
box(1),-0.4699178019624802,0.3680945800304417,1.05
box(0),-0.333874725736348,0.48661120176878103,1.05
box(8),-0.24774028857562602,0.33730042854055775,1.05
box(7),-0.6156433225542896,0.6704826298747321,1.05
box(6),-0.4532289585236973,0.6988847592729774,1.05
box(5),-0.2533129089321657,0.7353248997357935,1.05
box(4),-0.7339110946209146,0.7787847688675131,1.05
box(3),-0.5414426228374547,0.23184483074453935,1.05
box(2),-0.5628890003945424,0.52202936937495,1.05
box(1),-0.6812859471841799,0.31266565729509377,1.05
box(0),-0.7778822972027959,0.5885940918351994,1.05
box(8),-0.2690723920493129,0.4981950140373568,1.05
box(7),-0.4650091915769135,0.3845972614586688,1.05
box(6),-0.24633696346405404,0.30056704555431996,1.05
box(5),-0.5348144914869424,0.7353865133706359,1.05
box(4),-0.2289685143541824,0.7390428981127137,1.05
box(3),-0.37970979739836,0.7717976292744291,1.05
box(2),-0.7210964254097003,0.7733289407487951,1.05
box(1),-0.520497236566404,0.5552213048667523,1.05
box(0),-0.7646851162648272,0.22531276221977553,1.05
box(8),-0.5522576766232448,0.21856155018633727,1.05
box(7),-0.7801603272836464,0.4134685496484073,1.05
box(6),-0.7090335278189193,0.550349637856107,1.05
box(5),-0.3594153386445804,0.24711573414517032,1.05
box(4),-0.5916531551227746,0.3995989847068097,1.05
box(3),-0.35653155952467375,0.6066824011745825,1.05
box(2),-0.46254688340122685,0.7887133333112271,1.05
box(1),-0.2372301882941835,0.7578384818382238,1.05
box(0),-0.3095094106271134,0.4368757157255351,1.05
box(8),-0.6453625569029454,0.7242629394696469,1.05
box(7),-0.665350314936443,0.25353429441853015,1.05
box(6),-0.5202413446367464,0.592557654168633,1.05
box(5),-0.7426381752808695,0.4744387873597666,1.05
box(4),-0.25952691777576237,0.2885811918615213,1.05
box(3),-0.4952235307921327,0.22311637649059626,1.05
box(2),-0.35149029763865924,0.6252357249495943,1.05
box(1),-0.5077646252221704,0.7991496923929917,1.05
box(0),-0.24325749968513405,0.7862656870679947,1.05
box(8),-0.7998772795538931,0.7845036065838447,1.05
box(7),-0.38412403473259693,0.4553390094961154,1.05
box(6),-0.7496967783430688,0.3139414899625821,1.05
box(5),-0.6446192769333596,0.6476940733513556,1.05
box(4),-0.7520757617800966,0.46546907477264765,1.05
box(3),-0.22904120125517388,0.23345448917607825,1.05
box(2),-0.2304393090953461,0.5366376902465588,1.05
box(1),-0.5380068639243691,0.2659997285864478,1.05
box(0),-0.5604881965153792,0.4882343509718177,1.05
box(8),-0.41155324037829866,0.7784158514871606,1.05
box(7),-0.3021033863110636,0.6691417418454868,1.05
box(6),-0.3794266188180082,0.3218393473659793,1.05
box(5),-0.4810463115662237,0.6286124149507765,1.05
box(4),-0.7760290059676767,0.7791663425098656,1.05
box(3),-0.7797017963585424,0.5941495246524529,1.05
box(2),-0.7998788923009548,0.4204210214984002,1.05
box(1),-0.6933176742901713,0.2110742860207772,1.05
box(0),-0.23512746003681437,0.4580702294233399,1.05
box(8),-0.5864567911382355,0.3635565631071531,1.05
box(7),-0.6145141164100572,0.5207429039273602,1.05
box(6),-0.2783469619483454,0.735569344323997,1.05
box(5),-0.5068743898293797,0.22263260476943453,1.05
box(4),-0.36247914115624325,0.33239375822025174,1.05
box(3),-0.7729947091033327,0.7457089724686723,1.05
box(2),-0.4503805867599561,0.5694992118498705,1.05
box(1),-0.24087835776314553,0.23625161064564434,1.05
box(0),-0.5677121182797228,0.7235466443322889,1.05
box(8),-0.2251598330871176,0.47881045223839014,1.05
box(7),-0.7824582999454752,0.537976976164132,1.05
box(6),-0.651403650827711,0.38260537554028995,1.05
box(5),-0.3295960930304176,0.7344600677324107,1.05
box(4),-0.6755915249556839,0.22676070508852503,1.05
box(3),-0.37651169130466433,0.3572730241711082,1.05
box(2),-0.7312814772535545,0.760313142320199,1.05
box(1),-0.5133836826681872,0.4771135755820248,1.05
box(0),-0.2582787468120322,0.26212849927823456,1.05
box(8),-0.523757475775261,0.21536934724961104,1.05
box(7),-0.5133287021810362,0.7379396450932711,1.05
box(6),-0.719925728483156,0.5772124428781621,1.05
box(5),-0.7624046601910062,0.4276396166932293,1.05
box(4),-0.21330042653563588,0.7837250174992949,1.05
box(3),-0.3516392162546252,0.6835448343646335,1.05
box(2),-0.3745514359654622,0.37846116423049864,1.05
box(1),-0.7370263292858812,0.21943666674915974,1.05
box(0),-0.4920773384172259,0.5725791522697613,1.05
box(8),-0.22059961732230673,0.5838548476829855,1.05
box(7),-0.5856367724314666,0.2212521278566149,1.05
box(6),-0.5734834209237052,0.3773226111087987,1.05
box(5),-0.6862966041190194,0.6996223419558295,1.05
box(4),-0.3765777999292006,0.21467511537281533,1.05
box(3),-0.5379136131996638,0.7543656310632003,1.05
box(2),-0.30288522909482174,0.7791492926723997,1.05
box(1),-0.3921338295706154,0.44378544738473635,1.05
box(0),-0.6879801485325209,0.5352257549959525,1.05
box(8),-0.3883020949389684,0.6126794988604372,1.05
box(7),-0.2310725120734757,0.5365053803862961,1.05
box(6),-0.22922422054336758,0.30713278765950636,1.05
box(5),-0.6219421499390893,0.2837675132837873,1.05
box(4),-0.7830045184092123,0.3939552542123007,1.05
box(3),-0.6898875403905497,0.7924839207994041,1.05
box(2),-0.5415018370213025,0.5756324509766955,1.05
box(1),-0.26985397550063295,0.7588939588089234,1.05
box(0),-0.43613946759799904,0.3973929091869026,1.05
box(8),-0.6862634090656172,0.532940974817423,1.05
box(7),-0.7999790455424873,0.6624449548101274,1.05
box(6),-0.43178930768976553,0.20787845865253968,1.05
box(5),-0.24969967504027762,0.5444634763226162,1.05
box(4),-0.4161832407489745,0.7987731741792363,1.05
box(3),-0.6919178599793596,0.3587875688681442,1.05
box(2),-0.6453131171153996,0.7885510635585542,1.05
box(1),-0.24741695182393283,0.20378495822441517,1.05
box(0),-0.7934870560514096,0.20789957813982995,1.05
box(8),-0.381659658775345,0.4210572155272563,1.05
box(7),-0.5185234104981162,0.5025613769812216,1.05
box(6),-0.6659777034923877,0.5363783701067479,1.05
box(5),-0.24262197250644718,0.7217245768195206,1.05
box(4),-0.525871036796121,0.6847891048717996,1.05
box(3),-0.4190270343975766,0.7977596950823664,1.05
box(2),-0.665678378391303,0.32525677151296606,1.05
box(1),-0.7915535352973653,0.733509064758004,1.05
box(0),-0.4524697520674509,0.26863892026456987,1.05
box(8),-0.7981826327553365,0.2442720140864142,1.05
box(7),-0.27460455852803756,0.39387409659823025,1.05
box(6),-0.4455391228678133,0.48653445597166434,1.05
box(5),-0.7669447384635029,0.45366366516764933,1.05
box(4),-0.29852988645943107,0.5853744690562913,1.05
box(3),-0.6401678618123124,0.591216940843623,1.05
box(2),-0.2973036997732217,0.7796632588619545,1.05
box(1),-0.48801016356975657,0.7931292485437904,1.05
box(0),-0.6164434805196641,0.25686349914248263,1.05
box(8),-0.42727928529957077,0.22361142833702075,1.05
box(7),-0.6503447333035448,0.7450884851291981,1.05
box(6),-0.6136365891330786,0.4335712199757571,1.05
box(5),-0.45569181116230767,0.5729407105350017,1.05
box(4),-0.27922676400528434,0.3861473077363372,1.05
box(3),-0.20509185414369782,0.5782675811950195,1.05
box(2),-0.7682441181440531,0.37471433787683145,1.05
box(1),-0.29530172277571415,0.7508342821028258,1.05
box(0),-0.447088005968147,0.3869543279099913,1.05
box(8),-0.676983041520119,0.23595085645694197,1.05
box(7),-0.2703864295428158,0.2328177454685617,1.05
box(6),-0.7478345600509284,0.7361261980491527,1.05
box(5),-0.4652959655705134,0.2090727269215471,1.05
box(4),-0.4579593603977982,0.5868248230941634,1.05
box(3),-0.5386389715928585,0.714754896529272,1.05
box(2),-0.25977355644066474,0.5061502253180552,1.05
box(1),-0.7494409721002029,0.5801157402093498,1.05
box(0),-0.7110598312555809,0.4153882876292619,1.05
box(8),-0.24627576784449107,0.7014299404141464,1.05
box(7),-0.44257092900230843,0.35893775469680567,1.05
box(6),-0.5602841325513028,0.4743056037786138,1.05
box(5),-0.2743524990624834,0.20665092515559788,1.05
box(4),-0.6386733232908683,0.24153157113747714,1.05
box(3),-0.7408643908815948,0.7979826479877434,1.05
box(2),-0.7994008060078626,0.23467022232042406,1.05
box(1),-0.4392474367298451,0.7349487415466303,1.05
box(0),-0.686178072874308,0.6262958351758809,1.05
box(8),-0.389507236790986,0.5627260413600275,1.05
box(7),-0.7624906170245005,0.4622314305257586,1.05
box(6),-0.400776091345569,0.3341349940114523,1.05
box(5),-0.5848343758785701,0.4348271931607598,1.05
box(4),-0.2060085612044825,0.6641000523692349,1.05
box(3),-0.5532272256169375,0.2764855822838974,1.05
box(2),-0.24362127530434508,0.44499267761691086,1.05
box(1),-0.727431505377601,0.25743484334929606,1.05
box(0),-0.742588959085946,0.7770911651971986,1.05
box(8),-0.5744844874248468,0.6191339448759476,1.05
box(7),-0.401035255480345,0.7485667939516447,1.05
box(6),-0.7638769086370032,0.4870552379606443,1.05
box(5),-0.31260154176136856,0.2127165736748744,1.05
box(4),-0.450769096919557,0.44466845347748624,1.05
box(3),-0.2650240985550966,0.6662399889902435,1.05
box(2),-0.5444001842967847,0.25806000881068275,1.05
box(1),-0.27801537194447906,0.4479584135462178,1.05
box(0),-0.6163914187203399,0.459439060085781,1.05
box(8),-0.7021983372573719,0.7123965022120111,1.05
box(7),-0.7096896581344789,0.27348890083946475,1.05
box(6),-0.5039102630223842,0.7722588097679925,1.05
box(5),-0.4220907788745739,0.6438758692584212,1.05
box(4),-0.2971844048138694,0.21217901632579883,1.05
box(3),-0.4453632962852504,0.40620496380737864,1.05
box(2),-0.202770011354896,0.6161462439870802,1.05
box(1),-0.5459816754567417,0.2691172860742098,1.05
box(0),-0.28091179924317133,0.3657493299576763,1.05
box(8),-0.5692544456484911,0.5902601264355617,1.05
box(7),-0.7681338322523634,0.5103151781944648,1.05
box(6),-0.7384000629717293,0.7035876381936279,1.05
box(5),-0.6186294166913607,0.4366917852750862,1.05
box(4),-0.4307116158835617,0.6629501780705715,1.05
box(3),-0.38002199608904375,0.244027575949291,1.05
box(2),-0.5576980740360122,0.7877975646722264,1.05
box(1),-0.31959489074403874,0.7843278238378455,1.05
box(0),-0.740446807231361,0.33856464299982114,1.05
box(8),-0.20925815911044546,0.33015773994373865,1.05
box(7),-0.23422922231886056,0.5833925994230769,1.05
box(6),-0.3558583127460565,0.47522448229148684,1.05
box(5),-0.6059010377477559,0.24085481020070282,1.05
box(4),-0.5531987435191741,0.5228241894563938,1.05
box(3),-0.7625417453952341,0.7708436276397386,1.05
box(2),-0.3477845319804952,0.24802417355950446,1.05
box(1),-0.4268948575624322,0.676556023305379,1.05
box(0),-0.7412505650119152,0.5622238847590086,1.05
box(8),-0.7471586346519365,0.3125171235405957,1.05
box(7),-0.21352722147158865,0.7944750292527925,1.05
box(6),-0.24096442749316893,0.6281488484133841,1.05
box(5),-0.26658891013599956,0.4345191605314394,1.05
box(4),-0.592681449868034,0.20028246275822548,1.05
box(3),-0.629588219810558,0.4065535273744719,1.05
box(2),-0.5344239702572323,0.5419123257628866,1.05
box(1),-0.6959343164312282,0.7739910417345537,1.05
box(0),-0.5268977766362124,0.7146717481352485,1.05
box(8),-0.329214660268883,0.2785144674430988,1.05
box(7),-0.7904078558146863,0.3828766273324571,1.05
box(6),-0.7095240852434472,0.6136571489625238,1.05
box(5),-0.3826377395021452,0.7885751252530253,1.05
box(4),-0.21014608141605143,0.624808695698879,1.05
box(3),-0.3288623508051156,0.4286443402882851,1.05
box(2),-0.49489789898600806,0.32223299867868044,1.05
box(1),-0.7042616037590874,0.21956308251675716,1.05
box(0),-0.5707124012213272,0.4763075969544093,1.05
box(8),-0.4218021470738898,0.6018540244128017,1.05
box(7),-0.23195139583764723,0.30081688706853804,1.05
box(6),-0.6506360972039897,0.7722210931429101,1.05
box(5),-0.7974088285048808,0.48733468666811314,1.05
box(4),-0.49620969581064023,0.7785088359112691,1.05
box(3),-0.2726793744252902,0.7364188254771955,1.05
box(2),-0.22041604940181583,0.4574840871145335,1.05
box(1),-0.4018297648017065,0.2922713853015042,1.05
box(0),-0.5935686647341796,0.23293891282310036,1.05
box(8),-0.5331143378491074,0.4812476383102225,1.05
box(7),-0.7834432691462294,0.656524056729197,1.05
box(6),-0.7104165921230123,0.32702228996759025,1.05
box(5),-0.22918335611345952,0.2336645308544368,1.05
box(4),-0.3276235553158009,0.565167654844782,1.05
box(3),-0.42943593139209724,0.7717361413400214,1.05
box(2),-0.5986521338912119,0.6666973784685997,1.05
box(1),-0.232949238705011,0.4353912666267341,1.05
box(0),-0.39880866004500776,0.4077099992743724,1.05
box(8),-0.4794612519502081,0.22220748054446837,1.05
box(7),-0.5364518041164402,0.5267821080385475,1.05
box(6),-0.7852786150513027,0.7211739508094686,1.05
box(5),-0.7242973178835748,0.5516819143369629,1.05
box(4),-0.7250370294286641,0.30580687063633616,1.05
box(3),-0.3030434290142994,0.6437026482320769,1.05
box(2),-0.41180447999896336,0.747907634022035,1.05
box(1),-0.3231308324726624,0.21854622608176943,1.05
box(0),-0.6232370083132879,0.7091591151882617,1.05
box(8),-0.3514221416220114,0.45053351087905896,1.05
box(7),-0.2318524674001142,0.3514616663299651,1.05
box(6),-0.5109395743907799,0.282994618576086,1.05
box(5),-0.4562415642302752,0.5710709477406195,1.05
box(4),-0.25681513628067854,0.793192803143816,1.05
box(3),-0.6282320562899326,0.4884802151634919,1.05
box(2),-0.26351108983741744,0.6227891231146717,1.05
box(1),-0.7904026853654209,0.3906592997029704,1.05
box(0),-0.4145881938917249,0.7607055112438608,1.05
box(8),-0.6846417367869548,0.7606768420519929,1.05
box(7),-0.7988585724033372,0.5824049228635291,1.05
box(6),-0.25333566242618344,0.3806987564988683,1.05
box(5),-0.5267182451747185,0.3568989750016428,1.05
box(4),-0.4303856975974675,0.20605315530325163,1.05
box(3),-0.6746206451892764,0.2326662458325158,1.05
box(2),-0.5319771715912598,0.6154692722076562,1.05
box(1),-0.26412622887649273,0.7735454808914726,1.05
box(0),-0.3457278278187953,0.5631507929971471,1.05
box(8),-0.5006688048759124,0.7691748105511149,1.05
box(7),-0.22520567451453335,0.2008737661061447,1.05
box(6),-0.7420569294664934,0.4343830995840797,1.05
box(5),-0.7500107010858477,0.671339351187596,1.05
box(4),-0.4191927990904281,0.3960449007659308,1.05
box(3),-0.5247088559080137,0.24517691359573074,1.05
box(2),-0.7042022478106444,0.20146772691580306,1.05
box(1),-0.5168468396712728,0.5448121774923697,1.05
box(0),-0.2316742750469994,0.37455396836318056,1.05
box(8),-0.2280141271242963,0.6038740019911065,1.05
box(7),-0.4908760484028883,0.7505101545759025,1.05
box(6),-0.21327387741789944,0.21362282904167723,1.05
box(5),-0.7454319357901382,0.4453352121553773,1.05
box(4),-0.2824382396728751,0.7649354995746591,1.05
box(3),-0.37365448846816407,0.4286868166850123,1.05
box(2),-0.7025482134302334,0.7040637489458756,1.05
box(1),-0.6778004000875035,0.2231791968963877,1.05
box(0),-0.4212431024774689,0.5950773146213721,1.05
box(8),-0.4538106085887629,0.24252871777816995,1.05
box(7),-0.5517542343767874,0.42902094074332653,1.05
box(6),-0.26657248474291007,0.5946023388095045,1.05
box(5),-0.5733087018299188,0.7850270913719903,1.05
box(4),-0.7208848845073412,0.404120117953053,1.05
box(3),-0.26831478635414985,0.7468167955597196,1.05
box(2),-0.29681495544016256,0.21095749635586805,1.05
box(1),-0.7876089678734113,0.7461485366528273,1.05
box(0),-0.6291011417841073,0.577428637542203,1.05
box(8),-0.3519479046514721,0.36727639302469495,1.05
box(7),-0.4593879965291593,0.666614634635927,1.05
box(6),-0.7025739201197918,0.23690537822333596,1.05
box(5),-0.5002823640224314,0.4199014207395625,1.05
box(4),-0.517408663078966,0.21382269467622644,1.05
box(3),-0.39189273556276116,0.5288255818175018,1.05
box(2),-0.2468814425239943,0.7416073190747348,1.05
box(1),-0.2313738400811225,0.2741381570482706,1.05
box(0),-0.7562355756496619,0.7617566046186708,1.05
box(8),-0.738755120443302,0.4410783665407903,1.05
box(7),-0.5847661723942181,0.7961774556396546,1.05
box(6),-0.44063377816055094,0.7440295567582114,1.05
box(5),-0.6368107334278272,0.6430239221833494,1.05
box(4),-0.24080930798014297,0.5795407946255102,1.05
box(3),-0.6393717798261362,0.2193959037309368,1.05
box(2),-0.2900327430769548,0.41335913505584804,1.05
box(1),-0.47835792420950146,0.40676470789974395,1.05
box(0),-0.29550258849743877,0.787137715688289,1.05
box(8),-0.4647184885126217,0.20149778561815848,1.05
box(7),-0.6529498383861261,0.3765584337303721,1.05
box(6),-0.791806238259291,0.4456922887522905,1.05
box(5),-0.4853498356743437,0.7432988977226032,1.05
box(4),-0.7324570814178306,0.6497038092053542,1.05
box(3),-0.3629583145057469,0.6490948830828194,1.05
box(2),-0.21919457702192896,0.25326949230816664,1.05
box(1),-0.6708418375885363,0.20477652880442684,1.05
box(0),-0.5360824312552663,0.591832158078055,1.05
box(8),-0.20174166272878602,0.5832703825893033,1.05
box(7),-0.4666413384636622,0.2422642926625526,1.05
box(6),-0.35208024798383863,0.45787525223503583,1.05
box(5),-0.26512184795255955,0.787299303962645,1.05
box(4),-0.7137846612767396,0.3999408937769322,1.05
box(3),-0.7300879988128763,0.7594209890255497,1.05
box(2),-0.7932504355766692,0.584649554505436,1.05
box(1),-0.36866215143473746,0.6627917421380507,1.05
box(0),-0.74824561895969,0.2350696388673011,1.05
box(8),-0.5788713665929213,0.5536495977965273,1.05
box(7),-0.2228937643843386,0.2864511837416315,1.05
box(6),-0.4997109866973719,0.7519602965091889,1.05
box(5),-0.5598863520436642,0.20843847311474617,1.05
box(4),-0.36467854472645533,0.2193986598260356,1.05
box(3),-0.39800072584788326,0.4171262240079308,1.05
box(2),-0.6977217225819523,0.7136837344532547,1.05
box(1),-0.6527660192703579,0.36364397296751316,1.05
box(0),-0.31847895492647266,0.7367960548369819,1.05
box(8),-0.2808030802181017,0.5867908923248746,1.05
box(7),-0.5412959216188591,0.5708796708316395,1.05
box(6),-0.7150397737649765,0.5581526989462087,1.05
box(5),-0.7992917851877024,0.24793650055698238,1.05
box(4),-0.20467805442562276,0.4524685549289167,1.05
box(3),-0.2661949447215954,0.22279553568600202,1.05
box(2),-0.4139475709836075,0.4885333111388999,1.05
box(1),-0.6973105199544667,0.7331781246672848,1.05
box(0),-0.46717150569596483,0.7761861554372604,1.05
box(8),-0.45952652471931493,0.31516566805275315,1.05
box(7),-0.2995386411906998,0.666495129816356,1.05
box(6),-0.5430037374949767,0.6113665881402911,1.05
box(5),-0.6510676818983545,0.29303285466432655,1.05
box(4),-0.7919416617909931,0.5487361680432534,1.05
box(3),-0.2946147820869901,0.3959816917533153,1.05
box(2),-0.2919711322179511,0.21233304845349021,1.05
box(1),-0.5503279984165363,0.4347672831644833,1.05
box(0),-0.783213659300545,0.7430460534181873,1.05
box(8),-0.6366912313209554,0.7946457778148537,1.05
box(7),-0.49351941289492196,0.21168020982049057,1.05
box(6),-0.4016857268483819,0.7226655564616651,1.05
box(5),-0.5708496196020898,0.6523447521857,1.05
box(4),-0.6493350318582698,0.2744594638667609,1.05
box(3),-0.20492581044340882,0.62881928443626,1.05
box(2),-0.7433267233081526,0.48386520496742685,1.05
box(1),-0.31740528573580506,0.37468582870911327,1.05
box(0),-0.48578275039747765,0.4060465680612121,1.05
box(8),-0.2177082361337201,0.24150258490275195,1.05
box(7),-0.7727916281043501,0.6656250404663695,1.05
box(6),-0.3895004258334705,0.5243486783842845,1.05
box(5),-0.39470739913590236,0.2202028222991152,1.05
box(4),-0.4126352136765202,0.7778189926305443,1.05
box(3),-0.6130964703406152,0.5813484645011842,1.05
box(2),-0.6053082910751262,0.7794658969446575,1.05
box(1),-0.6931761616229994,0.2536155357942257,1.05
box(0),-0.23327227602757616,0.5271339828702937,1.05
box(8),-0.6249961447256704,0.406118024937525,1.05
box(7),-0.20048406672632238,0.32855528639013176,1.05
box(6),-0.7970656046416345,0.46576210788170597,1.05
box(5),-0.4615990870143699,0.37108269445059217,1.05
box(4),-0.3693018487212092,0.2027909811279783,1.05
box(3),-0.7655599818686567,0.6872915722278201,1.05
box(2),-0.29392127239013344,0.6863492312880793,1.05
box(1),-0.5609821524554524,0.6770700099527656,1.05
box(0),-0.6478867834297155,0.23061283662987203,1.05
box(8),-0.3125701187824692,0.45811094431711663,1.05
box(7),-0.5364164424392714,0.5260968034100011,1.05
box(6),-0.4523569510243538,0.7823052578851215,1.05
box(5),-0.7907867042119874,0.3729174840763334,1.05
box(4),-0.5250697638854366,0.3318414748614785,1.05
box(3),-0.2854916317468862,0.20966264395146025,1.05
box(2),-0.7135567896899684,0.5125074472252121,1.05
box(1),-0.24266718313943786,0.6298482010944397,1.05
box(0),-0.401336043702504,0.6365923337603707,1.05
box(8),-0.6293949963483797,0.6974795263288163,1.05
box(7),-0.3432401730451523,0.424621989005372,1.05
box(6),-0.7775155022255857,0.7788645341298452,1.05
box(5),-0.6775886503952822,0.22435489031360978,1.05
box(4),-0.538972021190222,0.5739010303571532,1.05
box(3),-0.49218382332807353,0.22875712213023355,1.05
box(2),-0.39108260019965096,0.7916448540980616,1.05
box(1),-0.28666798381894104,0.25230587313421515,1.05
box(0),-0.24130319479103923,0.6020815942996267,1.05
box(8),-0.7375429184783504,0.4467941429412742,1.05
box(7),-0.3936727362779504,0.6186121704764824,1.05
box(6),-0.21371016424432404,0.788334189291878,1.05
box(5),-0.770590449944573,0.6272956473744459,1.05
box(4),-0.6563769123919789,0.7762945030942165,1.05
box(3),-0.49920185530820466,0.437783885386197,1.05
box(2),-0.5088008472554868,0.2339832379220068,1.05
box(1),-0.4373107475734113,0.7773747607965709,1.05
box(0),-0.7594622649619656,0.21690716864496873,1.05
box(8),-0.30698186311536513,0.23081546487138063,1.05
box(7),-0.24920913785252358,0.5395534661830164,1.05
box(6),-0.6710108692107313,0.3444420458140941,1.05
box(5),-0.5856765073703212,0.5626195891271142,1.05
box(4),-0.778763316248823,0.5617899448570153,1.05
box(3),-0.6746337501597506,0.7860837647836048,1.05
box(2),-0.27582089422584105,0.7459535378053359,1.05
box(1),-0.30003230978830864,0.39263519195820357,1.05
box(0),-0.5037541398447116,0.368013459960547,1.05
box(8),-0.4080040553466009,0.6062151501361717,1.05
box(7),-0.5722272416332004,0.21505349147071717,1.05
box(6),-0.23536285888496528,0.5731912458361973,1.05
box(5),-0.4019278262506065,0.21741435304016177,1.05
box(4),-0.7632337321907601,0.35371568138497883,1.05
box(3),-0.4432214657415863,0.7613948732100102,1.05
box(2),-0.7112330801421605,0.7196735108113648,1.05
box(1),-0.7082414914902548,0.5407316706694987,1.05
box(0),-0.2004914226434592,0.3022884426924313,1.05
box(8),-0.2801472788160655,0.7499705326779464,1.05
box(7),-0.5634828186788958,0.6433127079917087,1.05
box(6),-0.41894388691859774,0.39866956126270214,1.05
box(5),-0.29277493041678726,0.5491967497786026,1.05
box(4),-0.587259657103599,0.3622035147417998,1.05
box(3),-0.6736250326446956,0.2009615980582645,1.05
box(2),-0.3562193991225753,0.2266851269513326,1.05
box(1),-0.7498580290542065,0.3328873470041057,1.05
box(0),-0.43790457420318374,0.7711247573570901,1.05
box(8),-0.6346120126521291,0.7939188863559354,1.05
box(7),-0.7048153657461784,0.5798753128530816,1.05
box(6),-0.4996366627732897,0.5409144601148758,1.05
box(5),-0.23935352660813386,0.3402859322276133,1.05
box(4),-0.22626730017917254,0.6648573907371328,1.05
box(3),-0.7957375965183313,0.7785351750244973,1.05
box(2),-0.48385619050408996,0.33531310486113675,1.05
box(1),-0.32740063080807014,0.4921231525038144,1.05
box(0),-0.7267330744984797,0.38293089980995165,1.05
box(8),-0.6114409852887323,0.22719043128939942,1.05
box(7),-0.4310889089720146,0.6915407042001488,1.05
box(6),-0.78244896826939,0.5814852121818704,1.05
box(5),-0.5187333282245489,0.5064302383585781,1.05
box(4),-0.635417544530982,0.7523702551454738,1.05
box(3),-0.2548742842648892,0.7640859069544936,1.05
box(2),-0.2265804364135433,0.23271624241233752,1.05
box(1),-0.42336236521031195,0.30264603327169537,1.05
box(0),-0.27991536826792085,0.47857651681784685,1.05
box(8),-0.7253965816756034,0.36545286123249576,1.05
box(7),-0.5768965267724644,0.23162843319951723,1.05
box(6),-0.4182249877839574,0.6470572620699473,1.05
box(5),-0.7016397963682615,0.5426134848803585,1.05
box(4),-0.5208038960705699,0.47908344077629866,1.05
box(3),-0.7108600242328342,0.7232564027291486,1.05
box(2),-0.257909265504733,0.6923376682700288,1.05
box(1),-0.5013930396292321,0.7890178220997002,1.05
box(0),-0.354563233804223,0.2680352386775557,1.05
box(8),-0.2389344155340546,0.5428441903361525,1.05
box(7),-0.767550228378115,0.2152583638676155,1.05
box(6),-0.5470181050824654,0.3022539267718643,1.05
box(5),-0.23447152266456245,0.3764532968042219,1.05
box(4),-0.781345961249007,0.4616138911982453,1.05
box(3),-0.4381119296074548,0.6470888064844784,1.05
box(2),-0.4305014171737572,0.4391636144998416,1.05
box(1),-0.5995342785036979,0.505401261695347,1.05
box(0),-0.5358997111744064,0.7873091073651979,1.05
box(8),-0.25781122720893546,0.7725600893425124,1.05
box(7),-0.7729697798422039,0.676818681217954,1.05
box(6),-0.40781824956359436,0.241236606283816,1.05
box(5),-0.5817022800222024,0.26090906168003153,1.05
box(4),-0.7408836725932981,0.3071394100218422,1.05
box(3),-0.22498472606411737,0.46303158738682926,1.05
box(2),-0.7766669214368054,0.5208401784063947,1.05
box(1),-0.4184363298238148,0.574590476346406,1.05
box(0),-0.4635306023859824,0.3981196570970563,1.05
box(8),-0.5663073081535156,0.5168665271937835,1.05
box(7),-0.24731146448453706,0.6969298601654649,1.05
box(6),-0.670102193683572,0.6620907901430559,1.05
box(5),-0.2825509131259306,0.30004229306652097,1.05
box(4),-0.4952686834754373,0.7157924854223727,1.05
box(3),-0.7197447045061525,0.28659341666472216,1.05
box(2),-0.775024276284791,0.7716051589288853,1.05
box(1),-0.5531293210090522,0.2611153087427528,1.05
box(0),-0.3459172450742235,0.5787807466966342,1.05
box(8),-0.7588743144466588,0.4361551045778386,1.05
box(7),-0.5479942459821546,0.5498051130706407,1.05
box(6),-0.2214057122513695,0.6904440117884332,1.05
box(5),-0.771166170239324,0.6154651474927557,1.05
box(4),-0.3669846294044728,0.4083008017695733,1.05
box(3),-0.22194626666436515,0.32902999581060405,1.05
box(2),-0.401056385350543,0.7704544002141835,1.05
box(1),-0.5967371505150398,0.717732751653902,1.05
box(0),-0.49512839437131256,0.3107761919190093,1.05
box(8),-0.6701896308998891,0.2384598618529311,1.05
box(7),-0.6407587431109103,0.4175529021379159,1.05
box(6),-0.5138450203992004,0.5337955064916136,1.05
box(5),-0.2866064771166129,0.6449685776182299,1.05
box(4),-0.7656223064095378,0.5429717033569602,1.05
box(3),-0.33386544299678167,0.49218399896093157,1.05
box(2),-0.21141933437179805,0.22835160353832254,1.05
box(1),-0.7728903583132603,0.7158211491684219,1.05
box(0),-0.41410762140394763,0.7303970900593775,1.05
box(8),-0.45900024088696495,0.366556302836736,1.05
box(7),-0.7525079539295172,0.257870861550229,1.05
box(6),-0.56689383098057,0.21002859311161037,1.05
box(5),-0.5521935101039056,0.5206358398925452,1.05
box(4),-0.5579393705011138,0.7800923286140558,1.05
box(3),-0.7659383469515457,0.5305184818058262,1.05
box(2),-0.2287098066787222,0.5104051964168984,1.05
box(1),-0.28368556610264,0.25206117787595095,1.05
box(0),-0.2514293558275026,0.682658933039165,1.05
box(8),-0.743651513993504,0.7728871520450658,1.05
box(7),-0.4683051104763909,0.3357430922187251,1.05
box(6),-0.3744227743585675,0.5546376108458264,1.05
box(5),-0.3878701881886233,0.7939466793870993,1.05
box(4),-0.6315337076232588,0.6315449809503177,1.05
box(3),-0.7029871048405618,0.3766000621376145,1.05
box(2),-0.7802532705662613,0.5422681545561066,1.05
box(1),-0.525184406699224,0.509654406408717,1.05
box(0),-0.2664897724092795,0.3560172671330606,1.05
box(8),-0.7826808278640853,0.22616690251013713,1.05
box(7),-0.5722764434467553,0.20899027143780485,1.05
box(6),-0.20386370062678266,0.6038277647804392,1.05
box(5),-0.33236143732609846,0.4939034078389118,1.05
box(4),-0.4290596558791348,0.784161843555816,1.05
box(3),-0.6172066107317689,0.6649038684743549,1.05
box(2),-0.7826790444435585,0.7632933191177291,1.05
box(1),-0.7345676810221342,0.3751032382273608,1.05
box(0),-0.6046160223994249,0.4843168826096834,1.05
box(8),-0.40643674144574016,0.2933695886406762,1.05
box(7),-0.25569364176296516,0.29927057951589847,1.05
box(6),-0.604286649528174,0.2975322424892458,1.05
box(5),-0.7487022867269699,0.22347482587270262,1.05
box(4),-0.20166129834302426,0.5028293932009267,1.05
box(3),-0.2867191508559898,0.7664498309513765,1.05
box(2),-0.6153248009957517,0.7384885709273774,1.05
box(1),-0.36706016613661285,0.5165289836675802,1.05
box(0),-0.7684890089503633,0.7491977729292301,1.05
box(8),-0.7132431619668937,0.6046605728880718,1.05
box(7),-0.5997619008331027,0.44827154040583705,1.05
box(6),-0.4498814847889764,0.34257509870616976,1.05
box(5),-0.29239017206277984,0.20904939490533136,1.05
box(4),-0.45149609158082715,0.67943339343318,1.05
box(3),-0.7303311143253646,0.2778789007875982,1.05
box(2),-0.27457439704982567,0.37977364881865944,1.05
box(1),-0.2097048137695511,0.6144561916965192,1.05
box(0),-0.34779768061673055,0.5349810567565778,1.05
box(8),-0.22265241135722222,0.7710334303144164,1.05
box(7),-0.7075668380731484,0.7085643060118125,1.05
box(6),-0.5808924659141484,0.5149061626708393,1.05
box(5),-0.7874446194993758,0.5721748558076856,1.05
box(4),-0.5463606777968699,0.24404106172417814,1.05
box(3),-0.5682942469021457,0.7769346646727986,1.05
box(2),-0.7267571405627731,0.22058590582247514,1.05
box(1),-0.2329788910987397,0.36354143432735486,1.05
box(0),-0.44432410896608504,0.6621142529315571,1.05
box(8),-0.6490962306780486,0.36749114313691067,1.05
box(7),-0.25719568277549104,0.6415855093120424,1.05
box(6),-0.43404544312796906,0.3969504347209083,1.05
box(5),-0.2772602692505403,0.2084979899369011,1.05
box(4),-0.3551922173805432,0.7998598766282119,1.05
box(3),-0.6777945837341612,0.559367022729381,1.05
box(2),-0.706088226558707,0.7155347427421763,1.05
box(1),-0.7502532587836817,0.20025674920105663,1.05
box(0),-0.2678077580239127,0.460563953475126,1.05
box(8),-0.5384614520576136,0.21548971900908037,1.05
box(7),-0.4507361433003352,0.6443347954892749,1.05
box(6),-0.24058040394282848,0.6354163187261752,1.05
box(5),-0.6832085994271084,0.36264177493195865,1.05
box(4),-0.3455492640979439,0.20421182731659704,1.05
box(3),-0.4351987977085955,0.4167558844634198,1.05
box(2),-0.22738242122584063,0.31417342863331366,1.05
box(1),-0.7395277377011891,0.6810305977208906,1.05
box(0),-0.5703727577035298,0.7534565460190039,1.05
box(8),-0.6232152558938425,0.5214682553067216,1.05
box(7),-0.7538276538613788,0.20897393768729305,1.05
box(6),-0.38040057876287814,0.5762255758465857,1.05
box(5),-0.5804540282225963,0.21452656673823306,1.05
box(4),-0.7002205036523836,0.38280552803287815,1.05
box(3),-0.25327148001943434,0.7489576389076638,1.05
box(2),-0.4500788033954838,0.3802317068742034,1.05
box(1),-0.22856631657248566,0.3918369557440197,1.05
box(0),-0.7368188368826833,0.7773894928397593,1.05
box(8),-0.5580663044898309,0.7313287786801508,1.05
box(7),-0.6468861636257277,0.590396400411104,1.05
box(6),-0.7650000042262979,0.2173269448633886,1.05
box(5),-0.39940514700198915,0.7146119524997898,1.05
box(4),-0.5872064050324857,0.2338688129553751,1.05
box(3),-0.3504645250426768,0.5611888221860952,1.05
box(2),-0.41798466018413427,0.21018905914939112,1.05
box(1),-0.7550576355486167,0.39589468710343734,1.05
box(0),-0.2307052850044627,0.22546934903604932,1.05
box(8),-0.21142699067273157,0.738967333583098,1.05
box(7),-0.23667914690346803,0.39681506792453997,1.05
box(6),-0.7231274741384237,0.6619114190503119,1.05
box(5),-0.634688300731324,0.5265714693801802,1.05
box(4),-0.5368681612688995,0.38132922078355375,1.05
box(3),-0.4957385818822442,0.6890471803842121,1.05
box(2),-0.33142553425827315,0.6363228278743207,1.05
box(1),-0.5149209161923347,0.2083953436337573,1.05
box(0),-0.38560398268799767,0.2983207816680079,1.05
box(8),-0.7433708459302111,0.37444369897895957,1.05
box(7),-0.67452257669144,0.23371174691618055,1.05
box(6),-0.29826127409826936,0.44850930838221825,1.05
box(5),-0.20747954593934945,0.2168637949937576,1.05
box(4),-0.6794083988682594,0.6174898504634471,1.05
box(3),-0.6536668183450234,0.7864677240714284,1.05
box(2),-0.5197489947734225,0.6161333386914281,1.05
box(1),-0.4041388794666515,0.7342153581129021,1.05
box(0),-0.2246710994917317,0.7309684273510242,1.05
box(8),-0.529081249975339,0.39580819241562004,1.05
box(7),-0.7025895867654006,0.4548156896101298,1.05
box(6),-0.7052783932637183,0.28570258588081465,1.05
box(5),-0.315491212580257,0.4268169092710153,1.05
box(4),-0.3030356579459768,0.22307041921338,1.05
box(3),-0.7116465966016343,0.6403891521423211,1.05
box(2),-0.47825641492592114,0.21527387246183585,1.05
box(1),-0.6471125748469027,0.7762975929728102,1.05
box(0),-0.3180620768509683,0.6074762362172912,1.05
box(8),-0.3127304521676235,0.7870388351536661,1.05
box(7),-0.4622985965487123,0.7373808866837772,1.05
box(6),-0.5456674029067237,0.6038790741238194,1.05
box(5),-0.6234027771361093,0.4371112338884774,1.05
box(4),-0.34056612508585116,0.36855844483971856,1.05
box(3),-0.7141856367833253,0.2968892455412945,1.05
box(2),-0.7774002248551062,0.7004195541226872,1.05
box(1),-0.5265966466988776,0.21280861975741996,1.05
box(0),-0.2400860021359994,0.20589881093359522,1.05
box(8),-0.2853998836391956,0.5877460098724897,1.05
box(7),-0.6323824808456275,0.7639374056311607,1.05
box(6),-0.3320844529160072,0.7404619627666718,1.05
box(5),-0.4702053828122302,0.6325024122806635,1.05
box(4),-0.7727549597466699,0.4795379775355832,1.05
box(3),-0.5584325824766759,0.4400235375240679,1.05
box(2),-0.7064348019057884,0.32160498801479837,1.05
box(1),-0.6169415520980037,0.5855263795443899,1.05
box(0),-0.26858319151272814,0.37980554547760487,1.05
box(8),-0.27883047972519936,0.2186230001251542,1.05
box(7),-0.39607430731571686,0.49865519580477885,1.05
box(6),-0.7884299937761099,0.6295213333221876,1.05
box(5),-0.471288764132535,0.3098461302236074,1.05
box(4),-0.3228966798087181,0.6857791145136007,1.05
box(3),-0.24916387283399757,0.551848919206209,1.05
box(2),-0.6016864733664827,0.7920113153297443,1.05
box(1),-0.7769737241549444,0.2103313248969036,1.05
box(0),-0.5537800151715033,0.5961498917611316,1.05
box(8),-0.621608516790665,0.42020573897502445,1.05
box(7),-0.5806602909305605,0.2026050437633244,1.05
box(6),-0.30230531005096617,0.22098986015761735,1.05
box(5),-0.3153016376510281,0.41593653109587814,1.05
box(4),-0.46115574172220547,0.4548045106879832,1.05
box(3),-0.7744701129692761,0.46991533701580046,1.05
box(2),-0.43796179709810196,0.7280819524967133,1.05
box(1),-0.7363639745312451,0.7164322375468668,1.05
box(0),-0.3148915112919697,0.6421646519354551,1.05
box(8),-0.5924015491289378,0.5952120685248887,1.05
box(7),-0.7502280531901349,0.255836097299712,1.05
box(6),-0.6016891563282627,0.3927309251850274,1.05
box(5),-0.24506107712491204,0.7793756395486255,1.05
box(4),-0.25056463091889924,0.3289584884255613,1.05
box(3),-0.45370520313096285,0.21751218368433398,1.05
box(2),-0.7989591692754683,0.5571949488588273,1.05
box(1),-0.38396026345387035,0.497214094729734,1.05
box(0),-0.5451345664476783,0.7690588535921385,1.05
box(8),-0.20573768331248282,0.5537966855074774,1.05
box(7),-0.6593276082568328,0.6664908725204823,1.05
box(6),-0.7336900567489106,0.22659118954577895,1.05
box(5),-0.5896746331871462,0.41034639479168067,1.05
box(4),-0.3468374104699201,0.7966218616923761,1.05
box(3),-0.2697340366634472,0.25292098360095017,1.05
box(2),-0.4984849797990855,0.22079743269675833,1.05
box(1),-0.5117661129759523,0.5823813721567197,1.05
box(0),-0.7941529205077318,0.5105330298947918,1.05
box(8),-0.3171906180982098,0.4430228033012184,1.05
box(7),-0.2791596301539799,0.6336424841112851,1.05
box(6),-0.7820388968164798,0.7950870077320804,1.05
box(5),-0.6623683881010002,0.6897667255564307,1.05
box(4),-0.7013409948199234,0.20285417292849858,1.05
box(3),-0.3078672280661583,0.7967881086396558,1.05
box(2),-0.33747939605925453,0.2937552032646657,1.05
box(1),-0.6414019110261979,0.4070326874903248,1.05
box(0),-0.4582094038321629,0.38702778977191465,1.05
box(8),-0.5105775159808151,0.6699279408958811,1.05
box(7),-0.5443338047832156,0.2378164415895323,1.05
box(6),-0.7334835338186798,0.525709958607431,1.05
box(5),-0.26753304261562927,0.4305246507735349,1.05
box(4),-0.6759846733329444,0.6839361542398636,1.05
box(3),-0.21298312170216568,0.6763464852271468,1.05
box(2),-0.7301795441154646,0.25322945611881886,1.05
box(1),-0.34785477378771723,0.2717084136003201,1.05
box(0),-0.3850287532841388,0.7525594242352975,1.05
box(8),-0.44706138171862164,0.45138868675110483,1.05
box(7),-0.5276790228320617,0.6151828479842246,1.05
box(6),-0.6547322713992945,0.39132520675801885,1.05
box(5),-0.5001120960326836,0.28799090814687656,1.05
box(4),-0.22860039821533318,0.3919930772004065,1.05
box(3),-0.7751560952406795,0.7604121384505538,1.05
box(2),-0.2120492556022342,0.7441532178660242,1.05
box(1),-0.36872612109542824,0.5919893009508848,1.05
box(0),-0.7713796419534487,0.5941790506262346,1.05
box(8),-0.3634615005377897,0.7607261746493457,1.05
box(7),-0.7922791566005976,0.24434791854884425,1.05
box(6),-0.6248320649656788,0.7095305383688524,1.05
box(5),-0.6305287391705465,0.4497321251542189,1.05
box(4),-0.3450126109076344,0.20803175219255823,1.05
box(3),-0.522581288690097,0.5727528980421305,1.05
box(2),-0.4713369345192388,0.36954856377416834,1.05
box(1),-0.23709805875124199,0.40987909689414803,1.05
box(0),-0.26217822516512934,0.6347710304369336,1.05
box(8),-0.7819152420720981,0.6249073343491371,1.05
box(7),-0.7821363000213131,0.42630910046871406,1.05
box(6),-0.5748939029808209,0.24068773714824995,1.05
box(5),-0.6248158910252328,0.7455024237586414,1.05
box(4),-0.767760379451262,0.23237156126145964,1.05
box(3),-0.4015772373333999,0.7792669496939968,1.05
box(2),-0.33897498472787013,0.2821091292613508,1.05
box(1),-0.5591957525706482,0.5950172127948543,1.05
box(0),-0.4659187556794957,0.3965376965375279,1.05
box(8),-0.20942397914186425,0.5949268539628731,1.05
box(7),-0.2183786483653858,0.7463298612717253,1.05
box(6),-0.7412586858241967,0.4010074654235115,1.05
box(5),-0.36327921866637836,0.5144372617126112,1.05
box(4),-0.690956343425873,0.745096086097025,1.05
box(3),-0.5542671292454671,0.2503755701231324,1.05
box(2),-0.5031281107666242,0.7741333779220849,1.05
box(1),-0.2701881342522659,0.27394815083208524,1.05
box(0),-0.7196210255857336,0.595011243734576,1.05
box(8),-0.5318976534193407,0.49742105995845487,1.05
box(7),-0.23206121655962286,0.5880942213199223,1.05
box(6),-0.7196955415631252,0.23811032291504125,1.05
box(5),-0.7924871086901373,0.4202565854969835,1.05
box(4),-0.37915666337194204,0.39920527904432757,1.05
box(3),-0.7859272893587044,0.7335849380529442,1.05
box(2),-0.23448924303338575,0.7542999080876609,1.05
box(1),-0.43009924459485893,0.2203407548366902,1.05
box(0),-0.446019211347256,0.6450656422090922,1.05
box(8),-0.5962298073885548,0.7023863501195389,1.05
box(7),-0.26439526616472137,0.30124891217816907,1.05
box(6),-0.31159119970645743,0.5747178487001945,1.05
box(5),-0.6101063555662951,0.22939299377301758,1.05
box(4),-0.5661632172684224,0.4277403405665481,1.05
box(3),-0.7838129962562268,0.40485900837981426,1.05
box(2),-0.7619565743650014,0.23231971777786153,1.05
box(1),-0.7767537828616715,0.7700483747255611,1.05
box(0),-0.6590947012408284,0.5656326714512194,1.05
box(8),-0.3930232966014484,0.42031116787745165,1.05
box(7),-0.4359126126625077,0.738571677090478,1.05
box(6),-0.21797248436442954,0.4440690072950072,1.05
box(5),-0.21935685531565163,0.6501392944312292,1.05
box(4),-0.20782947378824013,0.23693308714104275,1.05
box(3),-0.5086724009836845,0.5578609959832019,1.05
box(2),-0.39671651067839603,0.20611557704992442,1.05
box(1),-0.6216897484787156,0.37579577914242523,1.05
box(0),-0.7376283842952498,0.23834962249982355,1.05
box(8),-0.7983030821498165,0.5324625311452955,1.05
box(7),-0.3583897253035232,0.3820732143337886,1.05
box(6),-0.5352441615069528,0.710173545165198,1.05
box(5),-0.3608453963912316,0.7332270465669726,1.05
box(4),-0.6875179651729049,0.6875257178771144,1.05
box(3),-0.24127413772046452,0.5602113170637425,1.05
box(2),-0.5040138859580723,0.5209014629855451,1.05
box(1),-0.48688886655265357,0.2235653113156343,1.05
box(0),-0.680013117364952,0.40336708553464906,1.05
box(8),-0.7158120329275373,0.25156507935049016,1.05
box(7),-0.7810371991407068,0.5278619176857022,1.05
box(6),-0.20575395266525062,0.7898117375274811,1.05
box(5),-0.2730229491707661,0.22080207458548365,1.05
box(4),-0.46747106210309547,0.7098068034271963,1.05
box(3),-0.6552952779491985,0.6484993999116699,1.05
box(2),-0.3151907147405372,0.6218868241873532,1.05
box(1),-0.2700780437249193,0.41842468075009487,1.05
box(0),-0.549523040235738,0.4965658427840735,1.05
box(8),-0.5111873020882836,0.24370278277908258,1.05
box(7),-0.7684493911811152,0.37041212321330685,1.05
box(6),-0.7714278607968901,0.7584820553320426,1.05
box(5),-0.715927761844714,0.22162505020865642,1.05
box(4),-0.28959957801261876,0.7768688116370217,1.05
box(3),-0.28026179501060866,0.2104431671295095,1.05
box(2),-0.5581641006259699,0.716631569714191,1.05
box(1),-0.283885735579112,0.6175955639180255,1.05
box(0),-0.21000468373412617,0.3608359362093919,1.05
box(8),-0.42445268829984617,0.4466548190197268,1.05
box(7),-0.7452012507440633,0.5886338574821333,1.05
box(6),-0.583744624720001,0.3084553712391452,1.05
box(5),-0.727031434328625,0.7688613816958563,1.05
box(4),-0.5961203368505497,0.5253350316581176,1.05
box(3),-0.7488443222335079,0.21814099877728169,1.05
box(2),-0.715293351997381,0.4151755209204151,1.05
box(1),-0.5513142028912308,0.7659903836023225,1.05
box(0),-0.3675471957114564,0.7577115248588235,1.05
box(8),-0.26688079886394916,0.5992499993144274,1.05
box(7),-0.24788056448140855,0.26876591791494614,1.05
box(6),-0.443747965136136,0.20613935589986077,1.05
box(5),-0.3545182665749985,0.3833056428336782,1.05
box(4),-0.7864173650083994,0.68114701501122,1.05
box(3),-0.21471661373548653,0.7998924817105917,1.05
box(2),-0.5077679400439759,0.49490961483107493,1.05
box(1),-0.5555406358196068,0.3182903527411542,1.05
box(0),-0.7587012637612192,0.31059456491872484,1.05
box(8),-0.6459579378972011,0.6280363750368392,1.05
box(7),-0.4122554257454909,0.7861568737606619,1.05
box(6),-0.2135220325908993,0.5020244466413062,1.05
box(5),-0.3533806031787958,0.6142419424142297,1.05
box(4),-0.40952512437263633,0.248146975721923,1.05
box(3),-0.2244650757173147,0.31290391050021416,1.05
box(2),-0.7766584847194198,0.7511175569142587,1.05
box(1),-0.6200818433326727,0.7920135809169728,1.05
box(0),-0.580773526295139,0.29307926146722907,1.05
box(8),-0.3868341440520482,0.4600659913344684,1.05
box(7),-0.5112811345689774,0.6392145523211326,1.05
box(6),-0.7230047775581607,0.2210386782072583,1.05
box(5),-0.24129656413064116,0.754070013930926,1.05
box(4),-0.7696831013516523,0.41271992180685435,1.05
box(3),-0.6969250342552231,0.5524385740260385,1.05
box(2),-0.5369658129379004,0.4409420820848182,1.05
box(1),-0.7820381140161246,0.7772412633616841,1.05
box(0),-0.205647049018132,0.2652549186494086,1.05
box(8),-0.5707304792721826,0.28439064390852636,1.05
box(7),-0.3195153649109124,0.5215326002939666,1.05
box(6),-0.4166753265155474,0.7512002281803183,1.05
box(5),-0.48581865964568954,0.6108927955675639,1.05
box(4),-0.2666297699481165,0.7925953208673111,1.05
box(3),-0.6917437348944497,0.3986311582805109,1.05
box(2),-0.7037150168983035,0.6239499767259467,1.05
box(1),-0.4073198231551789,0.37777612769064794,1.05
box(0),-0.7724495426782916,0.7917491931084504,1.05
box(8),-0.774552560984382,0.27249740338603673,1.05
box(7),-0.23963447165566498,0.3238338161583804,1.05
box(6),-0.24113358947754093,0.5861419090818081,1.05
box(5),-0.5257336577760984,0.7676276089039697,1.05
box(4),-0.5936090315971653,0.2344288103225157,1.05
box(3),-0.2779055314610954,0.7749847715170315,1.05
box(2),-0.5014924895510073,0.5458246072195724,1.05
box(1),-0.6771641566886943,0.5049293030126438,1.05
box(0),-0.38053296446667373,0.2451956743083578,1.05
box(8),-0.762224098412756,0.7251644339079282,1.05
box(7),-0.7994700980030831,0.3942754876748039,1.05
box(6),-0.752350277306326,0.2518607962115487,1.05
box(5),-0.4057808151496805,0.6613326742211891,1.05
box(4),-0.2564272707073566,0.4889642113094914,1.05
box(3),-0.21861257796082845,0.31418115883873454,1.05
box(2),-0.5429888642011085,0.2459600450455011,1.05
box(1),-0.44115993749462756,0.5011993520892184,1.05
box(0),-0.6418922321682591,0.36291685703801424,1.05
box(8),-0.6401393840957135,0.6040504524327199,1.05
box(7),-0.6861580661448122,0.7660755773332697,1.05
box(6),-0.7717146059030566,0.48645971739363325,1.05
box(5),-0.7275402940273172,0.23388940942408093,1.05
box(4),-0.32045429788118157,0.7590490947410085,1.05
box(3),-0.4566457324248882,0.6559710160974512,1.05
box(2),-0.24224210691798392,0.5678543267665425,1.05
box(1),-0.5143998135738475,0.24251110285500685,1.05
box(0),-0.2784417330683895,0.21160873641738945,1.05
box(8),-0.41370144353599725,0.49192962979696425,1.05
box(7),-0.6244740901250534,0.4380302175822008,1.05
box(6),-0.7707721077029692,0.6548692778650065,1.05
box(5),-0.5879870371086918,0.7472172773616264,1.05
box(4),-0.7145431493842884,0.2755973188045725,1.05
box(3),-0.2743942601641093,0.40203540218616357,1.05
box(2),-0.4903326331051413,0.6250654305516912,1.05
box(1),-0.2779906877976084,0.5772127237048499,1.05
box(0),-0.2812254978110315,0.7482597520625831,1.05
box(8),-0.798135979710558,0.4493762456629644,1.05
box(7),-0.40748950780903814,0.2467639282242085,1.05
box(6),-0.47191770228233626,0.38330539977696765,1.05
box(5),-0.7379060525660626,0.6668509880512772,1.05
box(4),-0.6250884813987576,0.5267005878756122,1.05
box(3),-0.5927527335208091,0.22969892457054852,1.05
box(2),-0.5582123380811901,0.7761759520950575,1.05
box(1),-0.20964953027532793,0.3864179741889482,1.05
box(0),-0.43921732181027273,0.5909127566932895,1.05
box(8),-0.20276994132652504,0.7454765404865202,1.05
box(7),-0.2632264778005335,0.5565459708044083,1.05
box(6),-0.23018511227992175,0.20224763621378547,1.05
box(5),-0.35969488108639514,0.7475967913598107,1.05
box(4),-0.527798609249257,0.3789681842121929,1.05
box(3),-0.7270588337002617,0.5946689546462373,1.05
box(2),-0.7988607782157475,0.3523636512969215,1.05
box(1),-0.6665179992636605,0.24825502938994334,1.05
box(0),-0.7803956939492032,0.7869013309864352,1.05
box(8),-0.3765781022985598,0.36979219074945513,1.05
box(7),-0.474917938555835,0.20889950080598485,1.05
box(6),-0.24040340567418078,0.49929580016058234,1.05
box(5),-0.226935994416135,0.2712125029225192,1.05
box(4),-0.5282206718220217,0.6829945588318678,1.05
box(3),-0.26655756681880727,0.7957742235989571,1.05
box(2),-0.6269948515009665,0.5100394175474983,1.05
box(1),-0.32256212738497664,0.6265031237510444,1.05
box(0),-0.618062915303971,0.35759712171394453,1.05
box(8),-0.7708787634236607,0.6153899758678203,1.05
box(7),-0.6988427218482942,0.20125020339481514,1.05
box(6),-0.7915761738303593,0.4466031327664437,1.05
box(5),-0.4565259307161505,0.20792517488009518,1.05
box(4),-0.30430550248469856,0.21250792512781544,1.05
box(3),-0.26765445610848176,0.4236754053134359,1.05
box(2),-0.7733641283556145,0.7988660635719493,1.05
box(1),-0.45693368054311273,0.3999963494093859,1.05
box(0),-0.44725951141951203,0.7327277495686504,1.05
box(8),-0.6237205600735796,0.5474699202126843,1.05
box(7),-0.301148589464928,0.6955722480714704,1.05
box(6),-0.2039025057102121,0.5805019462121199,1.05
box(5),-0.6956679121827807,0.2720630562286487,1.05
box(4),-0.39691138431976547,0.5748394254076687,1.05
box(3),-0.27986741536276166,0.2419477601436793,1.05
box(2),-0.7829742402044781,0.5840963077819636,1.05
box(1),-0.7057641473520244,0.7242006491159634,1.05
box(0),-0.4325005181510349,0.40323944859672073,1.05
box(8),-0.5283279885159027,0.7558715091574368,1.05
box(7),-0.6195095052057773,0.5060613000717458,1.05
box(6),-0.5194240425610532,0.21554289935490425,1.05
box(5),-0.2467723069875851,0.6076167624886035,1.05
box(4),-0.32386749979131757,0.7693005470289576,1.05
box(3),-0.7374125376895693,0.2264882704672757,1.05
box(2),-0.25069786860051624,0.4074047239090908,1.05
box(1),-0.21491631185684648,0.2307799680632633,1.05
box(0),-0.7767307333453881,0.6612200368134789,1.05
box(8),-0.7981869898321974,0.41484027348840435,1.05
box(7),-0.4307126787471152,0.6446381267874691,1.05
box(6),-0.39997092497181114,0.34713596776080374,1.05
box(5),-0.6808054505672081,0.7832003355033859,1.05
box(4),-0.6140611490116352,0.47545036574848787,1.05
box(3),-0.23167750133949128,0.6401962673906072,1.05
box(2),-0.5184653530701826,0.21515365706888925,1.05
box(1),-0.36808855071465074,0.7920767688665957,1.05
box(0),-0.7117920808528033,0.21434104758483943,1.05
box(8),-0.7573291907345574,0.5813038214154362,1.05
box(7),-0.22722793771869368,0.3913159636501566,1.05
box(6),-0.5315849833765367,0.6501030578523521,1.05
box(5),-0.3620198335954332,0.5621350206191265,1.05
box(4),-0.6614450267925689,0.7943268588756618,1.05
box(3),-0.47113542618262294,0.3752524453053118,1.05
box(2),-0.65788202704339,0.45060899803151283,1.05
box(1),-0.5212626743191618,0.20549931311971995,1.05
box(0),-0.20612880161930458,0.7624793835032928,1.05
box(8),-0.341762721319644,0.279310309534159,1.05
box(7),-0.4543905013391737,0.7834865074534183,1.05
box(6),-0.2319534293000459,0.40152274647388553,1.05
box(5),-0.6700553767473978,0.24610254405667992,1.05
box(4),-0.374047337201913,0.5349267663432935,1.05
box(3),-0.6674181132843042,0.6342479832960153,1.05
box(2),-0.728883082388281,0.7852749665003926,1.05
box(1),-0.5608383712927554,0.3852498324007002,1.05
box(0),-0.79120729354539,0.39194079973323126,1.05
box(8),-0.2173535681843794,0.6442596722850403,1.05
box(7),-0.44063870055810556,0.25987322845278227,1.05
box(6),-0.4333653200039172,0.7267812540722194,1.05
box(5),-0.28602459090459353,0.23425347096909743,1.05
box(4),-0.7228023195646309,0.2326565529735897,1.05
box(3),-0.27235184040161453,0.7875341094239097,1.05
box(2),-0.3001378058959372,0.4501232487891082,1.05
box(1),-0.7569290635928934,0.7277410289589406,1.05
box(0),-0.6164386779377471,0.6270170480476926,1.05
box(8),-0.5843318063864499,0.3225582767102753,1.05
box(7),-0.4796195947262158,0.46769447050772933,1.05
box(6),-0.27707710458986756,0.6263162438328098,1.05
box(5),-0.5003247836293315,0.7256412361599032,1.05
box(4),-0.752840227655512,0.47759756040696055,1.05
box(3),-0.3150407445977887,0.2830647249085195,1.05
box(2),-0.7524661709729723,0.2102049151581106,1.05
box(1),-0.2617212020261861,0.7904594280339923,1.05
box(0),-0.21691419832837863,0.4645176950255141,1.05
box(8),-0.7238433128937192,0.7135217607631574,1.05
box(7),-0.4558488183499585,0.22684995271351618,1.05
box(6),-0.543199926702091,0.37568526065956037,1.05
box(5),-0.396972379340225,0.5555905176133678,1.05
box(4),-0.5361222189495962,0.6858645302524583,1.05
box(3),-0.7312129044695082,0.4625378701084539,1.05
box(2),-0.2100751961969874,0.31214356945787325,1.05
box(1),-0.7347593622487958,0.23006179566094076,1.05
box(0),-0.3636117259281094,0.3655679230096279,1.05
box(8),-0.28819230893647846,0.7043169222225856,1.05
box(7),-0.7811149974569365,0.6320005465070737,1.05
box(6),-0.4922659712815772,0.2119186798032252,1.05
box(5),-0.5457832364824755,0.40600981344356524,1.05
box(4),-0.4039979986484302,0.5221396479306842,1.05
box(3),-0.5565628269264553,0.5925388902569991,1.05
box(2),-0.5122985336683996,0.7880905382304877,1.05
box(1),-0.7331317385872615,0.7756033912785476,1.05
box(0),-0.7944788887797853,0.315081501529817,1.05
box(8),-0.2033366032572292,0.5515884232560901,1.05
box(7),-0.21668017584578578,0.3115964726962913,1.05
box(6),-0.7656922646214281,0.543161000214248,1.05
box(5),-0.6237657449278872,0.24824348655063763,1.05
box(4),-0.2894034183649411,0.7658003778009654,1.05
box(3),-0.4562356608788942,0.2883751848580467,1.05
box(2),-0.6191557694471452,0.4862244680620083,1.05
box(1),-0.5207184379267076,0.741093905946105,1.05
box(0),-0.41306542127621143,0.4417881291150791,1.05
box(8),-0.7179770384781021,0.3695484153149304,1.05
box(7),-0.7532462601432479,0.7192933227966125,1.05
box(6),-0.21298591098641892,0.2772884242623901,1.05
box(5),-0.3017826672414232,0.5770936480248088,1.05
box(4),-0.6028185673739217,0.22214737898721337,1.05
box(3),-0.36100920621613775,0.7356996598606449,1.05
box(2),-0.38250988646930506,0.28320204956547845,1.05
box(1),-0.547827289703569,0.5137610747380217,1.05
box(0),-0.6046212992706324,0.6853154928136345,1.05
box(8),-0.7322395416470293,0.5462533704757762,1.05
box(7),-0.7182616343656778,0.3687185822215586,1.05
box(6),-0.7980435516114401,0.7469286947307991,1.05
box(5),-0.7794307498893569,0.2268046978819495,1.05
box(4),-0.276609377676603,0.4862557213564964,1.05
box(3),-0.22446552108957638,0.22192368065952442,1.05
box(2),-0.37665132088694786,0.7993344031793119,1.05
box(1),-0.3731897987925975,0.3020155098889812,1.05
box(0),-0.5597089584610726,0.23494787267515035,1.05
box(8),-0.4167710908450044,0.5994956163782154,1.05
box(7),-0.2662392993533522,0.6654579511700971,1.05
box(6),-0.6344698521585244,0.6216935615786702,1.05
box(5),-0.7590419424927695,0.48767629265272416,1.05
box(4),-0.47022069521273524,0.4296318278551736,1.05
box(3),-0.21035273089831716,0.3924813312334311,1.05
box(2),-0.792401615751992,0.7732411410139275,1.05
box(1),-0.2100798805779731,0.20472178409835481,1.05
box(0),-0.5782365163267247,0.7812241046358395,1.05
box(8),-0.6191039835276562,0.2532833992551204,1.05
box(7),-0.4426234247020385,0.20555610190027865,1.05
box(6),-0.35267361096220046,0.6114483776031463,1.05
box(5),-0.20230439926798152,0.7006970718120615,1.05
box(4),-0.635467335673356,0.42158761374408876,1.05
box(3),-0.6934949934442515,0.6225300448219129,1.05
box(2),-0.43475050915702024,0.48031145722903684,1.05
box(1),-0.25550977259819047,0.3548038339642894,1.05
box(0),-0.7747998312598254,0.7739893214946965,1.05
box(8),-0.4735090657981926,0.7599577684849477,1.05
box(7),-0.630385758611262,0.2487149494644723,1.05
box(6),-0.4161938153033553,0.24892001250847567,1.05
box(5),-0.7917261350552767,0.23390149703164098,1.05
box(4),-0.20729620952833872,0.6456511859203432,1.05
box(3),-0.6446819550756799,0.45083676799084327,1.05
box(2),-0.7907347412993715,0.5312757013466225,1.05
box(1),-0.667495534007291,0.6562932007591133,1.05
box(0),-0.31212363652947184,0.38454881541084973,1.05
box(8),-0.7809014805699075,0.7749512837903274,1.05
box(7),-0.5147630904338301,0.6529747192190728,1.05
box(6),-0.3576044623118435,0.659695597247317,1.05
box(5),-0.4918661937434847,0.3101529696939385,1.05
box(4),-0.6974797784625785,0.2388327524526867,1.05
box(3),-0.2199209290099118,0.7622763195624398,1.05
box(2),-0.26343565754174736,0.528620941756759,1.05
box(1),-0.23905278841086391,0.24656708486616336,1.05
box(0),-0.6233535865183794,0.43815308673933295,1.05
box(8),-0.7965737082657798,0.40411339206185526,1.05
box(7),-0.7465370186187077,0.6827370978598191,1.05
box(6),-0.5448169019022628,0.6965264396710656,1.05
box(5),-0.35142267124724746,0.6820030387990789,1.05
box(4),-0.47253402830641944,0.5429585753271773,1.05
box(3),-0.45181676989602626,0.3395754220116956,1.05
box(2),-0.6781987019143938,0.23463135789696649,1.05
box(1),-0.2731311947442141,0.5514724039609751,1.05
box(0),-0.2703599831313011,0.3841099730551383,1.05
box(8),-0.642940197201905,0.3886153163966324,1.05
box(7),-0.27212565297525115,0.22392091830701927,1.05
box(6),-0.7854436884415501,0.7663894331833878,1.05
box(5),-0.533798924236592,0.7313356467427139,1.05
box(4),-0.6380412388027095,0.5927994953241579,1.05
box(3),-0.3639585750820753,0.7757606941790076,1.05
box(2),-0.4166879345497077,0.5955902648383873,1.05
box(1),-0.209229867797879,0.7358627402523323,1.05
box(0),-0.2383288114419101,0.5863011393392437,1.05
box(8),-0.4617698073252122,0.4404904292233909,1.05
box(7),-0.31150572415461136,0.4103830343218857,1.05
box(6),-0.7482659467245867,0.3901302699966993,1.05
box(5),-0.4143711409742424,0.2821966497406779,1.05
box(4),-0.6018903336449647,0.7816651380007327,1.05
box(3),-0.6577964530480597,0.5753055074231072,1.05
box(2),-0.7775075078316898,0.6957447158914252,1.05
box(1),-0.39775020723428645,0.6537006648518932,1.05
box(0),-0.6962855764034745,0.24525336296138361,1.05
box(8),-0.22364827830048184,0.7111411186848049,1.05
box(7),-0.5540045361004053,0.4191674278891938,1.05
box(6),-0.21186813438484176,0.31369378370610235,1.05
box(5),-0.4123796138832843,0.48632711022290026,1.05
box(4),-0.44349544439933186,0.22673482287951421,1.05
box(3),-0.5234688886466903,0.7413040696352866,1.05
box(2),-0.7985621161551408,0.43881150487967385,1.05
box(1),-0.7381684766604599,0.7776791822813736,1.05
box(0),-0.27106780103348377,0.5575236421010532,1.05
box(8),-0.65980518675657,0.30580779581686846,1.05
box(7),-0.25069154083140266,0.7278221627155292,1.05
box(6),-0.6173667814313495,0.46133228292917405,1.05
box(5),-0.23084485692826706,0.30931397675471983,1.05
box(4),-0.48583622618558825,0.38726587216352043,1.05
box(3),-0.6975288526072004,0.6169653306757747,1.05
box(2),-0.3953586839460956,0.6621483087518052,1.05
box(1),-0.7731079642835308,0.41291581296746127,1.05
box(0),-0.6023575987128136,0.7414561989620714,1.05
box(8),-0.7679630726031452,0.7856869878925969,1.05
box(7),-0.33605846466289946,0.5097914223623521,1.05
box(6),-0.6455053062845073,0.23792124439496543,1.05
box(5),-0.25380984523532735,0.7345447532501401,1.05
box(4),-0.20378125680739695,0.3065267645495686,1.05
box(3),-0.4718317998288735,0.3247387001332946,1.05
box(2),-0.5419190264195064,0.5457258678521332,1.05
box(1),-0.3883286802842425,0.655992013534694,1.05
box(0),-0.6834888378911989,0.6064801874554665,1.05
box(8),-0.6238699779419907,0.4008254157931681,1.05
box(7),-0.5668597021033488,0.7725368604137925,1.05
box(6),-0.35810849927265215,0.4708070245893767,1.05
box(5),-0.6689418339999895,0.25328291285943133,1.05
box(4),-0.24793968426162302,0.7407720362034322,1.05
box(3),-0.22934772503391526,0.23111773453880255,1.05
box(2),-0.7823590927196802,0.7251724134605926,1.05
box(1),-0.41363232792923765,0.2241836218911516,1.05
box(0),-0.4624037135081426,0.585861460945798,1.05
box(8),-0.2070018318107743,0.5464360989234844,1.05
box(7),-0.5734545985664372,0.43301058750144444,1.05
box(6),-0.6081124171176981,0.7566151808666273,1.05
box(5),-0.3471406216412204,0.36723509769704665,1.05
box(4),-0.7369541076218389,0.3665914445126299,1.05
box(3),-0.3912213503926758,0.7604200527897063,1.05
box(2),-0.5712546598386589,0.23698334603822424,1.05
box(1),-0.7917746707890572,0.7828954653260556,1.05
box(0),-0.7255437670696787,0.6468515135198389,1.05
box(8),-0.3391933862331329,0.20044502152714366,1.05
box(7),-0.7261094934114336,0.21354505355923067,1.05
box(6),-0.459596606899052,0.5665543720000655,1.05
box(5),-0.6332644718763385,0.7905572661335769,1.05
box(4),-0.3532675181245948,0.42707761932881877,1.05
box(3),-0.2240665465924182,0.7175862849174861,1.05
box(2),-0.6852493012102878,0.3915045973049059,1.05
box(1),-0.3898506886521699,0.7697667085138036,1.05
box(0),-0.5326312270071112,0.39313099567183746,1.05
box(8),-0.7875964365188366,0.5444153135947121,1.05
box(7),-0.20443872223954807,0.3934355905488579,1.05
box(6),-0.7785968676785326,0.73787600084005,1.05
box(5),-0.40686853548085167,0.2371826774663245,1.05
box(4),-0.40824303204305973,0.5917159290605244,1.05
box(3),-0.6239150062095623,0.5528596107023385,1.05
box(2),-0.6182814055670247,0.2116654232128985,1.05
box(1),-0.5530153494129124,0.7495818588445451,1.05
box(0),-0.2196957088551332,0.6540173133924571,1.05
box(8),-0.6342959791429337,0.3803204529537536,1.05
box(7),-0.3572997426056206,0.446845263963838,1.05
box(6),-0.2786572415230817,0.7930185513455132,1.05
box(5),-0.21722950535095992,0.32057153241279657,1.05
box(4),-0.7482302417789592,0.6726800931590022,1.05
box(3),-0.41379468121942165,0.22102045372101578,1.05
box(2),-0.5959003128385625,0.5411545999968993,1.05
box(1),-0.6497191193176712,0.2157532783297279,1.05
box(0),-0.4501156857557019,0.7240269275361473,1.05
box(8),-0.6155166372277265,0.7674077127657937,1.05
box(7),-0.7697543338987536,0.40597861519807993,1.05
box(6),-0.27921423569405546,0.5264290855262426,1.05
box(5),-0.6031204725859926,0.3666656571256165,1.05
box(4),-0.3289318502378753,0.3558880670259342,1.05
box(3),-0.7811781050237316,0.5589453737703487,1.05
box(2),-0.7777566082232907,0.7396298250113236,1.05
box(1),-0.6050454663268873,0.6163177033597491,1.05
box(0),-0.4669636109515473,0.5475012172214756,1.05
box(8),-0.6779507838075215,0.23176170314460331,1.05
box(7),-0.2135265842921838,0.7482026320371664,1.05
box(6),-0.43139943583463225,0.7434844019283107,1.05
box(5),-0.2624049284224519,0.5683484653719153,1.05
box(4),-0.5409191894212424,0.3840159609692304,1.05
box(3),-0.22589521587788436,0.33107369128554776,1.05
box(2),-0.7954740859709135,0.44678512172003354,1.05
box(1),-0.38188148393765453,0.2155223872541151,1.05
box(0),-0.6754100531806795,0.7866532970503874,1.05
box(8),-0.6146452798713493,0.6329759920696628,1.05
box(7),-0.3765311353212152,0.46308486258907444,1.05
box(6),-0.79533834461999,0.24475892161694943,1.05
box(5),-0.20146941386741551,0.761657020861245,1.05
box(4),-0.5963337594657414,0.22959216562178725,1.05
box(3),-0.2772584350776781,0.612095326115224,1.05
box(2),-0.5037867304776757,0.35233527212087784,1.05
box(1),-0.7697797601508645,0.44833104186824646,1.05
box(0),-0.39018200520545065,0.7165920529112961,1.05
box(8),-0.23362797580085226,0.41133205758368063,1.05
box(7),-0.7358725219859175,0.7788799855758863,1.05
box(6),-0.41674593512333796,0.5474279523303616,1.05
box(5),-0.5487133166766317,0.6661728653611378,1.05
box(4),-0.33294006422241806,0.2057109046305582,1.05
box(3),-0.7119331135812781,0.21767415901542525,1.05
box(2),-0.7759733132715845,0.6235580684372721,1.05
box(1),-0.5292862995746426,0.300728677499273,1.05
box(0),-0.6615231162830761,0.5081845449711715,1.05
box(8),-0.3053512476046946,0.7825893552681773,1.05
box(7),-0.29803082325914787,0.3554980840304016,1.05
box(6),-0.7548762177459518,0.37275582326762213,1.05
box(5),-0.4734872455988488,0.7991275246672449,1.05
box(4),-0.24051270972131122,0.5344784402669445,1.05
box(3),-0.6702655076510717,0.7513215925173418,1.05
box(2),-0.46962374559999637,0.4715508753232272,1.05
box(1),-0.7883256857803989,0.2006012784331678,1.05
box(0),-0.5952077884481152,0.3061098055568875,1.05
box(8),-0.2000786156523275,0.24070088004876733,1.05
box(7),-0.6573132684926326,0.5489317643171505,1.05
box(6),-0.4231239451774815,0.2505766713724487,1.05
box(5),-0.2865534390723496,0.3714835420502437,1.05
box(4),-0.33045170188791195,0.6743721736130888,1.05
box(3),-0.49344243180401154,0.7207609907605952,1.05
box(2),-0.7362882362925254,0.7140955655724639,1.05
box(1),-0.7506333868157102,0.40597495296930186,1.05
box(0),-0.21974219242364593,0.5642687248106955,1.05
box(8),-0.5792224004404858,0.35938255093570587,1.05
box(7),-0.7802356299496009,0.23082698929761608,1.05
box(6),-0.5298014666289351,0.5665085870294667,1.05
box(5),-0.3212899831557118,0.20921762392701915,1.05
box(4),-0.4034065509210617,0.3960595522195363,1.05
box(3),-0.35469911655039743,0.787491393294111,1.05
box(2),-0.3788292533544773,0.6351288603355855,1.05
box(1),-0.5459892184088857,0.7953138361330581,1.05
box(0),-0.2055656018183903,0.3935492221834356,1.05
box(8),-0.6802002146791319,0.6913571928389873,1.05
box(7),-0.7022603235253635,0.40258364203080554,1.05
box(6),-0.21669718568707128,0.7160878375736173,1.05
box(5),-0.7420690468225282,0.20372667167373068,1.05
box(4),-0.6005307162781848,0.5540149090026676,1.05
box(3),-0.404780621892494,0.4809859131968817,1.05
box(2),-0.4961200365287193,0.3170710229527823,1.05
box(1),-0.4272285087444767,0.6659023176566096,1.05
box(0),-0.37451309598191823,0.20475755254630398,1.05
box(8),-0.27502416493866116,0.37015966471380735,1.05
box(7),-0.23041522046207555,0.5297133858927157,1.05
box(6),-0.7123152719334132,0.3707358852849817,1.05
box(5),-0.24084972513344838,0.7895324865389339,1.05
box(4),-0.7274565177031938,0.7757872635204675,1.05
box(3),-0.559576856427283,0.7503079694172883,1.05
box(2),-0.5610717819333741,0.49120351805310053,1.05
box(1),-0.543395363278485,0.3089530364610018,1.05
box(0),-0.3831479064864517,0.7040615840857298,1.05
box(8),-0.710530003300267,0.5703563823659257,1.05
box(7),-0.22832242242316061,0.2825936523288222,1.05
box(6),-0.23712222444378722,0.5954657663887077,1.05
box(5),-0.7869444812447408,0.4283739493704817,1.05
box(4),-0.4109633940252585,0.4074150365130451,1.05
box(3),-0.6973116165634801,0.27795672650264314,1.05
box(2),-0.5280472614624383,0.6504816204578379,1.05
box(1),-0.7416050299344086,0.7858242587888875,1.05
box(0),-0.3881941116024352,0.23857735667114044,1.05
box(8),-0.3748525883386826,0.7634730369967595,1.05
box(7),-0.6257493265135361,0.43441452246737156,1.05
box(6),-0.20229963899706715,0.7879554764431387,1.05
box(5),-0.5429891323453686,0.2956987909917939,1.05
box(4),-0.2376529643680781,0.3097115547940748,1.05
box(3),-0.34655198418054844,0.5284549315764078,1.05
box(2),-0.7805033558845955,0.3153350609548542,1.05
box(1),-0.7838225340662155,0.5389383725758619,1.05
box(0),-0.7168927725272665,0.6805115034291603,1.05
box(8),-0.5093846331769456,0.5742437406177546,1.05
box(7),-0.4286084885526257,0.7893775690227551,1.05
box(6),-0.6126924576692169,0.7949889424520116,1.05
box(5),-0.3958685725206632,0.3821484506168854,1.05
box(4),-0.2684178892096703,0.7325774840151393,1.05
box(3),-0.6049537323296222,0.404511409497463,1.05
box(2),-0.2906844158414371,0.23577269579842558,1.05
box(1),-0.7096774370729944,0.22511289862136472,1.05
box(0),-0.22807237135521238,0.4406312767662899,1.05
box(8),-0.7576565122822545,0.41556892901490766,1.05
box(7),-0.5651940689074946,0.6182129920757338,1.05
box(6),-0.795547010556922,0.5987304026233391,1.05
box(5),-0.6822343668377018,0.7923994927619442,1.05
box(4),-0.4802512561520092,0.7683185786971638,1.05
box(3),-0.4411059706468818,0.20845684337158663,1.05
box(2),-0.38265869577714395,0.4509011027869537,1.05
box(1),-0.5564593994452521,0.4010026657931115,1.05
box(0),-0.31146098560703644,0.5884052868647052,1.05
box(8),-0.26529976963682045,0.20371006728495442,1.05
box(7),-0.7563197604224647,0.4531520588661032,1.05
box(6),-0.7600707900130221,0.29769499919762427,1.05
box(5),-0.6277897155990493,0.6272233502884199,1.05
box(4),-0.7661293201511556,0.717261546913448,1.05
box(3),-0.22126469413640718,0.39997447526201113,1.05
box(2),-0.40969234542672456,0.7533922317165131,1.05
box(1),-0.37821605984898066,0.4458324268075693,1.05
box(0),-0.5401819471898635,0.2749440131385064,1.05
box(8),-0.28013610196617034,0.611146114343822,1.05
box(7),-0.35742958458393886,0.237386744373548,1.05
box(6),-0.7951835931819391,0.48009791405710756,1.05
box(5),-0.6344982699135754,0.42022727671530347,1.05
box(4),-0.7433914615702031,0.2926701460178569,1.05
box(3),-0.6730470201392347,0.6662698373801654,1.05
box(2),-0.20164455620126104,0.7511922512905225,1.05
box(1),-0.36062763909482554,0.7747217660558978,1.05
box(0),-0.2325059731681498,0.33878331491578134,1.05
box(8),-0.4865445203910678,0.5724677368735956,1.05
box(7),-0.2689659589282142,0.49550159480291106,1.05
box(6),-0.44944086092358837,0.37719677006869556,1.05
box(5),-0.5844217888285037,0.20304419616040062,1.05
box(4),-0.7909667037079111,0.5037119647622341,1.05
box(3),-0.3456226370499049,0.23657001762848912,1.05
box(2),-0.6626365794678837,0.6855789014836497,1.05
box(1),-0.764700499791086,0.2590725568540824,1.05
box(0),-0.292532071623139,0.6908878237459397,1.05
box(8),-0.452295968947121,0.7703120578316274,1.05
box(7),-0.6125916774227798,0.41044430488070754,1.05
box(6),-0.45006824645002447,0.6199357769929028,1.05
box(5),-0.42809804407833474,0.42586674376826494,1.05
box(4),-0.5547279828294376,0.25935234138311203,1.05
box(3),-0.21944268567664235,0.3812305797462243,1.05
box(2),-0.3872725266042064,0.2462100748837538,1.05
box(1),-0.23306422352347472,0.5500791716677109,1.05
box(0),-0.702346061200168,0.6601753555544474,1.05
box(8),-0.21737044197301028,0.2270268172529007,1.05
box(7),-0.7450757797004457,0.2585395923521775,1.05
box(6),-0.6208130089309176,0.44155693799354884,1.05
box(5),-0.578503214869153,0.7522166124393415,1.05
box(4),-0.41647283845143995,0.7294568349013275,1.05
box(3),-0.4410680470696765,0.5250262163345876,1.05
box(2),-0.22502794735317466,0.7285077047148316,1.05
box(1),-0.46407651784754883,0.24702533768474505,1.05
box(0),-0.24775477309535593,0.4513157714992284,1.05
box(8),-0.7825384800011337,0.6241532467976434,1.05
box(7),-0.23404891459248872,0.20449174407477078,1.05
box(6),-0.7862411931406816,0.38860397272793623,1.05
box(5),-0.6310535003222411,0.21496861459439093,1.05
box(4),-0.6218267471915552,0.5724331398160333,1.05
box(3),-0.599435254463886,0.7453506897083024,1.05
box(2),-0.5277442302950306,0.4101719387816431,1.05
box(1),-0.37679732655933107,0.6512787024927393,1.05
box(0),-0.4418834329090255,0.2183020374063916,1.05
box(8),-0.21100071000298035,0.4705830118836725,1.05
box(7),-0.31513963783637683,0.3458116468946742,1.05
box(6),-0.793054516097202,0.6104014272691,1.05
box(5),-0.7226337144604038,0.4478234348725819,1.05
box(4),-0.2479900364656942,0.7323063715228875,1.05
box(3),-0.7287433269905845,0.2901559270770296,1.05
box(2),-0.5712448089046303,0.6623653926479738,1.05
box(1),-0.5708380647757483,0.2973011571538303,1.05
box(0),-0.4609262908577062,0.5241923254238792,1.05
box(8),-0.7616289812241854,0.7861146426116912,1.05
box(7),-0.41471563968312863,0.7823601996456289,1.05
box(6),-0.22375497313865675,0.34204591314906074,1.05
box(5),-0.36673218513946415,0.26703747181296256,1.05
box(4),-0.7280690013170721,0.5107470664648284,1.05
box(3),-0.2943733476143028,0.5559565148036668,1.05
box(2),-0.25808997715421034,0.7412646346485088,1.05
box(1),-0.5857328373978017,0.6308957045539787,1.05
box(0),-0.7143215629868374,0.3464034935673405,1.05
box(8),-0.44618994199716455,0.4440028110646361,1.05
box(7),-0.6146540515227926,0.7836347108130264,1.05
box(6),-0.43599577400823686,0.6058419237916093,1.05
box(5),-0.555423195695251,0.3278517016752105,1.05
box(4),-0.4091433374469753,0.7697483966708287,1.05
box(3),-0.26903193419155325,0.285917026354626,1.05
box(2),-0.292186633444431,0.5047363845468658,1.05
box(1),-0.7090476975798177,0.5268397012214119,1.05
box(0),-0.23616413610760398,0.7629611257116071,1.05
box(8),-0.7443666153432082,0.3522060891878347,1.05
box(7),-0.7988485089383981,0.6551208939515052,1.05
box(6),-0.5839359025767957,0.6344054175750469,1.05
box(5),-0.43276432294980366,0.23363166107906594,1.05
box(4),-0.58686180164968,0.38393413322089703,1.05
box(3),-0.38871292992808415,0.7465781700179792,1.05
box(2),-0.23617109198550532,0.36302054857230937,1.05
box(1),-0.29579433316716514,0.6165523483960065,1.05
box(0),-0.6433577274391041,0.2171141349202332,1.05
box(8),-0.21073039033885854,0.7519694187868238,1.05
box(7),-0.7469738578230929,0.36581589617563776,1.05
box(6),-0.7243404522331889,0.5537823719973696,1.05
box(5),-0.6260307865678778,0.7511383986101243,1.05
box(4),-0.39233199890748927,0.3241208088372333,1.05
box(3),-0.5129436359493422,0.5098408568570085,1.05
box(2),-0.4104900668252386,0.7593055132435071,1.05
box(1),-0.2436590895647503,0.3798038932659582,1.05
box(0),-0.32907975336506556,0.5285642799548946,1.05
box(8),-0.6096674406959787,0.22097111522247687,1.05
box(7),-0.24965778201223782,0.6642163687231764,1.05
box(6),-0.21302385601887144,0.23140983785549,1.05
box(5),-0.7843104648206065,0.4123962920042709,1.05
box(4),-0.6047821381142611,0.651606231431127,1.05
box(3),-0.7801993065063644,0.5641570507624332,1.05
box(2),-0.557755821087861,0.37754615531358793,1.05
box(1),-0.40965508440723086,0.6611709475190164,1.05
box(0),-0.7931691653478001,0.7580742568311845,1.05
box(8),-0.3305150374590774,0.4730027991303059,1.05
box(7),-0.5202374263662786,0.21255374504752406,1.05
box(6),-0.3618722447836782,0.30141168121848694,1.05
box(5),-0.23052986734123607,0.5860372266702807,1.05
box(4),-0.7991312878764147,0.2697525629301896,1.05
box(3),-0.21925503670230106,0.7572886459076225,1.05
box(2),-0.7744347966413478,0.4907336861604684,1.05
box(1),-0.5611107789652169,0.45085813895314264,1.05
box(0),-0.598769867363822,0.7900734668251213,1.05
box(8),-0.7643174517491531,0.6735936061741696,1.05
box(7),-0.42487057186766974,0.6674312482226925,1.05
box(6),-0.3272560977802207,0.4605758320057818,1.05
box(5),-0.2592029350427855,0.2535810245094501,1.05
box(4),-0.5619367768130547,0.2839278413920183,1.05
box(3),-0.7489449341749526,0.20169620989930326,1.05
box(2),-0.2569871152170772,0.7376199654311475,1.05
box(1),-0.7156671937292274,0.3717497110424661,1.05
box(0),-0.49742141457485867,0.49492061476855287,1.05
box(8),-0.5288300265354255,0.7989487072702528,1.05
box(7),-0.6838698939066951,0.7819443173837193,1.05
box(6),-0.7633241152972199,0.5418094426024487,1.05
box(5),-0.38088362828427136,0.393036463141736,1.05
box(4),-0.2745007928368219,0.4989083734424593,1.05
box(3),-0.5351588204048541,0.31983484005090546,1.05
box(2),-0.3236520708242575,0.23059568358529398,1.05
box(1),-0.32342108420763815,0.7234897822733883,1.05
box(0),-0.5968656863699695,0.6543474762635451,1.05
box(8),-0.5886182770453521,0.4628363452560316,1.05
box(7),-0.7125115410906351,0.2045308433935579,1.05
box(6),-0.4712081447387909,0.7898007190733822,1.05
box(5),-0.7757990337464993,0.4689691139996495,1.05
box(4),-0.7087813197509976,0.7731225195575668,1.05
box(3),-0.3784661178336679,0.4524185370964719,1.05
box(2),-0.23200282210119083,0.5419696652683239,1.05
box(1),-0.4259205424338197,0.2855577192080063,1.05
box(0),-0.2460470472616348,0.2458359515824569,1.05
box(8),-0.5545030801285669,0.20485053015499904,1.05
box(7),-0.507196400311511,0.5858645788210951,1.05
box(6),-0.231019467223353,0.6923630421730633,1.05
box(5),-0.4010441006712344,0.7252435049882631,1.05
box(4),-0.5887878214801535,0.453300527269971,1.05
box(3),-0.7305302909769111,0.6622620077205695,1.05
box(2),-0.36346736569906346,0.46886683918141914,1.05
box(1),-0.7623572218931718,0.25068095325332246,1.05
box(0),-0.788257965490613,0.4444229602845808,1.05
box(8),-0.5967390510352142,0.7912437791477975,1.05
box(7),-0.2884861059271999,0.23820181066865243,1.05
box(6),-0.5412700001339827,0.6379174863524664,1.05
box(5),-0.22912883420006747,0.39331572378988744,1.05
box(4),-0.3162254731507448,0.6881081540760074,1.05
box(3),-0.5750940975344847,0.43271304133920974,1.05
box(2),-0.7155539624916731,0.6953169764979568,1.05
box(1),-0.49672472352108316,0.22575225097992357,1.05
box(0),-0.35354503149015537,0.527775777789024,1.05
box(8),-0.4045155246064021,0.3642571276303937,1.05
box(7),-0.7456140438073373,0.4956113604382825,1.05
box(6),-0.7902601027331777,0.2626349509268318,1.05
box(5),-0.5227438830484759,0.5821727347661443,1.05
box(4),-0.6355602266637974,0.2930389398285296,1.05
box(3),-0.47361321057476485,0.7462532392632351,1.05
box(2),-0.25156771713561626,0.2755208888706191,1.05
box(1),-0.28045738345658633,0.7893366636345629,1.05
box(0),-0.7350103243953918,0.7506592384039481,1.05
box(8),-0.27881488358639206,0.5196632707933246,1.05
box(7),-0.4183350320789791,0.39328693069824344,1.05
box(6),-0.44260309745897375,0.20039303636894365,1.05
box(5),-0.3635319473366372,0.6440600421781129,1.05
box(4),-0.6961599597749341,0.5285211494567155,1.05
box(3),-0.5076924859079648,0.5280353412100489,1.05
box(2),-0.5679513748402814,0.32086395865415795,1.05
box(1),-0.5764082817103069,0.6992642887084418,1.05
box(0),-0.7811232535954282,0.2706636223781281,1.05
box(8),-0.2917479638826407,0.796913514232263,1.05
box(7),-0.7999949937868771,0.7018943873698593,1.05
box(6),-0.40020061514846805,0.34548247024175455,1.05
box(5),-0.22689953267446164,0.4159921172937957,1.05
box(4),-0.3356763601223617,0.20498866072860208,1.05
box(3),-0.6990266922003204,0.5063953163292052,1.05
box(2),-0.3602813861543134,0.6402179704245502,1.05
box(1),-0.525937260248232,0.506791678903971,1.05
box(0),-0.6252535497057081,0.6599598967306799,1.05
box(8),-0.7189110288367146,0.20751642096751113,1.05
box(7),-0.5810257238300298,0.3117071480316048,1.05
box(6),-0.2021727039867849,0.7546431860446055,1.05
box(5),-0.41729506864666893,0.35886864412857705,1.05
box(4),-0.4088986311038575,0.799210095758562,1.05
box(3),-0.24850794895505984,0.24981708022530985,1.05
box(2),-0.21385720844667244,0.45908165586842997,1.05
box(1),-0.7846152091404548,0.6390067530480825,1.05
box(0),-0.6083441112290265,0.4822736541958343,1.05
box(8),-0.34995505832209417,0.6507329190874123,1.05
box(7),-0.631743176877277,0.769983730552215,1.05
box(6),-0.7194058111837218,0.3516841974745092,1.05
box(5),-0.2076914639392763,0.7457355525870093,1.05
box(4),-0.4285691982530684,0.2157051436868737,1.05
box(3),-0.5067248106633627,0.6419045849673214,1.05
box(2),-0.5852558933230967,0.2743945697903013,1.05
box(1),-0.3235965389776779,0.46680093890095004,1.05
box(0),-0.28501275854116653,0.29439360062822895,1.05
box(8),-0.6438634448129691,0.4873682191730872,1.05
box(7),-0.7944947452178264,0.5596458297307911,1.05
box(6),-0.6280223194902745,0.798877872634453,1.05
box(5),-0.4726030540874277,0.7919413580886367,1.05
box(4),-0.7736638430466778,0.25750948511794713,1.05
box(3),-0.21307088760518472,0.5795865567880756,1.05
box(2),-0.28768348125464677,0.7514420427168587,1.05
box(1),-0.5253045771444544,0.20580891340175791,1.05
box(0),-0.5558899170117139,0.3543529381728291,1.05
box(8),-0.4163877064041949,0.4763972537478142,1.05
box(7),-0.2643620547621654,0.32204548602511124,1.05
box(6),-0.7896007870644504,0.4412066849350032,1.05
box(5),-0.6327728901385801,0.6906421177098028,1.05
box(4),-0.5646031776105253,0.5545116807603686,1.05
box(3),-0.777579521889431,0.7433505127240536,1.05
box(2),-0.4244416608621354,0.6390145224805794,1.05
box(1),-0.27161976045502545,0.6049328037497934,1.05
box(0),-0.6833332853861092,0.2486100387947496,1.05
box(8),-0.5005806884123487,0.7999851599977079,1.05
box(7),-0.425368736153808,0.46525250270601437,1.05
box(6),-0.42836290544395444,0.2176819478611809,1.05
box(5),-0.3029897710384191,0.7651618442177197,1.05
box(4),-0.26010045347550426,0.41949077628800635,1.05
box(3),-0.6478250149250113,0.49645273089643505,1.05
box(2),-0.6229971424831073,0.7073228576976791,1.05
box(1),-0.49452809503637646,0.6021201121750694,1.05
box(0),-0.7967787454598487,0.7400340342416132,1.05
box(8),-0.575166537739082,0.29890080292492804,1.05
box(7),-0.7364879442185204,0.2784045077426795,1.05
box(6),-0.33821096123547634,0.5574784983456913,1.05
box(5),-0.4116885100609003,0.3294320084352962,1.05
box(4),-0.7932824218160637,0.5514500992587583,1.05
box(3),-0.25380284679347304,0.3123296384204579,1.05
box(2),-0.6002112706787578,0.4523447983679682,1.05
box(1),-0.6324148663257115,0.7385963467673997,1.05
box(0),-0.23131282504016848,0.675199527360608,1.05
box(8),-0.5095551898196603,0.6048671914002832,1.05
box(7),-0.5014516713230457,0.20359717701744895,1.05
box(6),-0.70196835447519,0.21618604547075682,1.05
box(5),-0.37711995037224877,0.7963846584833603,1.05
box(4),-0.3682561061953349,0.5154889458584353,1.05
box(3),-0.7701836520713743,0.6474585278222333,1.05
box(2),-0.779603769480284,0.4215099585356636,1.05
box(1),-0.5036693057995112,0.3630635229271958,1.05
box(0),-0.6650847369395605,0.7672028960614259,1.05
box(8),-0.21223012302717825,0.7092476318621157,1.05
box(7),-0.6125294508839757,0.5328533993134299,1.05
box(6),-0.2639156291719439,0.22527325104188145,1.05
box(5),-0.6868028679206236,0.22689760119623323,1.05
box(4),-0.36652025528637405,0.680791706127553,1.05
box(3),-0.44555505768474307,0.20169779851198066,1.05
box(2),-0.3916093550256665,0.48784576907881627,1.05
box(1),-0.7469123439407315,0.6035061188280728,1.05
box(0),-0.5432667499848569,0.3912811240521985,1.05
box(8),-0.21287069319938035,0.5215130986821361,1.05
box(7),-0.6636281421873351,0.7727326434671904,1.05
box(6),-0.5595526246569492,0.5759641058944595,1.05
box(5),-0.24494053691199813,0.3477894663488098,1.05
box(4),-0.7169953094950807,0.310283432293066,1.05
box(3),-0.38351714038968876,0.6866888464344272,1.05
box(2),-0.4773090857301321,0.23365914033079993,1.05
box(1),-0.23093002410952845,0.7126020474797297,1.05
box(0),-0.736663755457688,0.6123767331577421,1.05
box(8),-0.4134791696641818,0.44723899205422213,1.05
box(7),-0.5580642777652279,0.3696053065473526,1.05
box(6),-0.6383945602422771,0.7389549288631079,1.05
box(5),-0.5466907871333163,0.5960772007130992,1.05
box(4),-0.26278292868882613,0.25367748578844207,1.05
box(3),-0.7991595116084387,0.2445964395587849,1.05
box(2),-0.4576313968081196,0.7637979592650372,1.05
box(1),-0.7772911043378881,0.4108424197708208,1.05
box(0),-0.32373501842317876,0.669963773381204,1.05
box(8),-0.7535495687003528,0.6025494246639169,1.05
box(7),-0.22831310422933787,0.4221900585014489,1.05
box(6),-0.4069155539341043,0.516885601742233,1.05
box(5),-0.5988997505971094,0.45000898179817045,1.05
box(4),-0.659310478749946,0.7596232638623825,1.05
box(3),-0.3766734988858601,0.21587524764123048,1.05
box(2),-0.6021518274161751,0.6042843255454629,1.05
box(1),-0.5851039592343398,0.21694326935723968,1.05
box(0),-0.7530448577218036,0.3913101546171513,1.05
box(8),-0.20829247334199838,0.7343767190176829,1.05
box(7),-0.46468426005452634,0.6910254485661166,1.05
box(6),-0.7536492875683325,0.22235914042547578,1.05
box(5),-0.21833692845706132,0.5795335781087846,1.05
box(4),-0.7443592887416459,0.5494361924148958,1.05
box(3),-0.5169590047216563,0.40893737722370765,1.05
box(2),-0.31173694071733193,0.4244153076737256,1.05
box(1),-0.3872015394882016,0.24642151542117033,1.05
box(0),-0.6065473966628186,0.7893378816718131,1.05
box(8),-0.6681142759816666,0.40437801106107535,1.05
box(7),-0.5715196256307786,0.21814795139243903,1.05
box(6),-0.23937143284101153,0.28430218305859056,1.05
box(5),-0.2945585457589379,0.7891376378098596,1.05
box(4),-0.780302360732829,0.7575868636227745,1.05
box(3),-0.7852522722397006,0.2657431317132293,1.05
box(2),-0.6659967134142447,0.6203220542018635,1.05
box(1),-0.4967088457748198,0.6787409290890352,1.05
box(0),-0.20807169815978238,0.43402082209693477,1.05
box(8),-0.4257420273594228,0.4525287443252545,1.05
box(7),-0.31640071042512313,0.5845858938783064,1.05
box(6),-0.43934528125807926,0.29793870489588553,1.05
box(5),-0.6808627428740859,0.39120693642173987,1.05
box(4),-0.2869522393623657,0.7455631151686917,1.05
box(3),-0.7186289000321018,0.7960871154352733,1.05
box(2),-0.6532108085687993,0.24022915896420904,1.05
box(1),-0.23814147347257464,0.2050821435499727,1.05
box(0),-0.6276451255822421,0.5922057579717386,1.05
box(8),-0.5133349445748161,0.7570279913884939,1.05
box(7),-0.2811432520704502,0.41852357087487146,1.05
box(6),-0.39337559024792546,0.5212702989064008,1.05
box(5),-0.46935253104764624,0.21652616768239885,1.05
box(4),-0.7282658855262254,0.4295374139711161,1.05
box(3),-0.36433560868059844,0.7149344057882665,1.05
box(2),-0.7724321860351357,0.7753792865275397,1.05
box(1),-0.6068273113735283,0.31849503774684845,1.05
box(0),-0.7577893925889758,0.25566478980505275,1.05
box(8),-0.7019991847014946,0.616890536500655,1.05
box(7),-0.20939591321171966,0.26204659030283195,1.05
box(6),-0.5918748870500845,0.7659451873397585,1.05
box(5),-0.2190238643823315,0.4631263126537744,1.05
box(4),-0.3730622505452259,0.498306603227524,1.05
box(3),-0.3627425926717318,0.2283450829009004,1.05
box(2),-0.3734388914601744,0.7861406806629965,1.05
box(1),-0.26069865198213527,0.6563231397517627,1.05
box(0),-0.7174062832887105,0.44267587045794604,1.05
box(8),-0.6750232399084956,0.20787883652887817,1.05
box(7),-0.5768974974876707,0.5999403115457376,1.05
box(6),-0.7599781428948671,0.7044966883176293,1.05
box(5),-0.5909410748946058,0.7612112185252891,1.05
box(4),-0.5062763046366516,0.35381555532244047,1.05
box(3),-0.2373815177963161,0.37104915935533,1.05
box(2),-0.36649618814644325,0.23511306225592085,1.05
box(1),-0.3867938044155137,0.4854840294346654,1.05
box(0),-0.21490274946787635,0.5966166439831397,1.05
box(8),-0.36171526941312193,0.747442672558009,1.05
box(7),-0.685359335986701,0.4160337649654393,1.05
box(6),-0.6221165708056122,0.2249009497827913,1.05
box(5),-0.6993513468091983,0.6412463382080626,1.05
box(4),-0.6248194247797926,0.7730019046104275,1.05
box(3),-0.5597090898314072,0.5476437017906286,1.05
box(2),-0.5057724248029131,0.38304891338892566,1.05
box(1),-0.2275034885565153,0.2777336524525119,1.05
box(0),-0.2931252809290794,0.43805158872589756,1.05
box(8),-0.41036819260318524,0.25841132461673294,1.05
box(7),-0.2541446476116401,0.6806974634853706,1.05
box(6),-0.6980906778754365,0.45816180014389013,1.05
box(5),-0.7574539205152748,0.25445842884392716,1.05
box(4),-0.7796996704193286,0.6617313793224289,1.05
box(3),-0.621298103393368,0.7777058625443098,1.05
box(2),-0.4075486329422619,0.5867467824608367,1.05
box(1),-0.5057292985225172,0.4175824324622248,1.05
box(0),-0.5831283163136214,0.563303613115183,1.05
box(8),-0.21132815244772027,0.4112810283318822,1.05
box(7),-0.40814737086801806,0.30035147999395473,1.05
box(6),-0.24591120089032728,0.26458968030937957,1.05
box(5),-0.3532964008259486,0.7706323216437545,1.05
box(4),-0.6858097288156153,0.4199964393362234,1.05
box(3),-0.23555290819645663,0.5618710872804933,1.05
box(2),-0.7654077671751527,0.7398498852649766,1.05
box(1),-0.7947865932869949,0.2481327496346878,1.05
box(0),-0.6022014846365648,0.20691055777564993,1.05
box(8),-0.5285336358851027,0.420327594858177,1.05
box(7),-0.6023303232813797,0.6747850655059693,1.05
box(6),-0.3233800477107911,0.3994042208298174,1.05
box(5),-0.7982641623239126,0.5202395668968889,1.05
box(4),-0.44852747734763954,0.7601578982533808,1.05
box(3),-0.43293970102027757,0.5480637182893052,1.05
box(2),-0.22348218386798654,0.23489160836832043,1.05
box(1),-0.20470697688613113,0.7043364625097752,1.05
box(0),-0.4381861287696626,0.26931433325813603,1.05
box(8),-0.7359494289418866,0.31939898346534973,1.05
box(7),-0.6318218205576267,0.46354722471879856,1.05
box(6),-0.6166117789143677,0.6949404836872035,1.05
box(5),-0.7665225835197229,0.758314042439217,1.05
box(4),-0.21988678209710288,0.49970128613996434,1.05
box(3),-0.748388994889416,0.5602194132314697,1.05
box(2),-0.3771827878446171,0.4195491736621111,1.05
box(1),-0.42199612477492715,0.6984871606551938,1.05
box(0),-0.2637738644646591,0.6657609951211054,1.05
box(8),-0.43328841053369893,0.21570680059268155,1.05
box(7),-0.7869068044094418,0.351410030101191,1.05
box(6),-0.5856315222755086,0.5382331523010426,1.05
box(5),-0.6006661846940176,0.7488071187536618,1.05
box(4),-0.6131153837502552,0.24217385594715712,1.05
box(3),-0.25694847912252994,0.2859882608414632,1.05
box(2),-0.7711398049437492,0.7495532569629579,1.05
box(1),-0.3767636609116405,0.48746954389042024,1.05
box(0),-0.4596446792978003,0.6464650856421679,1.05
box(8),-0.23845095359743984,0.6597029480524708,1.05
box(7),-0.7866293875921089,0.575604004481874,1.05
box(6),-0.7016843716170025,0.42084099448978785,1.05
box(5),-0.42440577810052205,0.34006943321966565,1.05
box(4),-0.6211508011383953,0.6676420230510174,1.05
box(3),-0.7796147086560712,0.2678986319242204,1.05
box(2),-0.26114708740859544,0.22928909721328553,1.05
box(1),-0.22677395494706418,0.4202225544567427,1.05
box(0),-0.4703549385506886,0.4889846113155168,1.05
box(8),-0.4588568292939721,0.7480876134855503,1.05
box(7),-0.2710493015962347,0.7166677439012119,1.05
box(6),-0.768110563810622,0.5901865219811224,1.05
box(5),-0.6278754941593405,0.4230870235500719,1.05
box(4),-0.7672844314793905,0.7429880299595621,1.05
box(3),-0.4930813312044936,0.33104243826469554,1.05
box(2),-0.671153348874149,0.22131227236621964,1.05
box(1),-0.6194048599925122,0.6241770618446418,1.05
box(0),-0.20537630600156995,0.5033540276345768,1.05
box(8),-0.47824199362660713,0.48694208313299975,1.05
box(7),-0.5481819056249778,0.7743030685157302,1.05
box(6),-0.25421463522764576,0.7380077723824388,1.05
box(5),-0.2894189187353765,0.21337523111209777,1.05
box(4),-0.7448122555578762,0.39000101183024516,1.05
box(3),-0.3348266777651515,0.39064677098792483,1.05
box(2),-0.7959863107675496,0.6715999691499257,1.05
box(1),-0.45915218464830776,0.24486625166430045,1.05
box(0),-0.6030389315614686,0.3021385561036388,1.05
box(8),-0.4709307328323458,0.6441764251325104,1.05
box(7),-0.7696103595314259,0.21886872786535183,1.05
box(6),-0.22004588857378798,0.558481285489841,1.05
box(5),-0.3288649153124991,0.7944012924877832,1.05
box(4),-0.6398497184119947,0.7816398730291945,1.05
box(3),-0.6429249635268063,0.5029223111176002,1.05
box(2),-0.33899574511569064,0.3461293503962073,1.05
box(1),-0.4050445458311121,0.49206140978169205,1.05
box(0),-0.7513620103460315,0.6177126416926684,1.05
box(8),-0.20125069918702782,0.40560772223615793,1.05
box(7),-0.5011203469392593,0.27423441834054874,1.05
box(6),-0.5212054023972246,0.6896231840087466,1.05
box(5),-0.6873203326002107,0.30134171547708183,1.05
box(4),-0.2819917439131904,0.6217670883632582,1.05
box(3),-0.6623073760226605,0.7794106947135708,1.05
box(2),-0.21358760946374322,0.23261947579098297,1.05
box(1),-0.6673334097259911,0.475675629152586,1.05
box(0),-0.4330624217460988,0.44657557646396817,1.05
box(8),-0.4059870397452411,0.7915447477611437,1.05
box(7),-0.27048427097038474,0.4145809621258816,1.05
box(6),-0.3807254470386679,0.23283151025443571,1.05
box(5),-0.46986411933503497,0.6293726766249885,1.05
box(4),-0.6769760904163666,0.21591330307328668,1.05
box(3),-0.2690916508252865,0.6830924147719577,1.05
box(2),-0.7411238059347713,0.6493910668323769,1.05
box(1),-0.5377189211314664,0.32216504525167977,1.05
box(0),-0.5860211830429758,0.48114094166099997,1.05
box(8),-0.42886080169855767,0.460491734738023,1.05
box(7),-0.388722869468135,0.7830983095254451,1.05
box(6),-0.21890337235411156,0.20502302549262164,1.05
box(5),-0.7869740483007575,0.33747581442691066,1.05
box(4),-0.5499265420522488,0.7713606901971939,1.05
box(3),-0.2445481954164711,0.3809513823812113,1.05
box(2),-0.2198272924622792,0.728803197799814,1.05
box(1),-0.702913982539495,0.758654542756855,1.05
box(0),-0.4384480155508326,0.6395600034991455,1.05
box(8),-0.751946221175589,0.5997321506670643,1.05
box(7),-0.5739039398102007,0.27528168788927176,1.05
box(6),-0.4356578833938212,0.46850864424836697,1.05
box(5),-0.3013099294501249,0.5741212584493207,1.05
box(4),-0.7292796708957563,0.359835927778552,1.05
box(3),-0.7692327558035084,0.2096417528629039,1.05
box(2),-0.2986298981622701,0.2635202695704788,1.05
box(1),-0.5977346050914192,0.5156462646703552,1.05
box(0),-0.5975896133709218,0.7181722449027907,1.05
box(8),-0.23059023157110095,0.7792291124837036,1.05
box(7),-0.7808822577573635,0.592122448405225,1.05
box(6),-0.5776994723375366,0.34489474668562403,1.05
box(5),-0.2123662725258818,0.44775747517988373,1.05
box(4),-0.29873156094008724,0.6096141132898935,1.05
box(3),-0.3844405312006439,0.735807924419225,1.05
box(2),-0.7270105034136451,0.32100695605449403,1.05
box(1),-0.2662168523695401,0.25744675206232503,1.05
box(0),-0.40012628904868863,0.48810008595673315,1.05
box(8),-0.5424734557041977,0.6009385161058942,1.05
box(7),-0.23150009305094868,0.7439989568802239,1.05
box(6),-0.6975687502457841,0.5525095049363644,1.05
box(5),-0.6710724031590141,0.7542728938931755,1.05
box(4),-0.5568102603424001,0.30238887739420206,1.05
box(3),-0.2331228788807028,0.5466177682225344,1.05
box(2),-0.45187717870561595,0.7939408045033851,1.05
box(1),-0.7535405167729496,0.3205322025413769,1.05
box(0),-0.33015746287078157,0.3358733816249478,1.05
box(8),-0.5017138959560545,0.44806184153576206,1.05
box(7),-0.55352628144574,0.6315605463583829,1.05
box(6),-0.20272686820353475,0.2500428634574469,1.05
box(5),-0.39572091523505937,0.6400960858895974,1.05
box(4),-0.6647296465159565,0.5230167403810083,1.05
box(3),-0.7399951161529115,0.6884517230351781,1.05
box(2),-0.578833311485315,0.24645340323034137,1.05
box(1),-0.22225774228385392,0.7817202277344946,1.05
box(0),-0.2088978041763603,0.6025915254196739,1.05
box(8),-0.2070922897128004,0.432577730595257,1.05
box(7),-0.374367122836718,0.36947743166289637,1.05
box(6),-0.59276667167074,0.7456412558562715,1.05
box(5),-0.5376872756256736,0.41964913678129545,1.05
box(4),-0.7531225440589568,0.2540525057060311,1.05
box(3),-0.4292094575547985,0.5806130038438897,1.05
box(2),-0.6987308142930336,0.4082202452399839,1.05
box(1),-0.5086014917881267,0.2636210467611593,1.05
box(0),-0.20137022980839916,0.7683185803732919,1.05
box(8),-0.7935519773486237,0.565867588705729,1.05
box(7),-0.3751330112511655,0.7389765442196923,1.05
box(6),-0.3610845355171852,0.38932372764765555,1.05
box(5),-0.2721855984168134,0.5586398756288704,1.05
box(4),-0.31387299200447233,0.20130542623071582,1.05
box(3),-0.6531019896322378,0.7323429170343507,1.05
box(2),-0.5551433350964833,0.4667348540508494,1.05
box(1),-0.7460789133710084,0.3512927074796701,1.05
box(0),-0.5539470308252198,0.27900555259367366,1.05
box(8),-0.21136620050137997,0.3328165313183145,1.05
box(7),-0.21103242250022308,0.7206596174948545,1.05
box(6),-0.49856312455441276,0.651780223432026,1.05
box(5),-0.7145136114876711,0.5704169042672436,1.05
box(4),-0.3038373915731685,0.5325803624488847,1.05
box(3),-0.379473580979358,0.21435141252636597,1.05
box(2),-0.5544180022138668,0.7968173702980883,1.05
box(1),-0.7855812467869434,0.7382229971114862,1.05
box(0),-0.40876170871678125,0.41534535371376197,1.05
box(8),-0.6306284717610204,0.20696896339822857,1.05
box(7),-0.6173718199562641,0.36983473706013936,1.05
box(6),-0.22690318301333015,0.6885549113536753,1.05
box(5),-0.4309611057810699,0.6415189869972122,1.05
box(4),-0.6691522968923066,0.5995896838805701,1.05
box(3),-0.775716734942802,0.3758309917791761,1.05
box(2),-0.21326024834421653,0.4983454650675789,1.05
box(1),-0.5699419123043321,0.7331333680994505,1.05
box(0),-0.4527630460609141,0.23517293194253958,1.05
box(8),-0.7683923962747863,0.7308441415388822,1.05
box(7),-0.49442741242684385,0.49367851244820926,1.05
box(6),-0.3072289716194753,0.35626587711897656,1.05
box(5),-0.6248357992982663,0.30211663673918066,1.05
box(4),-0.38681037367324356,0.6364462498052936,1.05
box(3),-0.7436640992983217,0.5234856281573622,1.05
box(2),-0.22960540707583643,0.7019075500876666,1.05
box(1),-0.20364409125921995,0.5225571534308087,1.05
box(0),-0.5968260755195394,0.652362945590865,1.05
box(8),-0.4210993228272789,0.7961280549159306,1.05
box(7),-0.4373376579237913,0.2175260095856338,1.05
box(6),-0.7389125146077684,0.7304412608569815,1.05
box(5),-0.7645688201481353,0.21445799014071415,1.05
box(4),-0.4342461403562122,0.4322878338063051,1.05
box(3),-0.5544379970171711,0.3312299761180941,1.05
box(2),-0.775265512998929,0.3810460032139738,1.05
box(1),-0.44284644811345164,0.6213667116828956,1.05
box(0),-0.27524344560579456,0.6924587352842715,1.05
box(8),-0.5899461212448882,0.7075085541594051,1.05
box(7),-0.25474235590657035,0.28786883328752055,1.05
box(6),-0.2572502328194741,0.5184836178620378,1.05
box(5),-0.7805632550858548,0.6833466909285968,1.05
box(4),-0.6829654458285054,0.5589348831464309,1.05
box(3),-0.7084924794624574,0.21006659577170472,1.05
box(2),-0.5312579386251912,0.27121296616239876,1.05
box(1),-0.5961691770991548,0.43579912415795685,1.05
box(0),-0.4976884111772938,0.5863509824613506,1.05
box(8),-0.2977460031783152,0.7518075380741347,1.05
box(7),-0.40819337566657443,0.3587827838650316,1.05
box(6),-0.5390128221904504,0.7898140944401817,1.05
box(5),-0.2517063806651782,0.45756325976115453,1.05
box(4),-0.7533640391705925,0.7166056316287837,1.05
box(3),-0.3444719785746549,0.20835167008865133,1.05
box(2),-0.7379933701266648,0.2882219524964399,1.05
box(1),-0.7397499695803567,0.4953842866008184,1.05
box(0),-0.5440514387579024,0.24511396619499934,1.05
box(8),-0.5358621154600121,0.5014280707746963,1.05
box(7),-0.29661057052491907,0.7550452004598953,1.05
box(6),-0.47644856259090285,0.6484278553770544,1.05
box(5),-0.40391687230057405,0.4225320814296614,1.05
box(4),-0.20380411195860135,0.43038351997230534,1.05
box(3),-0.6782875717051857,0.6757516916065072,1.05
box(2),-0.27110905049730905,0.2599629054098267,1.05
box(1),-0.5528554795551335,0.7836077100116738,1.05
box(0),-0.7012929165546675,0.27471461256265517,1.05
box(8),-0.7626561746267198,0.4288490376464177,1.05
box(7),-0.23550832454813325,0.5782941655509102,1.05
box(6),-0.5824633995144942,0.5034236385035449,1.05
box(5),-0.5247112922812713,0.31627436729297476,1.05
box(4),-0.3291425257182763,0.7022890496394709,1.05
box(3),-0.3650026585781437,0.4006605928549958,1.05
box(2),-0.6854375146881817,0.6826121618344441,1.05
box(1),-0.40347783427795514,0.21281516911269602,1.05
box(0),-0.4232751965031764,0.5673004925479113,1.05
box(8),-0.4990302907813045,0.6971125400089677,1.05
box(7),-0.7554156270167924,0.5367339983955992,1.05
box(6),-0.7765620573461525,0.2328054294023844,1.05
box(5),-0.21787100529518455,0.5796086158665503,1.05
box(4),-0.5219925551198832,0.32349053712284886,1.05
box(3),-0.2821298771485836,0.7405842635879749,1.05
box(2),-0.3746133414895791,0.4171220891941785,1.05
box(1),-0.22086179672133321,0.41521370182423023,1.05
box(0),-0.7173698754300624,0.7020356513999975,1.05
box(8),-0.774239639642381,0.382855610500654,1.05
box(7),-0.5568892994131776,0.6839301465032215,1.05
box(6),-0.792170868550226,0.5497775679374055,1.05
box(5),-0.4141064758993554,0.5858542276818993,1.05
box(4),-0.2258028799245153,0.24112734101002015,1.05
box(3),-0.5801625516596136,0.30053737777372563,1.05
box(2),-0.2664778660525279,0.6256815202874888,1.05
box(1),-0.42513949494832276,0.41763429081936115,1.05
box(0),-0.23719452890594644,0.39862875384548513,1.05
box(8),-0.7043202595461688,0.7921185135211737,1.05
box(7),-0.7704831201695099,0.24723628240189519,1.05
box(6),-0.5932535846199385,0.5736957354612011,1.05
box(5),-0.22674939091895926,0.7756730150625146,1.05
box(4),-0.42001867873118226,0.7895830252501175,1.05
box(3),-0.23300290165270487,0.20792736645110257,1.05
box(2),-0.5900363801075555,0.24736954225426908,1.05
box(1),-0.40681855122193067,0.23180009537336405,1.05
box(0),-0.43131544323831117,0.6273372659627142,1.05
box(8),-0.6603562790258002,0.4043432839410114,1.05
box(7),-0.3864894680118133,0.4768480052520009,1.05
box(6),-0.22819951401533453,0.4011985492672193,1.05
box(5),-0.5899676793097286,0.6542949621512081,1.05
box(4),-0.7094242733493121,0.755497278364242,1.05
box(3),-0.3221520538072776,0.7368485161938936,1.05
box(2),-0.7779548665235292,0.599883249197107,1.05
box(1),-0.5999183150785501,0.23266320418872216,1.05
box(0),-0.3595292557168116,0.2901891165004445,1.05
box(8),-0.7661677101963116,0.24065577948299594,1.05
box(7),-0.6891078966704616,0.3726177173144608,1.05
box(6),-0.29204768621549304,0.5598224700746985,1.05
box(5),-0.4647800647129138,0.5098841326188182,1.05
box(4),-0.5510217332899083,0.7452431892825335,1.05
box(3),-0.7597783742993156,0.7488776151790184,1.05
box(2),-0.384074054747365,0.7047470478012696,1.05
box(1),-0.6479024055450313,0.5583109324713454,1.05
box(0),-0.7943933770908569,0.5940859985304315,1.05
box(8),-0.2929819608768627,0.29929018092771775,1.05
box(7),-0.4736746096285919,0.30756114720227756,1.05
box(6),-0.7034950949078826,0.20794246233595914,1.05
box(5),-0.7639895566129631,0.3457281562513896,1.05
box(4),-0.25888052090993924,0.793446191804065,1.05
box(3),-0.4171645151211826,0.5105001951002529,1.05
box(2),-0.2075939716602101,0.6088828176228388,1.05
box(1),-0.35843250581622355,0.6803814374029409,1.05
box(0),-0.5712767233549741,0.42316893552037854,1.05
box(8),-0.2024966291646457,0.4533963042208831,1.05
box(7),-0.796609626488086,0.7191395975641859,1.05
box(6),-0.3188155836551255,0.35564832005267016,1.05
box(5),-0.6929934516735152,0.5452946271206589,1.05
box(4),-0.2851350175995485,0.20302150458752077,1.05
box(3),-0.6695502043269088,0.29703575003046684,1.05
box(2),-0.5824702296932056,0.7788379765564521,1.05
box(1),-0.5263283355888493,0.5738846005105083,1.05
box(0),-0.37276744029676856,0.602652728003638,1.05
box(8),-0.49042222469935004,0.3566911872313193,1.05
box(7),-0.20643831269431334,0.7026350187702317,1.05
box(6),-0.785996525839564,0.6811812678951461,1.05
box(5),-0.3888889959838432,0.7824811346875087,1.05
box(4),-0.282246845282849,0.4635545449233164,1.05
box(3),-0.37663421624417326,0.2409744365147934,1.05
box(2),-0.6568978198305766,0.26878713188684167,1.05
box(1),-0.7520957620624942,0.5235131933435998,1.05
box(0),-0.21586596069706232,0.2526922142126003,1.05
box(8),-0.5109439458528815,0.6315086235264704,1.05
box(7),-0.44371666231386925,0.41013756191641826,1.05
box(6),-0.5959603471027608,0.7810036758068253,1.05
box(5),-0.29713168894792136,0.6597431472054294,1.05
box(4),-0.7717732462738458,0.7891660412068537,1.05
box(3),-0.28878413561281996,0.38758522832856357,1.05
box(2),-0.6081437044368292,0.416961699261713,1.05
box(1),-0.6723101808261777,0.27408552944363296,1.05
box(0),-0.7944827850519778,0.613986600702106,1.05
box(8),-0.2801549597886718,0.21707471345843615,1.05
box(7),-0.5176403650118828,0.5720968225271714,1.05
box(6),-0.45428275663019957,0.37387964052950906,1.05
box(5),-0.7928809460650881,0.43895954190090547,1.05
box(4),-0.5002579800648853,0.21644913122387877,1.05
box(3),-0.568337364212637,0.7749297058411639,1.05
box(2),-0.2747097574644155,0.7905789392405833,1.05
box(1),-0.3982086781156282,0.686616525022137,1.05
box(0),-0.3656420152569174,0.5093861817462415,1.05
box(8),-0.7156549970339898,0.6488131508992825,1.05
box(7),-0.26477291574064354,0.28838671552475803,1.05
box(6),-0.7473780531868413,0.20949711248055328,1.05
box(5),-0.5599057614078191,0.515093084028672,1.05
box(4),-0.6160227072641649,0.35041745042707617,1.05
box(3),-0.21146783053980933,0.5274880010799017,1.05
box(2),-0.7816461143257956,0.47631453388023454,1.05
box(1),-0.22003576293938865,0.7749341304507493,1.05
box(0),-0.4979709811622847,0.7256328029006605,1.05
box(8),-0.39965571729930227,0.5089076050422283,1.05
box(7),-0.6785328939256368,0.7466148249261875,1.05
box(6),-0.2130499468230111,0.3729526764226827,1.05
box(5),-0.25372871356292037,0.2159094740779648,1.05
box(4),-0.4328384229517707,0.27143360153236734,1.05
box(3),-0.5744768079516622,0.49833585720672474,1.05
box(2),-0.7505085028557121,0.2047526759590449,1.05
box(1),-0.5727205012149672,0.3445552715716625,1.05
box(0),-0.21203217026059706,0.557739412406151,1.05
box(8),-0.44654967549033,0.7102820019410994,1.05
box(7),-0.7943909566587279,0.4840179337394607,1.05
box(6),-0.3936203613365058,0.5645900983904435,1.05
box(5),-0.6984290602902596,0.641062589668649,1.05
box(4),-0.22905161858406073,0.24854680549662958,1.05
box(3),-0.32679566150996087,0.37869609363479473,1.05
box(2),-0.5539264119971988,0.5455410528586269,1.05
box(1),-0.31140170532515915,0.7935592510145377,1.05
box(0),-0.7043037692154852,0.23571922630369133,1.05
box(8),-0.5392071222569053,0.38423458841461455,1.05
box(7),-0.5184122293074187,0.7041789118053583,1.05
box(6),-0.2174540104970447,0.5528647173149904,1.05
box(5),-0.7535069915318076,0.4046459311622068,1.05
box(4),-0.6906940630529778,0.6768763790851686,1.05
box(3),-0.2138547825210638,0.2664385479048131,1.05
box(2),-0.3609731621446177,0.380625481497851,1.05
box(1),-0.49566729743378257,0.5475238999298028,1.05
box(0),-0.28536307350936935,0.7709488653773975,1.05
box(8),-0.598174831098377,0.231466261482023,1.05
box(7),-0.5123858551390847,0.35824114404388807,1.05
box(6),-0.5159467057458096,0.7215232650062953,1.05
box(5),-0.6545361514419219,0.520871883097404,1.05
box(4),-0.31391058064558747,0.5390534287439941,1.05
box(3),-0.6933917820437678,0.3643524752651629,1.05
box(2),-0.7449034786371291,0.6716919035688805,1.05
box(1),-0.30487087487157094,0.20313525138657493,1.05
box(0),-0.22720288717798998,0.3612686981284535,1.05
box(8),-0.48131235054466953,0.5712938093232031,1.05
box(7),-0.2742490448943393,0.697684303760634,1.05
box(6),-0.4580397303445839,0.4152119962863485,1.05
box(5),-0.5946157972780204,0.7442524855861155,1.05
box(4),-0.5257859507843203,0.2605824727246374,1.05
box(3),-0.21939198071460153,0.5383456640357812,1.05
box(2),-0.6564090513308679,0.5083459216353668,1.05
box(1),-0.7527447239788885,0.25677416280270443,1.05
box(0),-0.371897798008884,0.25787573278694653,1.05
box(8),-0.7836536584967422,0.7672578413806714,1.05
box(7),-0.41038797886307204,0.594925120428089,1.05
box(6),-0.2185720686001117,0.7435506179759579,1.05
box(5),-0.3928249982140869,0.7450049167569599,1.05
box(4),-0.2211513709033931,0.3104117853180265,1.05
box(3),-0.592746905604798,0.704902528743079,1.05
box(2),-0.49965492805403855,0.45342831636446246,1.05
box(1),-0.5918608562118051,0.30745749407715056,1.05
box(0),-0.7718832509945679,0.4392242567005318,1.05
box(8),-0.7554194430696421,0.2866680403758113,1.05
box(7),-0.6580119838231886,0.5623306100665466,1.05
box(6),-0.4007257943361265,0.22250828325551963,1.05
box(5),-0.24775115156072386,0.5849968283177167,1.05
box(4),-0.3851987248035069,0.723185483203715,1.05
box(3),-0.765233578794781,0.6710216056037275,1.05
box(2),-0.5659287505882095,0.7481757636249036,1.05
box(1),-0.22786720210741712,0.2596727302122059,1.05
box(0),-0.21331581323251278,0.7838679193683589,1.05
box(8),-0.4708833084391703,0.44334767676995623,1.05
box(7),-0.660043276684442,0.28718935804198975,1.05
box(6),-0.7169414882658438,0.512205245185398,1.05
box(5),-0.28285573978163575,0.4217230617947895,1.05
box(4),-0.5160035362580594,0.5958009132350581,1.05
box(3),-0.36642108618300395,0.6748374104315016,1.05
box(2),-0.22935240763123835,0.575081719170596,1.05
box(1),-0.431390236566051,0.2388931242333021,1.05
box(0),-0.25928902095181683,0.2555805560992027,1.05
box(8),-0.6654329161698389,0.7963696509252993,1.05
box(7),-0.25418753559467133,0.7992199593916012,1.05
box(6),-0.5168608211084993,0.4170038618898661,1.05
box(5),-0.7998035637984606,0.4194590307154092,1.05
box(4),-0.7656535218019449,0.2515409701089451,1.05
box(3),-0.6357479058732849,0.5305470839779388,1.05
box(2),-0.4208223154877089,0.7397307703285827,1.05
box(1),-0.2463527292802182,0.5009077260568935,1.05
box(0),-0.5085542296723684,0.21094749518680334,1.05
box(8),-0.41885344043465195,0.5635079801719672,1.05
box(7),-0.2198042031325852,0.22043865644029986,1.05
box(6),-0.2230701726794616,0.7822183216790495,1.05
box(5),-0.7942960104302421,0.6873386483606452,1.05
box(4),-0.4048809694165083,0.3957402371932176,1.05
box(3),-0.5824791099070847,0.761671365759663,1.05
box(2),-0.7413263620112467,0.34637421762172305,1.05
box(1),-0.37866397169488475,0.7559871814711356,1.05
box(0),-0.649807198029343,0.4929694604938393,1.05
box(8),-0.3973975012801058,0.23985673226739032,1.05
box(7),-0.2613642592024494,0.4497462700659104,1.05
box(6),-0.3172589849965545,0.6010504644321222,1.05
box(5),-0.5127355821292513,0.5887687245427282,1.05
box(4),-0.7538654504745721,0.7157666433823684,1.05
box(3),-0.5859843091634713,0.27472157446833534,1.05
box(2),-0.22579160563873474,0.7575489458320535,1.05
box(1),-0.795390277571715,0.2101973202358946,1.05
box(0),-0.49325674352660415,0.4360043882102339,1.05
box(8),-0.6806314256569459,0.5518358801807178,1.05
box(7),-0.7609670401821207,0.3584008398757931,1.05
box(6),-0.23001611322116985,0.31322636778424373,1.05
box(5),-0.23140242059999386,0.4895020267777624,1.05
box(4),-0.5218682170420561,0.750434623976467,1.05
box(3),-0.7189379405940035,0.7071062579507414,1.05
box(2),-0.48929967218405607,0.2727277046545297,1.05
box(1),-0.21580690781810627,0.7167567415050549,1.05
box(0),-0.35320914304301676,0.6387070047196496,1.05
box(8),-0.4310731947288073,0.41523101026899367,1.05
box(7),-0.7346933319861655,0.5536389308789273,1.05
box(6),-0.7585145965448097,0.3157238224900174,1.05
box(5),-0.28443992138756424,0.28911400653413194,1.05
box(4),-0.29015938807654457,0.4773587728114757,1.05
box(3),-0.5626875428202279,0.5300738113131817,1.05
box(2),-0.6813927062426113,0.7609578965410084,1.05
box(1),-0.543464979894134,0.7010720539084925,1.05
box(0),-0.6266620142692696,0.22109488077952344,1.05
box(8),-0.22791140477046135,0.69884581220652,1.05
box(7),-0.4503014010407144,0.37217620812481256,1.05
box(6),-0.724739404139199,0.5558690976141023,1.05
box(5),-0.6104474103510973,0.37291579298298205,1.05
box(4),-0.7707018442760973,0.2719857291817573,1.05
box(3),-0.3864614335703085,0.7477088387394493,1.05
box(2),-0.23714144723812008,0.2611111369514515,1.05
box(1),-0.41195232324691566,0.5622479369796183,1.05
box(0),-0.2795823583001261,0.4216347839442538,1.05
box(8),-0.5503190116596552,0.716357049804079,1.05
box(7),-0.5289229588390374,0.22818554170546895,1.05
box(6),-0.7602959638033933,0.7468417557890219,1.05
box(5),-0.7066604958377398,0.5709449241869418,1.05
box(4),-0.770468511569697,0.4334457881091703,1.05
box(3),-0.7450126141263909,0.23259403137402349,1.05
box(2),-0.28615913217614813,0.6753739570025776,1.05
box(1),-0.595081010987483,0.3648325988909884,1.05
box(0),-0.3573103513261888,0.2238636188796007,1.05
box(8),-0.404355998002652,0.49227870088581877,1.05
box(7),-0.463530543207775,0.6736109605337058,1.05
box(6),-0.23865965477832085,0.4162352683599706,1.05
box(5),-0.6311560207332034,0.7595883463984536,1.05
box(4),-0.6381659846914802,0.5740602422930918,1.05
box(3),-0.7880845432205061,0.4038962583020069,1.05
box(2),-0.7813131740540902,0.20100878240628045,1.05
box(1),-0.2751972826820211,0.6873744021818191,1.05
box(0),-0.6047523155625931,0.3047348481094189,1.05
box(8),-0.3547453363882177,0.22823396121700398,1.05
box(7),-0.39203002784589186,0.4428218198747893,1.05
box(6),-0.4324453112334735,0.592668984051959,1.05
box(5),-0.7990068798660526,0.6574714847375882,1.05
box(4),-0.2114281809734978,0.2783113083656056,1.05
box(3),-0.5740488042419456,0.6897136566019196,1.05
box(2),-0.615637767905113,0.4620046696780069,1.05
box(1),-0.43270323462695476,0.7785021381191661,1.05
box(0),-0.7696098609710318,0.46342228449063466,1.05
box(8),-0.7021236701964346,0.25087598858821275,1.05
box(7),-0.23925099161638508,0.5474602842918946,1.05
box(6),-0.519184304334563,0.2153038120321624,1.05
box(5),-0.2009702389076793,0.7849362298449063,1.05
box(4),-0.77359102367733,0.6420446346308346,1.05
box(3),-0.28043593074401657,0.29282042884040804,1.05
box(2),-0.5422088098764368,0.6367680815876453,1.05
box(1),-0.4102283545617022,0.5140081050906122,1.05
box(0),-0.403158240677968,0.7635729311746899,1.05
box(8),-0.6010849402354126,0.4574284718176726,1.05
box(7),-0.7940305315823013,0.3370486236898871,1.05
box(6),-0.2583336470952508,0.4906562006887239,1.05
box(5),-0.5716371781950037,0.7919542813516445,1.05
box(4),-0.6511749590730986,0.21730713371751947,1.05
box(3),-0.7904999472257996,0.5663091018033205,1.05
box(2),-0.365258752360063,0.20369328444906293,1.05
box(1),-0.7324997673176339,0.7557501451471993,1.05
box(0),-0.4116082933819043,0.4466542140829722,1.05
box(8),-0.36810448453542854,0.6093788444607862,1.05
box(7),-0.6402047072977806,0.49055196332132517,1.05
box(6),-0.27902872000672596,0.7762715955229655,1.05
box(5),-0.537935453027726,0.6333783750696733,1.05
box(4),-0.4709400444254857,0.7734510875104696,1.05
box(3),-0.21656013526051177,0.389153434786041,1.05
box(2),-0.6321069122414849,0.27104928996966,1.05
box(1),-0.33817045532952994,0.23501297102818264,1.05
box(0),-0.7630170872866522,0.6979732688879332,1.05
box(8),-0.4299560293866134,0.4192238974397463,1.05
box(7),-0.37034496645434967,0.6443726739718123,1.05
box(6),-0.5799808755511073,0.44338257540222,1.05
box(5),-0.7830879541679017,0.23251537212176093,1.05
box(4),-0.5718853727906328,0.6445805058574876,1.05
box(3),-0.7910350094134917,0.4282205186979198,1.05
box(2),-0.24947734850327405,0.38371416057701635,1.05
box(1),-0.20809670821803078,0.7064887939843374,1.05
box(0),-0.5264552086068224,0.2178418209646352,1.05
box(8),-0.7897387625372609,0.6514296758820375,1.05
box(7),-0.42026618117202946,0.4593480640910168,1.05
box(6),-0.2769841848215083,0.21146125175257222,1.05
box(5),-0.38864060129042033,0.76300389912926,1.05
box(4),-0.5980751735228185,0.38629421189225593,1.05
box(3),-0.6833571913176797,0.7837484215115196,1.05
box(2),-0.5586385859800997,0.6495240891593985,1.05
box(1),-0.7647087650698383,0.23335322919634904,1.05
box(0),-0.27329139262123253,0.42403210109820283,1.05
box(8),-0.22088820017533115,0.6300740866697156,1.05
box(7),-0.7948265928479215,0.515535566857173,1.05
box(6),-0.4947395066402814,0.2504384301051546,1.05
box(5),-0.43177281219358377,0.5415428993696888,1.05
box(4),-0.24065240731634086,0.22686130958303408,1.05
box(3),-0.6383446282679502,0.4296205816491867,1.05
box(2),-0.4716238323204281,0.7908163858277637,1.05
box(1),-0.6457447440623738,0.6663767062313447,1.05
box(0),-0.708117587668889,0.20267588214114834,1.05
box(8),-0.3559288940017471,0.3289564626598295,1.05
box(7),-0.792829343758898,0.7277417460033264,1.05
box(6),-0.32471130748667054,0.757456782576932,1.05
box(5),-0.22889583198395225,0.4189294606683472,1.05
box(4),-0.41594176525775334,0.6068526418817219,1.05
box(3),-0.7731546460500063,0.5530059194605832,1.05
box(2),-0.6116405191181884,0.4961497480876451,1.05
box(1),-0.48686443216272196,0.7658084817330155,1.05
box(0),-0.6406262914287781,0.7228780695081398,1.05
box(8),-0.6103509534487652,0.2671719159893635,1.05
box(7),-0.3617101349226659,0.2527433577119632,1.05
box(6),-0.7877225918639446,0.7795444233299924,1.05
box(5),-0.21343638813386467,0.7338614220251674,1.05
box(4),-0.21159765395633634,0.44661101843035367,1.05
box(3),-0.4085971103622624,0.49445255751725986,1.05
box(2),-0.7303731022256608,0.6021244046583334,1.05
box(1),-0.3542779384382418,0.6634596023585196,1.05
box(0),-0.6495348609973233,0.4251815807600515,1.05
box(8),-0.7674756795142823,0.276462156691787,1.05
box(7),-0.5837589602670932,0.794294387105863,1.05
box(6),-0.5246681967526376,0.22368196506244103,1.05
box(5),-0.3472205426575302,0.22415900702225477,1.05
box(4),-0.20613721677622082,0.627499728724823,1.05
box(3),-0.20197837712492767,0.46694040898641526,1.05
box(2),-0.49061626447223516,0.44791176753833895,1.05
box(1),-0.7617831818217138,0.5286342320685238,1.05
box(0),-0.2777111456349294,0.7960702396201254,1.05
box(8),-0.787429523940472,0.7687624520984189,1.05
box(7),-0.45666327421510333,0.7016633926574429,1.05
box(6),-0.6821759815987406,0.24701705998644802,1.05
box(5),-0.6247755949452348,0.6506962902154019,1.05
box(4),-0.39132759656124694,0.3066267660789126,1.05
box(3),-0.22926754776364408,0.26850670390922277,1.05
box(2),-0.26034680864419735,0.4626331937332164,1.05
box(1),-0.38034918532042455,0.5578971300186067,1.05
box(0),-0.7405948940840072,0.4111011808464792,1.05
box(8),-0.2553270396721893,0.7144550216671617,1.05
box(7),-0.763605348142647,0.7474751837273925,1.05
box(6),-0.550983533951974,0.3213959076436803,1.05
box(5),-0.5191184961524895,0.4687169145748843,1.05
box(4),-0.4078951918923212,0.7266949189934901,1.05
box(3),-0.7397053853816717,0.22275207588364035,1.05
box(2),-0.6565339839444826,0.5618343538048851,1.05
box(1),-0.27255992918570593,0.37207206618265853,1.05
box(0),-0.39719213447592616,0.24600623218615997,1.05
box(8),-0.3388686237601862,0.570163459680304,1.05
box(7),-0.7008272482231681,0.3757001659033982,1.05
box(6),-0.6068748637993526,0.768634215561617,1.05
box(5),-0.23569376363006295,0.7009478257848849,1.05
box(4),-0.5387192840937296,0.3557886867264098,1.05
box(3),-0.7593276787196921,0.6868489517742296,1.05
box(2),-0.3782912886637652,0.7542799138939935,1.05
box(1),-0.6665019393431553,0.552856545359389,1.05
box(0),-0.2378712683653607,0.3132113443652452,1.05
box(8),-0.39423806039883724,0.24417098678596083,1.05
box(7),-0.38702670643542875,0.46087155021746207,1.05
box(6),-0.7292112356327654,0.27679521335324914,1.05
box(5),-0.5705447499969736,0.7402285755722839,1.05
box(4),-0.29384817905207083,0.6038256306086434,1.05
box(3),-0.573282752751195,0.2892288299091408,1.05
box(2),-0.2121570452638803,0.7721355943442447,1.05
box(1),-0.49934424583267356,0.5841904240441237,1.05
box(0),-0.7791109774648353,0.7294485791951337,1.05
box(8),-0.22680816035181647,0.33203224786410324,1.05
box(7),-0.790801331585437,0.4877834374901695,1.05
box(6),-0.38172726431681225,0.3345134536936464,1.05
box(5),-0.7193775285087811,0.33844279741393346,1.05
box(4),-0.37840458739072436,0.7488241617151945,1.05
box(3),-0.6488752978923578,0.5981056146613714,1.05
box(2),-0.5314793312333251,0.7327488654912353,1.05
box(1),-0.2701990727695054,0.6343014034730365,1.05
box(0),-0.4869766764395757,0.4797484678548046,1.05
box(8),-0.7358839234701604,0.7339033763677087,1.05
box(7),-0.31216310701950256,0.4680691851907056,1.05
box(6),-0.23171328411747102,0.3279506589740655,1.05
box(5),-0.437860898552596,0.2702513844560589,1.05
box(4),-0.6630440410020448,0.38307812626452165,1.05
box(3),-0.7101105690398155,0.2064263904487249,1.05
box(2),-0.7884783191366491,0.5345803517592581,1.05
box(1),-0.5351039908741297,0.6516681853042581,1.05
box(0),-0.22164574043823893,0.6836224312166644,1.05
box(8),-0.4851012267906883,0.4766377210690743,1.05
box(7),-0.433151171580183,0.7882020548502564,1.05
box(6),-0.7157754251742958,0.6849876317602712,1.05
box(5),-0.289772990565643,0.49901193125601323,1.05
box(4),-0.41496084606651146,0.25204457265534397,1.05
box(3),-0.7998422280596293,0.3622552695980446,1.05
box(2),-0.2004372723931246,0.3721830204582348,1.05
box(1),-0.6303400895914892,0.2508240020298413,1.05
box(0),-0.6366650786413122,0.4926214626626734,1.05
box(8),-0.2531981855889751,0.6928966406181569,1.05
box(7),-0.2590682515384643,0.20592186152758118,1.05
box(6),-0.43263703158645916,0.7979774390292669,1.05
box(5),-0.5694252289239128,0.6666267730474332,1.05
box(4),-0.4370994585829951,0.566943471938815,1.05
box(3),-0.24630879440614237,0.5264981648794386,1.05
box(2),-0.7855064106836251,0.274003265950208,1.05
box(1),-0.4522275098713574,0.2780375011254533,1.05
box(0),-0.6252372467524012,0.27535789661709764,1.05
box(8),-0.6673149864413601,0.5458570738232572,1.05
box(7),-0.7917812842204961,0.7865206381031338,1.05
box(6),-0.2755084620633713,0.773871472329563,1.05
box(5),-0.33430296764717643,0.39116205829281714,1.05
box(4),-0.5130430790831209,0.7031597764783684,1.05
box(3),-0.41373811221850715,0.5477853967093038,1.05
box(2),-0.538959030376169,0.44512816975468733,1.05
box(1),-0.2615599721163604,0.23021754878081266,1.05
box(0),-0.45990679926853734,0.2011383639340776,1.05
box(8),-0.7903246940312618,0.20487133653189138,1.05
box(7),-0.6323631866729226,0.5747294433319501,1.05
box(6),-0.7852394402400293,0.6977381559726106,1.05
box(5),-0.24022337459575469,0.7943887168027548,1.05
box(4),-0.2749027077837911,0.44197562185704553,1.05
box(3),-0.20145849272316105,0.6269100837260748,1.05
box(2),-0.43902727897520677,0.5824790645692448,1.05
box(1),-0.4705947385681341,0.37369713676959637,1.05
box(0),-0.6465889001051882,0.29857029386198125,1.05
box(8),-0.204932539598634,0.20540909103710714,1.05
box(7),-0.4069883890338026,0.7960979624694497,1.05
box(6),-0.4994324784526417,0.21332562344509653,1.05
box(5),-0.6208589819451279,0.6455911729651154,1.05
box(4),-0.6430855227575643,0.4925191937107773,1.05
box(3),-0.20298936001161438,0.7985271702284766,1.05
box(2),-0.778458691972562,0.7144960037049655,1.05
box(1),-0.4532970353830653,0.6363093907773165,1.05
box(0),-0.23205005081435168,0.5325540001576234,1.05
box(8),-0.7901922939253538,0.41675301195602515,1.05
box(7),-0.7862529080774687,0.219963790735469,1.05
box(6),-0.4157550192165271,0.3518712938950257,1.05
box(5),-0.2317399873673035,0.2994352059317716,1.05
box(4),-0.5641810057637351,0.3242186191582444,1.05
box(3),-0.5347468209599457,0.7734750664058079,1.05
box(2),-0.3678904964022428,0.2070178753155392,1.05
box(1),-0.20032698263723006,0.7045050110930129,1.05
box(0),-0.6635422131954061,0.6788125521459754,1.05
box(8),-0.6024186807831251,0.5299707417524118,1.05
box(7),-0.23392034914658527,0.47123758412397215,1.05
box(6),-0.7677999311931472,0.2322096817304582,1.05
box(5),-0.7944302803401639,0.45894233726199957,1.05
box(4),-0.4548212760186239,0.5668475025324443,1.05
box(3),-0.4255358398770346,0.35033493634057855,1.05
box(2),-0.3503539256602382,0.7333874816248502,1.05
box(1),-0.5868662157850741,0.2763905416372391,1.05
box(0),-0.275129815742998,0.22228285033619596,1.05
box(8),-0.5636775044193367,0.747805435090019,1.05
box(7),-0.714543708178859,0.6297851054373573,1.05
box(6),-0.20519620264803717,0.5504993751074354,1.05
box(5),-0.633450861260791,0.4261348073596289,1.05
box(4),-0.7667739830962865,0.3135083412587938,1.05
box(3),-0.44782533486502485,0.5076913569769069,1.05
box(2),-0.40498976081433014,0.30731506337099257,1.05
box(1),-0.3263858432905969,0.6831394700671705,1.05
box(0),-0.26677060652684326,0.4044373738782489,1.05
box(8),-0.5795765247273539,0.2807671009011221,1.05
box(7),-0.4960279604966492,0.7084995299852359,1.05
box(6),-0.7216552080993066,0.7727128755058217,1.05
box(5),-0.7708088561505493,0.5083269240619268,1.05
box(4),-0.6167326756585061,0.5621093429343589,1.05
box(3),-0.7360964617730825,0.3296573783310276,1.05
box(2),-0.26159143339390967,0.22570465873432063,1.05
box(1),-0.4028902108402061,0.334983587030401,1.05
box(0),-0.25325135237163154,0.7713403242982728,1.05
box(8),-0.21547979907174675,0.39769911733688446,1.05
box(7),-0.31640920864271543,0.5571346669887147,1.05
box(6),-0.561049563006987,0.28747903736892144,1.05
box(5),-0.5113055259674805,0.7881100469310063,1.05
box(4),-0.7449022610131069,0.7141121745484915,1.05
box(3),-0.629423223050546,0.5227051721674808,1.05
box(2),-0.7530882535711447,0.34332541552551776,1.05
box(1),-0.4612211570038995,0.515065846907329,1.05
box(0),-0.3745490048571009,0.3210261440935738,1.05
box(8),-0.24995760512832607,0.21972548377377685,1.05
box(7),-0.7856648213231108,0.515994216173817,1.05
box(6),-0.3877316573988171,0.6848734125230593,1.05
box(5),-0.5677687953626602,0.29891093729011703,1.05
box(4),-0.21683045912866072,0.3768206739623553,1.05
box(3),-0.6468068635634693,0.7474180459985542,1.05
box(2),-0.2387408353875321,0.7512642068224507,1.05
box(1),-0.495917391924632,0.7890903767888477,1.05
box(0),-0.554583107712999,0.5060142619494645,1.05
box(8),-0.355123831508932,0.44244777664703705,1.05
box(7),-0.316579771724118,0.20439726608148395,1.05
box(6),-0.7424975125093571,0.5718020384310479,1.05
box(5),-0.7690425549354452,0.3669803647732416,1.05
box(4),-0.6010646792755614,0.32747472686054513,1.05
box(3),-0.26644239176873685,0.5874832333848253,1.05
box(2),-0.6600785280655233,0.7948402311189482,1.05
box(1),-0.7397043016040497,0.2067894239364295,1.05
box(0),-0.5456842867115733,0.6568201428094647,1.05
box(8),-0.39238189421965464,0.7703999698784603,1.05
box(7),-0.36446248076682586,0.4672330322526018,1.05
box(6),-0.2285005224677378,0.3557732770072607,1.05
box(5),-0.4475675998718921,0.30771461062409294,1.05
box(4),-0.7188321542929226,0.4733755615039666,1.05
box(3),-0.7707204168392479,0.687977284261166,1.05
box(2),-0.2063995417934692,0.7840480150267963,1.05
box(1),-0.5668776167561161,0.4523747564876033,1.05
box(0),-0.694910105765082,0.28576144956928806,1.05
box(8),-0.5872331763250194,0.6284983413340934,1.05
box(7),-0.3697621141226488,0.6460049229140781,1.05
box(6),-0.5823276498345995,0.7926365974745253,1.05
box(5),-0.27482992585825783,0.20849814637651357,1.05
box(4),-0.4039514517430099,0.29573868513179374,1.05
box(3),-0.7655498922552426,0.534315012469984,1.05
box(2),-0.2490717246854971,0.4657540931213896,1.05
box(1),-0.7463738013876879,0.7675096808462303,1.05
box(0),-0.39995055840140914,0.4756966644592078,1.05
box(8),-0.5657486952511206,0.28361142571093284,1.05
box(7),-0.7843638148074588,0.37056961223939994,1.05
box(6),-0.21958897249373271,0.7809479826521537,1.05
box(5),-0.4759029598475673,0.7133741924820338,1.05
box(4),-0.23947889179735335,0.2136958528926044,1.05
box(3),-0.389209874928211,0.29054532239518716,1.05
box(2),-0.7020145200431862,0.5377167030137864,1.05
box(1),-0.5550235765834035,0.4618953560565932,1.05
box(0),-0.22543092891212316,0.5210060276535897,1.05
box(8),-0.7761875556800326,0.6921817466477158,1.05
box(7),-0.5877704640732921,0.2955182621483819,1.05
box(6),-0.7507769164483482,0.22563085506417785,1.05
box(5),-0.2446107573083969,0.7928627319936428,1.05
box(4),-0.5468495147343695,0.6196157758929586,1.05
box(3),-0.6029466270040011,0.7993681949067191,1.05
box(2),-0.2673925300130226,0.3553443360294012,1.05
box(1),-0.7085048357485377,0.42792827736552547,1.05
box(0),-0.49455195672240015,0.46583823678099373,1.05
box(8),-0.3530069336368064,0.637739448108466,1.05
box(7),-0.7403860284610106,0.737974220104427,1.05
box(6),-0.5341550611408505,0.27120017255174494,1.05
box(5),-0.7821765114515971,0.20905896452843592,1.05
box(4),-0.24069720001984501,0.510140353066459,1.05
box(3),-0.776950879162059,0.5649876112424773,1.05
box(2),-0.39544445585182914,0.2116483875446758,1.05
box(1),-0.3562228370027207,0.39823423852156414,1.05
box(0),-0.7278524026651274,0.39918881773896986,1.05
box(8),-0.5345819095460207,0.7205574569458844,1.05
box(7),-0.3577606499034328,0.7121690632015127,1.05
box(6),-0.5536660480817533,0.506660985122737,1.05
box(5),-0.6400671873710393,0.272383813893014,1.05
box(4),-0.7645189425958343,0.7476210013846241,1.05
box(3),-0.20255564439166832,0.42630877100370884,1.05
box(2),-0.7679080414389079,0.5788594331474887,1.05
box(1),-0.21087693383039666,0.7519063744471643,1.05
box(0),-0.33882617974803986,0.4923701002414145,1.05
box(8),-0.37546692229944967,0.23888735836465208,1.05
box(7),-0.534739837607191,0.7945031022327966,1.05
box(6),-0.21201807549007673,0.21742431950512286,1.05
box(5),-0.5392013992643491,0.5917939297505319,1.05
box(4),-0.6215540217312299,0.3887614617823665,1.05
box(3),-0.7800585007144911,0.2557277080169449,1.05
box(2),-0.36907878479882894,0.7842714730824241,1.05
box(1),-0.7430739587345496,0.6193755119230335,1.05
box(0),-0.2179335970798516,0.7134072675079208,1.05
box(8),-0.78462530072965,0.4548737644065657,1.05
box(7),-0.4184936809515264,0.25712417413521993,1.05
box(6),-0.410087171298409,0.40912332529024037,1.05
box(5),-0.5795585667326949,0.2384395608210334,1.05
box(4),-0.43288492986909427,0.5979857801146874,1.05
box(3),-0.20178831143449538,0.4990507745172433,1.05
box(2),-0.21677631875005787,0.24658339551484726,1.05
box(1),-0.7306158852554603,0.7820733843391079,1.05
box(0),-0.7292512975979708,0.21358774712247564,1.05
box(8),-0.23158985691208134,0.7368317459721085,1.05
box(7),-0.38663396873973055,0.76452015950748,1.05
box(6),-0.6707928479605945,0.39814765949536846,1.05
box(5),-0.4319624380418788,0.20259622636182859,1.05
box(4),-0.7137876869026896,0.5428248897708243,1.05
box(3),-0.5352794304413129,0.46867954584269805,1.05
box(2),-0.3254410021486921,0.39728679514724274,1.05
box(1),-0.34257119650986834,0.6046541526135066,1.05
box(0),-0.6220458277186793,0.7372186460874266,1.05
box(8),-0.20338806471171966,0.25460998616608,1.05
box(7),-0.7057450652945885,0.23701462822228436,1.05
box(6),-0.426169091825742,0.75350323285691,1.05
box(5),-0.26569331686716996,0.7908859337512926,1.05
box(4),-0.4266752008596041,0.26663406895153774,1.05
box(3),-0.7064144073993217,0.4322347412047909,1.05
box(2),-0.5282303925593841,0.5286513339275336,1.05
box(1),-0.30663292614804527,0.4034865105888712,1.05
box(0),-0.20109687104329715,0.5984730022921694,1.05
box(8),-0.7799849472759146,0.6068414450726125,1.05
box(7),-0.694397887601681,0.7794712978596237,1.05
box(6),-0.25670395039516397,0.25903506047102925,1.05
box(5),-0.7025729283352049,0.215288828710942,1.05
box(4),-0.38603518414879384,0.5952011324419533,1.05
box(3),-0.4178303088407966,0.7968026475227952,1.05
box(2),-0.45932100655960173,0.3043889285023884,1.05
box(1),-0.6765848796066125,0.4471981771016508,1.05
box(0),-0.48880307009669416,0.4731607823582167,1.05
box(8),-0.2027284770232759,0.5382789869040202,1.05
box(7),-0.32993815347210376,0.396349665047261,1.05
box(6),-0.5257921518571467,0.6534752251060427,1.05
box(5),-0.24210596493451897,0.7186300517559268,1.05
box(4),-0.6287504861964806,0.2935522272935552,1.05
box(3),-0.6377344948640578,0.7575340403877844,1.05
box(2),-0.33523560661525587,0.20687631666072748,1.05
box(1),-0.46657013960308835,0.28210072417047205,1.05
box(0),-0.7925069811941525,0.45864826742953313,1.05
box(8),-0.7141562254762117,0.5988353979264025,1.05
box(7),-0.22452021007467715,0.541535486686566,1.05
box(6),-0.5106322660181899,0.4543337665947931,1.05
box(5),-0.43540069022875144,0.6352317716435543,1.05
box(4),-0.3138956673745459,0.39127163477713,1.05
box(3),-0.7224914251466259,0.28244505087271465,1.05
box(2),-0.2573101575771092,0.7537911859804736,1.05
box(1),-0.7649749607673688,0.7450240125438281,1.05
box(0),-0.47652408157738624,0.30565387750788486,1.05
box(8),-0.7257119979806006,0.43661262859145794,1.05
box(7),-0.29052584011342253,0.20324930452679169,1.05
box(6),-0.5859584427514906,0.6567113313794355,1.05
box(5),-0.27521840980341344,0.5498817707944015,1.05
box(4),-0.4895300636738572,0.5099411784124341,1.05
box(3),-0.4358271857516461,0.7548996652974009,1.05
box(2),-0.27319876864314285,0.3846713566353319,1.05
box(1),-0.7002290425462641,0.2183383322616932,1.05
box(0),-0.7908596674264396,0.6962993335081689,1.05
box(8),-0.4913339889368988,0.2178719287534288,1.05
box(7),-0.5937252463650086,0.4013407905658268,1.05
box(6),-0.773977155864753,0.4504115406858265,1.05
box(5),-0.6349411687931635,0.6008564754562159,1.05
box(4),-0.28995852216409035,0.6748351481968335,1.05
box(3),-0.2004431704001801,0.24803818118216878,1.05
box(2),-0.4834273283837898,0.6422678522980265,1.05
box(1),-0.2651341452249476,0.39788734425307637,1.05
box(0),-0.6608707141891268,0.263173603256781,1.05
box(8),-0.7688088444077981,0.7526134045920434,1.05
box(7),-0.47519238687095694,0.24196531079720993,1.05
box(6),-0.6064949330877178,0.45082497806284794,1.05
box(5),-0.7907490807604387,0.5274622659146997,1.05
box(4),-0.6012844108867937,0.7430119021011081,1.05
box(3),-0.377115278805092,0.5243152533728892,1.05
box(2),-0.3502668822369661,0.7941749522680881,1.05
box(1),-0.2001478659994729,0.20932314574568567,1.05
box(0),-0.3049951235573607,0.3638251385331646,1.05
box(8),-0.20097402139933943,0.6030784070474634,1.05
box(7),-0.43461102244403677,0.670099534310765,1.05
box(6),-0.4522103840253511,0.22564119956492118,1.05
box(5),-0.5153477735642573,0.4105544679874377,1.05
box(4),-0.604093181861783,0.5606217087639318,1.05
box(3),-0.7840227143393037,0.25091997178502606,1.05
box(2),-0.671446461060059,0.7807785527069795,1.05
box(1),-0.6586959272660773,0.3522256816302528,1.05
box(0),-0.25604163450483675,0.7911104939172122,1.05
box(8),-0.33690051655657366,0.5147735296482985,1.05
box(7),-0.24886156590834596,0.3533690464384899,1.05
box(6),-0.4736947924054454,0.7767823612362268,1.05
box(5),-0.5037516460101984,0.21060466658140614,1.05
box(4),-0.508240983093843,0.4324998684497325,1.05
box(3),-0.6498804409492855,0.5675388396664705,1.05
box(2),-0.7983666379097676,0.22609117308869686,1.05
box(1),-0.794382510889843,0.4845378970834577,1.05
box(0),-0.2878755688770015,0.2079444216343168,1.05
box(8),-0.31664680472515566,0.745509198607442,1.05
box(7),-0.2960724511041251,0.5820309495648118,1.05
box(6),-0.7829088593665208,0.72030648905907,1.05
box(5),-0.6557934834686765,0.3176319148013669,1.05
box(4),-0.24375744669651955,0.3686879527433715,1.05
box(3),-0.5027262096161864,0.22692467696507512,1.05
box(2),-0.41599563980709664,0.3596790951610491,1.05
box(1),-0.5225065409614182,0.567999641026832,1.05
box(0),-0.7937244858569721,0.5301690276759556,1.05
box(8),-0.5803739059708357,0.7869118775045549,1.05
box(7),-0.3757579241295549,0.7936724994684432,1.05
box(6),-0.3480861421585236,0.5601051367390218,1.05
box(5),-0.3518726558600749,0.21477226781329567,1.05
box(4),-0.7950353434819359,0.7015563552503798,1.05
box(3),-0.6852242410567753,0.3460444468952566,1.05
box(2),-0.2083791354076736,0.4298365360016742,1.05
box(1),-0.36612814860796894,0.37664866311363415,1.05
box(0),-0.5160436987258006,0.642110665480766,1.05
box(8),-0.6146231420600758,0.4909141829957923,1.05
box(7),-0.4981565273439822,0.27489613349607794,1.05
box(6),-0.28819670110069556,0.741275872291598,1.05
box(5),-0.3550665814718231,0.6017989891531876,1.05
box(4),-0.6258870853000476,0.763968432173262,1.05
box(3),-0.7820044648989679,0.7565029807008721,1.05
box(2),-0.7241769183507707,0.3264793862692895,1.05
box(1),-0.20023243258470352,0.5801530201022373,1.05
box(0),-0.38418798079083527,0.3958546506794722,1.05
box(8),-0.22375829120183544,0.40819050415174674,1.05
box(7),-0.2752363476329065,0.22334040860871424,1.05
box(6),-0.5063506302171774,0.2592226076757493,1.05
box(5),-0.7722211420167502,0.593872158817398,1.05
box(4),-0.6123681880426195,0.47683094150284805,1.05
box(3),-0.5123968199086764,0.6823578756827089,1.05
box(2),-0.7042269831365282,0.7368071305263315,1.05
box(1),-0.7521640814421786,0.23527741064054974,1.05
box(0),-0.36538139218202803,0.7772073842309604,1.05
box(8),-0.779330372957588,0.4116439980447407,1.05
box(7),-0.42880419387558216,0.38797665593595754,1.05
box(6),-0.26181338704425106,0.21013051551180773,1.05
box(5),-0.2572753996964343,0.48491473559840476,1.05
box(4),-0.7954157000581947,0.6075082434737133,1.05
box(3),-0.5674529714659337,0.4680154634284999,1.05
box(2),-0.5641116126513597,0.6297510024140368,1.05
box(1),-0.25286631463207515,0.6654086187852463,1.05
box(0),-0.6850985162373692,0.25772864828790454,1.05
box(8),-0.3688172725994602,0.7794958780758952,1.05
box(7),-0.5079383139926426,0.23128150044384474,1.05
box(6),-0.76499032538482,0.7732230009283043,1.05
box(5),-0.5648446985492408,0.7801793129031502,1.05
box(4),-0.2420080630402604,0.4404399157106099,1.05
box(3),-0.7952664514301948,0.42421406877988954,1.05
box(2),-0.39065867098567075,0.6015869103492546,1.05
box(1),-0.3495000486227802,0.2471650282050611,1.05
box(0),-0.21843477475440337,0.7037273305252656,1.05
box(8),-0.6122534213022817,0.4141308759093185,1.05
box(7),-0.3958657632678683,0.4438072313443444,1.05
box(6),-0.49715792912639345,0.20192617029106089,1.05
box(5),-0.7937642502459037,0.25154321090530163,1.05
box(4),-0.5613389827073069,0.5993489144317372,1.05
box(3),-0.6595088325795913,0.7734380385004107,1.05
box(2),-0.20185385046082466,0.3042533836579329,1.05
box(1),-0.7899891438919868,0.584175612503646,1.05
box(0),-0.34514978677318886,0.25025485238287665,1.05
box(8),-0.23507776327319205,0.6394222993883494,1.05
box(7),-0.6717815021263647,0.4126085890023452,1.05
box(6),-0.38831093376420917,0.5971834476778686,1.05
box(5),-0.46388140237076014,0.43544501412155767,1.05
box(4),-0.37218744262810444,0.7682686866406314,1.05
box(3),-0.5735556922934817,0.251320163305367,1.05
box(2),-0.5503024574936118,0.7350749324047174,1.05
box(1),-0.7033056750611084,0.7651468731948996,1.05
box(0),-0.754062689516285,0.5960394108701708,1.05
box(8),-0.5666809635732233,0.5635175237246908,1.05
box(7),-0.2580637814569816,0.20319401152893496,1.05
box(6),-0.7332312606622984,0.3428580321442489,1.05
box(5),-0.27787904895066057,0.5093167978324861,1.05
box(4),-0.22106214404261293,0.3543823490238993,1.05
box(3),-0.2591992660579673,0.7821231996677507,1.05
box(2),-0.5408133882232429,0.20864012424380077,1.05
box(1),-0.48680869526648934,0.42752927166680793,1.05
box(0),-0.6711095731969767,0.7909165180695612,1.05
box(8),-0.449164335365826,0.6913310859610646,1.05
box(7),-0.7270794845271409,0.5023383880994025,1.05
box(6),-0.5746922732961618,0.5959355593458151,1.05
box(5),-0.7851919616454028,0.6418746441619634,1.05
box(4),-0.21097752147330245,0.6309898345914258,1.05
box(3),-0.211893427549581,0.4237946050525964,1.05
box(2),-0.28049152662197446,0.2805756082702174,1.05
box(1),-0.7407752341716975,0.2510579366748407,1.05
box(0),-0.5107514588972518,0.3716668316303532,1.05
box(8),-0.636750021166238,0.7931875232224952,1.05
box(7),-0.4181574748165116,0.5324781507701648,1.05
box(6),-0.3896429170811599,0.794926025231139,1.05
box(5),-0.7925346341594424,0.4283428192351525,1.05
box(4),-0.6591013687777234,0.5357876882808343,1.05
box(3),-0.2124745053401207,0.7600555736756431,1.05
box(2),-0.28628088714334016,0.6219779945829342,1.05
box(1),-0.5358541342773822,0.64057613995929,1.05
box(0),-0.221926720201274,0.46247726129474814,1.05
box(8),-0.32532057444441875,0.2891319676720969,1.05
box(7),-0.60285773978682,0.379024457127502,1.05
box(6),-0.6576216397665846,0.20563753034013937,1.05
box(5),-0.706151054709528,0.7234829169468526,1.05
box(4),-0.7623153903483213,0.36810710917729317,1.05
box(3),-0.4847862031257979,0.4868061638750459,1.05
box(2),-0.658674438240033,0.5537692166529347,1.05
box(1),-0.3203071827732655,0.5763138162044167,1.05
box(0),-0.42749099997210016,0.7017993970966112,1.05
box(8),-0.269202871578353,0.7928461245336573,1.05
box(7),-0.3728563497049633,0.3670820927296312,1.05
box(6),-0.4843415967489327,0.20604567669482002,1.05
box(5),-0.2377995585072443,0.43449491657255773,1.05
box(4),-0.7934349288144877,0.7600647715763944,1.05
box(3),-0.6467223761047349,0.3571200773363184,1.05
box(2),-0.6233860173562205,0.765011327114854,1.05
box(1),-0.6279152181512296,0.5442340519024376,1.05
box(0),-0.402695340446723,0.5515115499655309,1.05
box(8),-0.21692526693612657,0.5999700696938354,1.05
box(7),-0.3679270891152625,0.7664987997607733,1.05
box(6),-0.3315443483412652,0.24036850073344526,1.05
box(5),-0.20140733192484978,0.7935072885474521,1.05
box(4),-0.28511409897913487,0.41793538590074214,1.05
box(3),-0.7920931524726025,0.5684244484085059,1.05
box(2),-0.49369235464337263,0.23884931122245734,1.05
box(1),-0.7960180339986367,0.3448413187920325,1.05
box(0),-0.6360753268623152,0.40261726999971603,1.05
box(8),-0.48660284133722026,0.6741842852595777,1.05
box(7),-0.48695054242376545,0.5029827371292199,1.05
box(6),-0.769569056712512,0.7218232103896622,1.05
box(5),-0.2740908056969351,0.6239724168971381,1.05
box(4),-0.3059106252770831,0.2361376066347755,1.05
box(3),-0.6753344742468258,0.21256291809796957,1.05
box(2),-0.2776106613311371,0.40689525505676544,1.05
box(1),-0.7992782783223957,0.542701245862341,1.05
box(0),-0.4319226390856228,0.324093525232918,1.05
box(8),-0.6467759586750393,0.5152342157848062,1.05
box(7),-0.3434657064064467,0.7582839695081345,1.05
box(6),-0.5957982671459132,0.7589412446165171,1.05
box(5),-0.4562075811764016,0.6420098256241609,1.05
box(4),-0.7494285886147116,0.3773878375925619,1.05
box(3),-0.4264976930938613,0.4911732606510902,1.05
box(2),-0.7833280087590717,0.7956090113735246,1.05
box(1),-0.6355579251230306,0.20396993615566975,1.05
box(0),-0.2562831469857129,0.5908666473697144,1.05
box(8),-0.23473706439085582,0.21540052666313236,1.05
box(7),-0.6674293270220788,0.6242756880129087,1.05
box(6),-0.41033733174608006,0.20214343910596272,1.05
box(5),-0.5591710557158747,0.4030950679410824,1.05
box(4),-0.4658021437699774,0.6676942898053784,1.05
box(3),-0.34488610746159887,0.7951195129219881,1.05
box(2),-0.626639804155834,0.7821100003319439,1.05
box(1),-0.41436130502871515,0.48323651254638433,1.05
box(0),-0.6311235634643302,0.25387234141954484,1.05
box(8),-0.26046401584346174,0.5492291151021927,1.05
box(7),-0.22999233324993223,0.23962881091669974,1.05
box(6),-0.6707607906698021,0.5541890587922176,1.05
box(5),-0.4261759146194878,0.2092467061488279,1.05
box(4),-0.7804734153388007,0.7576412442475429,1.05
box(3),-0.7394076349609893,0.3795124963647156,1.05
box(2),-0.30226479599305445,0.7785963217197218,1.05
box(1),-0.5577970129569705,0.7596110837341541,1.05
box(0),-0.5363342860794397,0.4546406886526397,1.05
box(8),-0.6889406167972958,0.22188127984594236,1.05
box(7),-0.29866223441229606,0.4542860651150976,1.05
box(6),-0.22042768710187974,0.20786693253623328,1.05
box(5),-0.4233925302571956,0.5733321333791652,1.05
box(4),-0.4752041772140745,0.2770947249954566,1.05
box(3),-0.7392075121151922,0.6506341423997117,1.05
box(2),-0.7849256350202449,0.41511599183206843,1.05
box(1),-0.24515317319136226,0.6899422056073347,1.05
box(0),-0.5716496803331961,0.658081075075629,1.05
box(8),-0.6181964628096572,0.36795167049627536,1.05
box(7),-0.6459531072447909,0.21553683906050228,1.05
box(6),-0.24560695603904004,0.390962516073682,1.05
box(5),-0.432984806376627,0.7509706580228936,1.05
box(4),-0.42544343265567,0.5596572300983365,1.05
box(3),-0.4195238914661778,0.20581312804881347,1.05
box(2),-0.7257828820585759,0.6959801871854076,1.05
box(1),-0.6852211779692068,0.5063935151244301,1.05
box(0),-0.25153210260307857,0.653247087420874,1.05
box(8),-0.2508524352223305,0.22075871368289343,1.05
box(7),-0.5240722340555182,0.41151136855600456,1.05
box(6),-0.6522962346898666,0.22572740749023584,1.05
box(5),-0.21906548584500662,0.4169009776219627,1.05
box(4),-0.34826638884306554,0.7917649846728854,1.05
box(3),-0.4931185454011569,0.5828658487889771,1.05
box(2),-0.5238193125222605,0.7847888821693136,1.05
box(1),-0.4562285587346651,0.22675108034053304,1.05
box(0),-0.6729468014179556,0.4836668125270636,1.05
box(8),-0.7283668275013084,0.6371981402949565,1.05
box(7),-0.30858989596894504,0.6404001998623303,1.05
box(6),-0.22783873537318688,0.2029354014557352,1.05
box(5),-0.7792392729673037,0.31227884651571824,1.05
box(4),-0.5312052731124046,0.4297277695726829,1.05
box(3),-0.25535709351441205,0.7854402295416851,1.05
box(2),-0.2865936717438069,0.3591889302236596,1.05
box(1),-0.6112531520848297,0.2955364468256475,1.05
box(0),-0.610903423703889,0.740371643680525,1.05
box(8),-0.5117525527294449,0.5828584190359558,1.05
box(7),-0.4374087571236348,0.2574868971672355,1.05
box(6),-0.7971306659788804,0.5001422003795017,1.05
box(5),-0.386808670660555,0.49691851475526977,1.05
box(4),-0.2483802996427256,0.601342107045677,1.05
box(3),-0.7583229905125428,0.22686442879174484,1.05
box(2),-0.2017283795197467,0.7914405562633104,1.05
box(1),-0.22508870703172168,0.40570919590863364,1.05
box(0),-0.6004094515618142,0.36055161495067145,1.05
box(8),-0.615413660148179,0.7454977183606764,1.05
box(7),-0.3978856741379878,0.6466667022959127,1.05
box(6),-0.6078647208248646,0.5613026690983444,1.05
box(5),-0.34632961690661,0.29867900953351445,1.05
box(4),-0.781235094001415,0.7449829896204678,1.05
box(3),-0.7556947629303776,0.4808323705442106,1.05
box(2),-0.4609884659748641,0.42733002156832006,1.05
box(1),-0.7918154573554399,0.21136045037043005,1.05
box(0),-0.29266402544135367,0.7801817067479724,1.05
box(8),-0.2105691211219104,0.4243675250334518,1.05
box(7),-0.5982066319083187,0.34084330837366783,1.05
box(6),-0.2679681673521778,0.598092247064351,1.05
box(5),-0.5292504216039087,0.7367728982018587,1.05
box(4),-0.4323146590101424,0.21431157329957698,1.05
box(3),-0.6668417285004149,0.660690326107764,1.05
box(2),-0.7940446248403996,0.46322583613462953,1.05
box(1),-0.43425189684244686,0.5492551033572022,1.05
box(0),-0.7583212577993197,0.31487280746475566,1.05
box(8),-0.2594276718178416,0.763522178136151,1.05
box(7),-0.25782985715187856,0.3689086853206661,1.05
box(6),-0.41465767035920303,0.37162108998419174,1.05
box(5),-0.28005809167388446,0.5750070689098253,1.05
box(4),-0.5220104176696483,0.7313065895824404,1.05
box(3),-0.5689142994719673,0.3023949973265393,1.05
box(2),-0.7789642714085856,0.7596457134210832,1.05
box(1),-0.6320429339345479,0.508835507065402,1.05
box(0),-0.7651440415717616,0.5810782262760953,1.05
box(8),-0.7880875309161499,0.26283291764140493,1.05
box(7),-0.7682582490238616,0.41213299884730914,1.05
box(6),-0.2379224744273019,0.3352923832094741,1.05
box(5),-0.4493124254433879,0.44258184530669853,1.05
box(4),-0.34043069330531006,0.6287437636322952,1.05
box(3),-0.4743551245169144,0.7109923536040905,1.05
box(2),-0.5749235556918288,0.27502162556593,1.05
box(1),-0.7617689559455718,0.7877347312479877,1.05
box(0),-0.3276084663789617,0.7916879426007573,1.05
box(8),-0.648738020842809,0.6202616898422622,1.05
box(7),-0.40939221976353024,0.2795296447118354,1.05
box(6),-0.7412895431653239,0.39689770928934953,1.05
box(5),-0.2359385622918226,0.4575056021660504,1.05
box(4),-0.7684214944672394,0.2489220444672638,1.05
box(3),-0.28958408855561796,0.6252757647703773,1.05
box(2),-0.25445101247995056,0.2964310181938009,1.05
box(1),-0.49824734245947966,0.541533623358782,1.05
box(0),-0.5962305982806714,0.23779912427476874,1.05
box(8),-0.4213693600033618,0.7811058818297518,1.05
box(7),-0.24676946694785223,0.7981117814947789,1.05
box(6),-0.6461117418225084,0.7899741915425649,1.05
box(5),-0.6564875431110876,0.42348815422149,1.05
box(4),-0.3173688941973982,0.46494603375753923,1.05
box(3),-0.7530594137317497,0.6697954114780076,1.05
box(2),-0.4299812477716729,0.3645416472404306,1.05
box(1),-0.29914809026378514,0.21809809639262262,1.05
box(0),-0.7527238050794784,0.21307020194518808,1.05
box(8),-0.5041602974413484,0.5893828885900579,1.05
box(7),-0.7934617255637129,0.4965691787286957,1.05
box(6),-0.36083789534010646,0.7822667613299854,1.05
box(5),-0.22990416915051753,0.5971219089077159,1.05
box(4),-0.5750093999646047,0.2929937791036556,1.05
box(3),-0.2716371166863395,0.4312013117344762,1.05
box(2),-0.7273381775348107,0.7398601818501891,1.05
box(1),-0.47387378451829326,0.415210313690665,1.05
box(0),-0.3154092309380826,0.27833379493894866,1.05
box(8),-0.6670921641551076,0.5938080559697689,1.05
box(7),-0.5067916229625766,0.5847100364200859,1.05
box(6),-0.20379241706966214,0.7736601145936588,1.05
box(5),-0.6774564626767838,0.4318113062543411,1.05
box(4),-0.3492513046568204,0.7293980836098009,1.05
box(3),-0.6479603005782287,0.20764861647321664,1.05
box(2),-0.24883546288963437,0.43484727873820084,1.05
box(1),-0.5207111564118692,0.7503453894295078,1.05
box(0),-0.4846908262159982,0.2221743765801895,1.05
box(8),-0.28591953857653607,0.2136983285996619,1.05
box(7),-0.4037516615880469,0.3654916608829004,1.05
box(6),-0.7771286275254723,0.7379833022224873,1.05
box(5),-0.5253315472784905,0.5619877389116846,1.05
box(4),-0.7133931442110193,0.5971460955866552,1.05
box(3),-0.70346704761751,0.43028265145957684,1.05
box(2),-0.6707569521374137,0.27141157239832414,1.05
box(1),-0.2376758121032901,0.6715290625175689,1.05
box(0),-0.27218220246891267,0.47903237449370845,1.05
box(8),-0.4641163354607484,0.7749745984607492,1.05
box(7),-0.26981884894016767,0.22926789560819172,1.05
box(6),-0.4328147322960828,0.36652485566866,1.05
box(5),-0.6450648524807727,0.7813269948709405,1.05
box(4),-0.4633213240613898,0.5567293071273134,1.05
box(3),-0.7690172533577131,0.5935191313740293,1.05
box(2),-0.5125932089777681,0.22411715622945372,1.05
box(1),-0.7836147552803439,0.3372960103324118,1.05
box(0),-0.3292486504365475,0.6439097109587781,1.05
box(8),-0.6184454492461424,0.3483611494192532,1.05
box(7),-0.6161091757732476,0.5231845166619582,1.05
box(6),-0.2326064780168778,0.36723592918458625,1.05
box(5),-0.502780669919995,0.7302742156165163,1.05
box(4),-0.4331766305663799,0.3617405371973774,1.05
box(3),-0.35907630004964586,0.49489172283861743,1.05
box(2),-0.7830210391761747,0.7873831234219959,1.05
box(1),-0.360610694991931,0.21089553209159528,1.05
box(0),-0.7882488900974913,0.6014545476204054,1.05
box(8),-0.673333248571053,0.20045740437176082,1.05
box(7),-0.7755086689871722,0.36895197389883294,1.05
box(6),-0.20946810532630564,0.6723661251784163,1.05
box(5),-0.5208462769719924,0.5529370951276543,1.05
box(4),-0.2330672291486646,0.34311405690821273,1.05
box(3),-0.5378131227832545,0.3087091495809384,1.05
box(2),-0.4330611222817878,0.7652901433629005,1.05
box(1),-0.3988321311227454,0.37744914074197744,1.05
box(0),-0.3030793082499033,0.5461399159587462,1.05
box(8),-0.7639002751108477,0.6516496950704571,1.05
box(7),-0.7698680171342505,0.2060571826729321,1.05
box(6),-0.7936723297098047,0.4390149619599746,1.05
box(5),-0.22191473511047766,0.6780387218980468,1.05
box(4),-0.5390088554538014,0.5689122283439789,1.05
box(3),-0.21289580672432118,0.3210524160948264,1.05
box(2),-0.6106188567808574,0.7543596673342918,1.05
box(1),-0.6142799648758547,0.25928091524141766,1.05
box(0),-0.3850838284987552,0.7868076068251002,1.05
box(8),-0.47823938731636095,0.4221210487399769,1.05
box(7),-0.773500097789533,0.7252297619386943,1.05
box(6),-0.3682673221302434,0.6353062888301101,1.05
box(5),-0.7168642285684286,0.4347779628330021,1.05
box(4),-0.2854416229341155,0.45682647714090396,1.05
box(3),-0.22125883298205964,0.747431767040309,1.05
box(2),-0.21327439146746363,0.2866047650890045,1.05
box(1),-0.565765940504302,0.7262559708724923,1.05
box(0),-0.3661959902469747,0.2653960437718368,1.05
box(8),-0.5711929263035815,0.5632230142013503,1.05
box(7),-0.5401795577682845,0.24773922515537122,1.05
box(6),-0.47751527670670996,0.38803357269105443,1.05
box(5),-0.7277086091982294,0.6049746799822626,1.05
box(4),-0.6376766330091879,0.36978574683194376,1.05
box(3),-0.3973849544131699,0.787830034480085,1.05
box(2),-0.7141573384484541,0.21471309813360245,1.05
box(1),-0.2518389230344147,0.7358043836030645,1.05
box(0),-0.2540609249811969,0.38802383996655804,1.05
box(8),-0.2984466043311051,0.5564073518962069,1.05
box(7),-0.7977774966827642,0.7658122651680865,1.05
box(6),-0.3800582418891575,0.23853805887837887,1.05
box(5),-0.48823524029281196,0.408367186160436,1.05
box(4),-0.5417052214250957,0.22532462684423063,1.05
box(3),-0.6661454983738044,0.5200446764006856,1.05
box(2),-0.4644049031465457,0.5898351756300246,1.05
box(1),-0.6290152517658121,0.7898751733394174,1.05
box(0),-0.34834554952208463,0.7739093760359201,1.05
box(8),-0.695629504027951,0.2398533162091696,1.05
box(7),-0.24484249509005437,0.46077850722682995,1.05
box(6),-0.2220459697320576,0.6094321508164731,1.05
box(5),-0.2840280983150586,0.2718883729695599,1.05
box(4),-0.46453433710661757,0.40740260320656063,1.05
box(3),-0.4389533122962528,0.2388851058547991,1.05
box(2),-0.6623023725003125,0.425288002222661,1.05
box(1),-0.48520153512025194,0.6517283345093747,1.05
box(0),-0.7822146222527968,0.5993886361380447,1.05
box(8),-0.6210118740075832,0.7596440885866689,1.05
box(7),-0.68446891367185,0.21934160334487135,1.05
box(6),-0.28905404630495257,0.7929312749354038,1.05
box(5),-0.2428108795691648,0.4237149525015341,1.05
box(4),-0.2331053872841175,0.5954809358555238,1.05
box(3),-0.41641918670193384,0.47896943274776976,1.05
box(2),-0.20305831390938966,0.20701129539184415,1.05
box(1),-0.517302751004474,0.25697237279908636,1.05
box(0),-0.6069969950486951,0.582516309222814,1.05
box(8),-0.392108970255662,0.6621038870078872,1.05
box(7),-0.5725665488829903,0.4034127293977815,1.05
box(6),-0.7447010418275068,0.4612915350641577,1.05
box(5),-0.7916154651102039,0.2933436815062131,1.05
box(4),-0.6713869698543227,0.7898858331704457,1.05
box(3),-0.37021467203763514,0.22714055385333715,1.05
box(2),-0.2067993186217888,0.7306164597051414,1.05
box(1),-0.37638969636422914,0.4542995386891209,1.05
box(0),-0.49387958170340923,0.7891638839105124,1.05
box(8),-0.6035579793375483,0.5919976175652074,1.05
box(7),-0.7834713843794905,0.67995896622978,1.05
box(6),-0.6397911493665923,0.2348924282498442,1.05
box(5),-0.7169848827554817,0.49355560686359484,1.05
box(4),-0.5666692603932939,0.42478373104138056,1.05
box(3),-0.3678344819210089,0.6585997187416741,1.05
box(2),-0.4876708728514871,0.24869547892773788,1.05
box(1),-0.24429738536077214,0.20451401313087425,1.05
box(0),-0.280633096446156,0.40065761600833305,1.05
box(8),-0.41228269156176256,0.49220439360391866,1.05
box(7),-0.784041885277915,0.3038669252684469,1.05
box(6),-0.21891498936432316,0.6111301456716505,1.05
box(5),-0.5309214009396954,0.6002165165488269,1.05
box(4),-0.7278937604866167,0.6383216592721176,1.05
box(3),-0.7825057988985553,0.4715084834328704,1.05
box(2),-0.20370038026482903,0.7830818506342894,1.05
box(1),-0.5712660806458403,0.4079882026290296,1.05
box(0),-0.4742261462413984,0.7993618358644259,1.05
box(8),-0.3896597282438092,0.3143510922157793,1.05
box(7),-0.36760209494319107,0.5688815138503802,1.05
box(6),-0.22105902977262426,0.24193172937807023,1.05
box(5),-0.6972052219714371,0.3206435668075499,1.05
box(4),-0.5399604063348409,0.23873275405142458,1.05
box(3),-0.7039138669493121,0.7717736430066102,1.05
box(2),-0.7883616961606292,0.6455513940549724,1.05
box(1),-0.7974547851323832,0.4549651773533133,1.05
box(0),-0.5175787666988315,0.5430707082101068,1.05
box(8),-0.43119512706638735,0.770935425369353,1.05
box(7),-0.28126207394342184,0.3917875279518501,1.05
box(6),-0.24963753747798864,0.6932010246793607,1.05
box(5),-0.30237303782856756,0.23581656392841616,1.05
box(4),-0.6437417231861609,0.36669912708737107,1.05
box(3),-0.3502100670281595,0.5686605800946747,1.05
box(2),-0.6324516830383494,0.7321584701722534,1.05
box(1),-0.6540835409397209,0.20164528001564294,1.05
box(0),-0.7396497610685,0.4976826727967622,1.05
box(8),-0.5159170265696619,0.5159618467919198,1.05
box(7),-0.5010749434788064,0.27818879724218054,1.05
box(6),-0.44552847219144587,0.7968105368188552,1.05
box(5),-0.2166477554104539,0.4693026760772027,1.05
box(4),-0.32880222552021465,0.2491138974939943,1.05
box(3),-0.22637934691708594,0.7830756320250765,1.05
box(2),-0.7993962431690682,0.33966242709549666,1.05
box(1),-0.5945139358386661,0.7789137415526137,1.05
box(0),-0.662422342262567,0.26849867607523,1.05
box(8),-0.6650081226738667,0.6080501376433998,1.05
box(7),-0.34163464634017926,0.5999738048956476,1.05
box(6),-0.49981377440720903,0.38916400548978347,1.05
box(5),-0.49454786061918515,0.664671524356313,1.05
box(4),-0.6637134851767201,0.4215900850715098,1.05
box(3),-0.4009508535153032,0.7893586372559829,1.05
box(2),-0.31238647534599406,0.256284930840719,1.05
box(1),-0.2505551563793748,0.45551468142972396,1.05
box(0),-0.7782149863271426,0.7711599522009835,1.05
box(8),-0.6033080905227677,0.2441295278739098,1.05
box(7),-0.7153962326757644,0.5696685403676536,1.05
box(6),-0.7931776172102682,0.2243673921978447,1.05
box(5),-0.21875028344555458,0.7804656770677274,1.05
box(4),-0.2678370901591457,0.6181095761160417,1.05
box(3),-0.42519762518204335,0.5297516607029573,1.05
box(2),-0.4860534217850312,0.7769238623863037,1.05
box(1),-0.6199676651848511,0.4082805171183348,1.05
box(0),-0.3275353935449421,0.30114012514581,1.05
box(8),-0.7941057655801516,0.3828675639423741,1.05
box(7),-0.5686918671586654,0.25523134645461343,1.05
box(6),-0.5545488587180887,0.6320652738612675,1.05
box(5),-0.7826970464468519,0.6475552404334792,1.05
box(4),-0.21529285115368008,0.775162418803756,1.05
box(3),-0.25425411592843705,0.49362556692205356,1.05
box(2),-0.4710856171021747,0.3889061517557768,1.05
box(1),-0.3965377430173298,0.6541434793382979,1.05
box(0),-0.6825856456452308,0.7959396384234005,1.05
box(8),-0.7885286942881864,0.2154523388620757,1.05
box(7),-0.361734426554736,0.24425956959877115,1.05
box(6),-0.7221385955755679,0.4415976749527396,1.05
box(5),-0.6252879240632854,0.2579520885435,1.05
box(4),-0.5779390327754845,0.643183232541942,1.05
box(3),-0.7925811605645334,0.6600176443887894,1.05
box(2),-0.21417834190273688,0.3809212048611593,1.05
box(1),-0.2799431380678896,0.7699522686829923,1.05
box(0),-0.3057265507361102,0.5388031028776025,1.05
box(8),-0.4955692995025542,0.4735060151886045,1.05
box(7),-0.47125855958852675,0.7771456642402961,1.05
box(6),-0.7969253449955565,0.2911077957035393,1.05
box(5),-0.7751408713934751,0.452809106789277,1.05
box(4),-0.49917454634030745,0.31057009626661697,1.05
box(3),-0.30860254254570835,0.23449972104843103,1.05
box(2),-0.7061692736962026,0.5890517106668923,1.05
box(1),-0.6466981168360035,0.20213846997861398,1.05
box(0),-0.5525653476214318,0.6395101024688816,1.05
box(8),-0.31477852337396917,0.40760415811365563,1.05
box(7),-0.276086200926281,0.6432721558524115,1.05
box(6),-0.6193614268987453,0.4178743560828735,1.05
box(5),-0.7677066532502748,0.7328462548411143,1.05
box(4),-0.3929359165848917,0.5459792808638422,1.05
box(3),-0.495751559875587,0.33027579209326835,1.05
box(2),-0.7928469164747067,0.4171594801893967,1.05
box(1),-0.4141449042173894,0.7182470642391146,1.05
box(0),-0.7972982671704298,0.2514355224087497,1.05
box(8),-0.5738755950350287,0.6081347054302625,1.05
box(7),-0.2857839741552517,0.41191945064767466,1.05
box(6),-0.2154403225577694,0.6585691762636784,1.05
box(5),-0.7800301815157586,0.5691575838544536,1.05
box(4),-0.6464964457028304,0.37878345766315547,1.05
box(3),-0.642877346076725,0.2009684991137698,1.05
box(2),-0.6978441184793984,0.7904906240533016,1.05
box(1),-0.37863488405826873,0.26083971634717484,1.05
box(0),-0.42051031962606394,0.7420285339472257,1.05
box(8),-0.39073279216885703,0.5608725182130141,1.05
box(7),-0.2280375235300281,0.21622490982278117,1.05
box(6),-0.5892216087593326,0.6442796911271059,1.05
box(5),-0.23364799405204983,0.48503181384636096,1.05
box(4),-0.7234137437729968,0.5679678612299581,1.05
box(3),-0.6909520254073731,0.4118220220658184,1.05
box(2),-0.5871028779988199,0.2215812925805411,1.05
box(1),-0.776916514706363,0.7119001286276312,1.05
box(0),-0.7842316695028884,0.2506374996903239,1.05
box(8),-0.48129257110851903,0.3287659056078448,1.05
box(7),-0.2524279285976901,0.7665515081909924,1.05
box(6),-0.21673607841423412,0.240550177550307,1.05
box(5),-0.45946854583450963,0.501332007920799,1.05
box(4),-0.25336212578195527,0.39921110654599623,1.05
box(3),-0.3967965243131335,0.6985617887264202,1.05
box(2),-0.7716659060689761,0.5285113344858411,1.05
box(1),-0.6515175913246075,0.3567105707642887,1.05
box(0),-0.7166893073979408,0.6786175962266764,1.05
box(8),-0.5911350967987344,0.5931255295125101,1.05
box(7),-0.5330315163704891,0.2135552364677701,1.05
box(6),-0.222151900878358,0.7850884182229496,1.05
box(5),-0.5528407318155169,0.7573476902454708,1.05
box(4),-0.4147323109923191,0.3410738445786995,1.05
box(3),-0.21255498515346932,0.48638820726453674,1.05
box(2),-0.40863732426145427,0.7065856588974304,1.05
box(1),-0.25028189604567735,0.3109160154467492,1.05
box(0),-0.7904930953105704,0.5105678989540174,1.05
box(8),-0.37660695997103033,0.527805496560215,1.05
box(7),-0.7193674557648169,0.7275001985821337,1.05
box(6),-0.5685050625867605,0.2554150976272002,1.05
box(5),-0.5327473369620357,0.48883448292873594,1.05
box(4),-0.7331910179401375,0.20690318026706095,1.05
box(3),-0.22375469345545762,0.7005170198613107,1.05
box(2),-0.4108706598886911,0.33270000431820956,1.05
box(1),-0.495027952119834,0.6842624973293256,1.05
box(0),-0.23952325576894162,0.4597495941286624,1.05
box(8),-0.7590761404322162,0.5363580905411284,1.05
box(7),-0.20088156909940058,0.22200722730580322,1.05
box(6),-0.7589182469719158,0.7077953193642728,1.05
box(5),-0.565397428657465,0.27145564073545037,1.05
box(4),-0.5459420024471255,0.4651267985745977,1.05
box(3),-0.7174848855920313,0.2540290848480702,1.05
box(2),-0.30032813624456534,0.7042958286396936,1.05
box(1),-0.36916281623682423,0.2816637770856544,1.05
box(0),-0.5348368097697984,0.6179773885340651,1.05
box(8),-0.3031360930237966,0.48465382009867475,1.05
box(7),-0.474233653934334,0.7580220605377408,1.05
box(6),-0.6937496486199604,0.43051633456674504,1.05
box(5),-0.795871992756628,0.622130769207868,1.05
box(4),-0.6785558607188833,0.7262705135682188,1.05
box(3),-0.4580405119311552,0.48424207502229005,1.05
box(2),-0.5407450217159391,0.2803648976195881,1.05
box(1),-0.3208750978116681,0.7198254693512189,1.05
box(0),-0.3111654910653743,0.22116979679783566,1.05
box(8),-0.21666347251655982,0.343236755626523,1.05
box(7),-0.2823499004623607,0.5729476575926953,1.05
box(6),-0.46633406925669785,0.7758338542711305,1.05
box(5),-0.6499409758769017,0.3877112093828826,1.05
box(4),-0.5286297358024048,0.6345137867984301,1.05
box(3),-0.7970986982579646,0.7601931162955808,1.05
box(2),-0.5048158401508149,0.4443234019087394,1.05
box(1),-0.7597250893795517,0.4944523982933721,1.05
box(0),-0.3068226189897303,0.7372114792184539,1.05
box(8),-0.6063122419399924,0.23566041296149037,1.05
box(7),-0.7657857754307686,0.2776746297625182,1.05
box(6),-0.3816367854734417,0.23340622428818647,1.05
box(5),-0.2658776080158834,0.4041571623446435,1.05
box(4),-0.573677807638904,0.7971477881771325,1.05
box(3),-0.41709325514289775,0.570402638094558,1.05
box(2),-0.25499826417885696,0.5807679390743332,1.05
box(1),-0.7475682249657871,0.6646854597092441,1.05
box(0),-0.6759707086698774,0.47522989538884236,1.05
box(8),-0.3583311951585391,0.7490863162351162,1.05
box(7),-0.5053853934592578,0.4395062667531095,1.05
box(6),-0.7628102263904191,0.24154108710037123,1.05
box(5),-0.5306887978164007,0.22806720943128794,1.05
box(4),-0.3097400923263884,0.28323133184020843,1.05
box(3),-0.5815022393615943,0.7671449000081119,1.05
box(2),-0.3482338703250879,0.4464603335226689,1.05
box(1),-0.5019685535579257,0.5915442812855013,1.05
box(0),-0.23899767130090263,0.5651727030613765,1.05
box(8),-0.6359239211784313,0.3586547643235707,1.05
box(7),-0.23273546084186125,0.7219920768968577,1.05
box(6),-0.7433334442168551,0.5646199519988235,1.05
box(5),-0.7910771386888855,0.7819455639909585,1.05
box(4),-0.45381718765737916,0.23484508731630066,1.05
box(3),-0.2932035916875034,0.23348978140055532,1.05
box(2),-0.6110050838471985,0.7329601213173655,1.05
box(1),-0.4004578959318431,0.390788550276149,1.05
box(0),-0.40582795941734007,0.62268578816568,1.05
box(8),-0.2576246008682384,0.5177825264192994,1.05
box(7),-0.7645275994376095,0.3263446022008055,1.05
box(6),-0.5619435712051597,0.4898591262741302,1.05
box(5),-0.2293489862667421,0.7386028203124255,1.05
box(4),-0.7200104953133895,0.5572804047718195,1.05
box(3),-0.49497221916542045,0.22381784896529036,1.05
box(2),-0.7867928106082578,0.7928448018722376,1.05
box(1),-0.5748990331861946,0.7605961132471661,1.05
box(0),-0.2646238064278452,0.3390534104669105,1.05
box(8),-0.4230455750910663,0.7936991638560638,1.05
box(7),-0.3893947921576413,0.6011523100377643,1.05
box(6),-0.2481111394041241,0.518827612240671,1.05
box(5),-0.6826345155755853,0.2910670412446079,1.05
box(4),-0.4927336612587612,0.4596121708141072,1.05
box(3),-0.723553852575253,0.46747361188618664,1.05
box(2),-0.27747779150467927,0.7183955349399995,1.05
box(1),-0.7885836407920204,0.6037272885571365,1.05
box(0),-0.584999536928551,0.6550879826810101,1.05
box(8),-0.45973602661349844,0.3107198958439866,1.05
box(7),-0.3041374976020356,0.3729893603329253,1.05
box(6),-0.3347683078860605,0.21364627292944072,1.05
box(5),-0.7036707202151729,0.7719454127481233,1.05
box(4),-0.7704115639922609,0.28626870068689814,1.05
box(3),-0.33907948825299983,0.5755896887937111,1.05
box(2),-0.6112852828156002,0.27046313008071027,1.05
box(1),-0.695058886465977,0.4447262609317777,1.05
box(0),-0.7462590932224382,0.5935513484622299,1.05
box(8),-0.5722116272478919,0.6104698020242723,1.05
box(7),-0.47733362031976273,0.7385828712349094,1.05
box(6),-0.26433057522172604,0.36962795319115804,1.05
box(5),-0.5188863369360468,0.449304810652994,1.05
box(4),-0.41660846308125055,0.2447330192324261,1.05
box(3),-0.768984117825283,0.24966309631938471,1.05
box(2),-0.39047459560223147,0.6001972063133627,1.05
box(1),-0.2129647898288033,0.7540801077795174,1.05
box(0),-0.749755688976034,0.43388298492358685,1.05
box(8),-0.2354702221386467,0.5613895170074072,1.05
box(7),-0.7599096837057149,0.6710813929267587,1.05
box(6),-0.6158615160461351,0.7900602281503124,1.05
box(5),-0.22561507705742292,0.2792956311330109,1.05
box(4),-0.5252247092287673,0.3605214966519559,1.05
box(3),-0.3727891673343565,0.4214308501755366,1.05
box(2),-0.6065170960177535,0.21380282284766738,1.05
box(1),-0.3702267244001749,0.7919102195357797,1.05
box(0),-0.38989536425701843,0.23397100909103294,1.05
box(8),-0.6241728802058921,0.4979713221893061,1.05
box(7),-0.2578938543940285,0.6758044263628031,1.05
box(6),-0.7504373795002608,0.38690591581759004,1.05
box(5),-0.6933089449269372,0.7409423572249316,1.05
box(4),-0.770970418303297,0.21285994326224036,1.05
box(3),-0.23275738431355356,0.24716395654000506,1.05
box(2),-0.434181222878698,0.5779867039879216,1.05
box(1),-0.33242896587198134,0.3954557007663726,1.05
box(0),-0.7862347617068133,0.5798993122264975,1.05
box(8),-0.4957123460253319,0.7856869103100912,1.05
box(7),-0.5700614560808809,0.43916122445502936,1.05
box(6),-0.27227480870584186,0.6369957874261389,1.05
box(5),-0.29123329784784746,0.7925332277579222,1.05
box(4),-0.5139913116914705,0.26371102070165314,1.05
box(3),-0.7791565125463078,0.3168663614299783,1.05
box(2),-0.636907748700384,0.6274449728674762,1.05
box(1),-0.4351419355629708,0.5332961395322193,1.05
box(0),-0.21124037039965718,0.35255875478003185,1.05
box(8),-0.7842476059099357,0.49285717313444466,1.05
box(7),-0.5420256840447873,0.7529559192856428,1.05
box(6),-0.3189203378330518,0.20058958879454214,1.05
box(5),-0.2525000475891151,0.525154730305021,1.05
box(4),-0.40181177688880776,0.6839252625733708,1.05
box(3),-0.6280086169863226,0.27681743099157075,1.05
box(2),-0.49076341889181735,0.38980108368447114,1.05
box(1),-0.48072510301499577,0.24006154909195926,1.05
box(0),-0.7179355778578724,0.6418865896763968,1.05
box(8),-0.4235130201380265,0.5239589146503725,1.05
box(7),-0.7841806981723229,0.24802750394229647,1.05
box(6),-0.2511150390623385,0.7267463983972935,1.05
box(5),-0.2764486481904939,0.23801846830947776,1.05
box(4),-0.5527850061160207,0.6199864635927597,1.05
box(3),-0.6212947659700498,0.7614071518138876,1.05
box(2),-0.7407257048286837,0.481308944796283,1.05
box(1),-0.2781050909833815,0.44351966408557986,1.05
box(0),-0.5689562194538713,0.2516243029826942,1.05
box(8),-0.7852800550558405,0.7035477900136611,1.05
box(7),-0.44257859351663686,0.4308874892200044,1.05
box(6),-0.4270577500665446,0.7871567503202423,1.05
box(5),-0.7464725020333709,0.24894317994151946,1.05
box(4),-0.32354905375916443,0.2563199952069657,1.05
box(3),-0.4672610395378713,0.6170537517918935,1.05
box(2),-0.2108483170382547,0.7427513178934786,1.05
box(1),-0.6613728792887645,0.40218852096542757,1.05
box(0),-0.22591379678922385,0.40779030380526626,1.05
box(8),-0.5114420785756567,0.22661749516846683,1.05
box(7),-0.2755500382836493,0.5941477787385199,1.05
box(6),-0.7782034857648588,0.6247068800407776,1.05
box(5),-0.37146866321431915,0.4726814854442238,1.05
box(4),-0.7839376167813228,0.29813441442727306,1.05
box(3),-0.6272917591233581,0.5656870035529235,1.05
box(2),-0.35063235576474105,0.27517359903679545,1.05
box(1),-0.20278539783493194,0.24723867886821224,1.05
box(0),-0.48172395023300385,0.7933640617466473,1.05
box(8),-0.6052442861274057,0.3928319132461049,1.05
box(7),-0.6088032365291599,0.21481965669589465,1.05
box(6),-0.2704442329840468,0.6494072767805839,1.05
box(5),-0.22295047906795312,0.39867933768172614,1.05
box(4),-0.4073529200921896,0.5761505413729814,1.05
box(3),-0.7690495081148176,0.22991603097788807,1.05
box(2),-0.7559811254539046,0.4976763672162689,1.05
box(1),-0.7831422783367514,0.7247709051238633,1.05
box(0),-0.4422059108050673,0.4267892899469847,1.05
box(8),-0.5862910759020892,0.6436922610966653,1.05
box(7),-0.5951725966613649,0.41855257704949933,1.05
box(6),-0.39173609818057264,0.7943565204617966,1.05
box(5),-0.37371040475402073,0.24423720709323962,1.05
box(4),-0.21670632118761998,0.4493458995064351,1.05
box(3),-0.2021364065993067,0.6770653948103899,1.05
box(2),-0.4282616436808977,0.6010574883906172,1.05
box(1),-0.5555600024731961,0.7997326120636905,1.05
box(0),-0.7657780132080014,0.3684660373499129,1.05
box(8),-0.7587022818320273,0.67329686111288,1.05
box(7),-0.5424320894222163,0.25459679948834485,1.05
box(6),-0.622768232671615,0.5411002242079146,1.05
box(5),-0.7042909425099566,0.22398696255982073,1.05
box(4),-0.32180000393584196,0.7819089238981318,1.05
box(3),-0.3403728623528638,0.24539611729291672,1.05
box(2),-0.30821500577884925,0.504716983131902,1.05
box(1),-0.5027046608856549,0.6316168844083521,1.05
box(0),-0.21160756467480016,0.35432958125249625,1.05
box(8),-0.5436374449906891,0.4106081668135135,1.05
box(7),-0.5133870514357739,0.7897567133375756,1.05
box(6),-0.7359662145203472,0.4064498185231845,1.05
box(5),-0.6940090223692027,0.5842401733034539,1.05
box(4),-0.7566028335442323,0.7933353807540007,1.05
box(3),-0.33760289689693657,0.6604863190981298,1.05
box(2),-0.7877143516487131,0.24733516827734622,1.05
box(1),-0.22944212317705825,0.5444681734768452,1.05
box(0),-0.6032122973609328,0.22095068286745556,1.05
box(8),-0.27941242755730356,0.3716943588642678,1.05
box(7),-0.49899798917865607,0.475054667243436,1.05
box(6),-0.4152808354834928,0.2745393952605263,1.05
box(5),-0.5367207392312199,0.7052926634813306,1.05
box(4),-0.6892816630504734,0.6252083844329259,1.05
box(3),-0.6766381903605596,0.3629699988159638,1.05
box(2),-0.3414156010578392,0.7919457888599879,1.05
box(1),-0.7264212269126777,0.7764489986389411,1.05
box(0),-0.2621668437117882,0.6507572905207688,1.05
box(8),-0.7286243989600838,0.20118547437439574,1.05
box(7),-0.3468649578588379,0.4510354583046161,1.05
box(6),-0.5122185251069868,0.44841102358781065,1.05
box(5),-0.20374211019247623,0.38939940867378753,1.05
box(4),-0.351489889596047,0.2821039704892496,1.05
box(3),-0.4331505521523576,0.6600073739979271,1.05
box(2),-0.728749371867196,0.4141992294892067,1.05
box(1),-0.7152477475943904,0.6208155876927051,1.05
box(0),-0.7491297893853843,0.788662945311501,1.05
box(8),-0.2405452884364072,0.6872923327760552,1.05
box(7),-0.6293435313547378,0.2863505653488011,1.05
box(6),-0.7803287563622132,0.22376968894255586,1.05
box(5),-0.4125621030189259,0.4638372449412524,1.05
box(4),-0.5855786834566665,0.5296064371497637,1.05
box(3),-0.33883264834974847,0.27106500326490746,1.05
box(2),-0.20245948383631995,0.37259683963284274,1.05
box(1),-0.4390411762850292,0.6978798183918405,1.05
box(0),-0.6303939435897956,0.6956956439352376,1.05
box(8),-0.7857211849361319,0.6485315020055255,1.05
box(7),-0.7208096375976945,0.41324924637437405,1.05
box(6),-0.21572631516985094,0.7232808457077908,1.05
box(5),-0.5297288940761945,0.20930831690822782,1.05
box(4),-0.4170174545616854,0.43037588754599665,1.05
box(3),-0.7071971370335832,0.21274186864319586,1.05
box(2),-0.25574170037152666,0.5288145577038033,1.05
box(1),-0.23603561750563612,0.27967396741185657,1.05
box(0),-0.5639410989457746,0.4626650435119853,1.05
box(8),-0.4942544126094758,0.6494267527095443,1.05
box(7),-0.7901979172698856,0.5906438306211214,1.05
box(6),-0.7380205595284792,0.7940813729941043,1.05
box(5),-0.21477069025955037,0.7062160999931619,1.05
box(4),-0.644199223030916,0.6599782017845683,1.05
box(3),-0.48136978105170736,0.3238425579428229,1.05
box(2),-0.37901416802614396,0.21361147522013324,1.05
box(1),-0.6771057704527437,0.215990632984984,1.05
box(0),-0.337343080325092,0.45705954562872453,1.05
box(8),-0.7114961357138263,0.4361442959786521,1.05
box(7),-0.48051346464137984,0.6830259969692023,1.05
box(6),-0.5592547117156584,0.5017149513636643,1.05
box(5),-0.22149937217951157,0.28410922756759516,1.05
box(4),-0.757695056318398,0.7605469898999382,1.05
box(3),-0.29893092355051953,0.6920843496374116,1.05
box(2),-0.4869036930705853,0.34626852113503914,1.05
box(1),-0.7846019234757653,0.6007332856066515,1.05
box(0),-0.6955546111172783,0.20986720182753038,1.05
box(8),-0.2339158724020462,0.4443797348425894,1.05
box(7),-0.7951963282541903,0.350697870375164,1.05
box(6),-0.40128297042386396,0.5725586059134347,1.05
box(5),-0.6710805809865604,0.4656104700332439,1.05
box(4),-0.5021459231586214,0.797644798803467,1.05
box(3),-0.6762965130234828,0.7477108941424038,1.05
box(2),-0.2711515082777207,0.758447270434891,1.05
box(1),-0.25972487452146487,0.21328648489542779,1.05
box(0),-0.5469953947754684,0.6135319154198386,1.05
box(8),-0.5872491135486083,0.24982455766752118,1.05
box(7),-0.7957651110845392,0.6304457060746629,1.05
box(6),-0.4530855882204638,0.41033317315697393,1.05
box(5),-0.7373993218038648,0.306942769659226,1.05
box(4),-0.27767384297265185,0.5765511531918808,1.05
box(3),-0.6212567131501343,0.4484969378599709,1.05
box(2),-0.5667667662977548,0.765690222988832,1.05
box(1),-0.4066189267394401,0.6937970900081114,1.05
box(0),-0.25724140720090666,0.7975399457705756,1.05
box(8),-0.4263753266273992,0.2525590721343757,1.05
box(7),-0.7233630926107462,0.7817005199204123,1.05
box(6),-0.760336630263313,0.5943439435051032,1.05
box(5),-0.4568251065058374,0.5322316699606624,1.05
box(4),-0.27408147923100473,0.20274590155217379,1.05
box(3),-0.25352239043428576,0.5230310976752548,1.05
box(2),-0.6076908643967273,0.5012225203709895,1.05
box(1),-0.2009106014193126,0.3535770069988088,1.05
box(0),-0.5192888842801673,0.6956009452629621,1.05
box(8),-0.3242739013697149,0.733404356612533,1.05
box(7),-0.42989951562950773,0.35544404352652004,1.05
box(6),-0.7797478653921726,0.27295233231199634,1.05
box(5),-0.6220773697699873,0.32091863558907974,1.05
box(4),-0.7321437659913466,0.7209247399093084,1.05
box(3),-0.2377537755362726,0.20203624173125836,1.05
box(2),-0.2196387511295292,0.6038860593138949,1.05
box(1),-0.6697845746498887,0.49264237226168534,1.05
box(0),-0.25889180548169793,0.37862577969856315,1.05
box(8),-0.5639837623978997,0.6323261162517921,1.05
box(7),-0.37364200221516386,0.7782023462965684,1.05
box(6),-0.42373973601426845,0.5242148391324728,1.05
box(5),-0.457187585278253,0.33892483043022703,1.05
box(4),-0.7888193786076256,0.26111982982599213,1.05
box(3),-0.6960851220616275,0.7552655646551902,1.05
box(2),-0.32076669317938045,0.20829388643443278,1.05
box(1),-0.23899290708118903,0.5513177307300876,1.05
box(0),-0.5878480017077026,0.2541703835236522,1.05
box(8),-0.3102958970661045,0.38905110374403296,1.05
box(7),-0.7895416058010729,0.6252711780904118,1.05
box(6),-0.30046894988693096,0.7151028538237039,1.05
box(5),-0.4755586883536755,0.6250567381779952,1.05
box(4),-0.7323937916574637,0.4524851168411027,1.05
box(3),-0.4906907259440735,0.3784953035427375,1.05
box(2),-0.6365982662218751,0.7902355980332738,1.05
box(1),-0.4658036040225866,0.7878216415686292,1.05
box(0),-0.6359226106583042,0.6147135103670889,1.05
box(8),-0.7208934302190091,0.29804221807039377,1.05
box(7),-0.33110535651490974,0.26725811665931415,1.05
box(6),-0.28775513190171087,0.5349386769129596,1.05
box(5),-0.7956937428679005,0.7054883169089379,1.05
box(4),-0.5251537712301542,0.22158025357092614,1.05
box(3),-0.4171911651869195,0.6171249753382408,1.05
box(2),-0.7579443146745217,0.45177023212895967,1.05
box(1),-0.29574553390541264,0.712818571758429,1.05
box(0),-0.5319855862643217,0.48175707466042755,1.05
box(8),-0.6562259844904494,0.7675913242824797,1.05
box(7),-0.7534698944808627,0.27724993342183407,1.05
box(6),-0.4012148506553158,0.36217247021654486,1.05
box(5),-0.23249593217611936,0.24567897282469217,1.05
box(4),-0.2166852845629141,0.3950531268212747,1.05
box(3),-0.23743902444330262,0.5549956527393958,1.05
box(2),-0.4775882534195605,0.640881738313337,1.05
box(1),-0.5559288625072384,0.28656050440064346,1.05
box(0),-0.32054549223065,0.7677964636268282,1.05
box(8),-0.7885905849953903,0.5715349351866018,1.05
box(7),-0.6265598165578683,0.7635890642232748,1.05
box(6),-0.7633296309332998,0.37283883924804456,1.05
box(5),-0.40273175269700195,0.20118105196968863,1.05
box(4),-0.4257594398270933,0.4667990751070485,1.05
box(3),-0.5788832113352735,0.4934495171431382,1.05
box(2),-0.26716878469573146,0.30931476348623016,1.05
box(1),-0.2129379903017214,0.5179292845909982,1.05
box(0),-0.479389922648688,0.6977038032937873,1.05
box(8),-0.666113534441332,0.23000609540705547,1.05
box(7),-0.7611085778853186,0.6561560485310918,1.05
box(6),-0.5236459424452596,0.3324951396926792,1.05
box(5),-0.2544814531525064,0.6644130248370874,1.05
box(4),-0.7723181586265717,0.3906893212056606,1.05
box(3),-0.419037823197659,0.45859255326670156,1.05
box(2),-0.43225241441091217,0.20233216430467438,1.05
box(1),-0.624754345104271,0.58066077023028,1.05
box(0),-0.25926663592295157,0.20288958360547782,1.05
box(8),-0.5292587117258458,0.7884980268790163,1.05
box(7),-0.21721373966264174,0.3966720311678669,1.05
box(6),-0.788125058032979,0.7037237631991631,1.05
box(5),-0.6003200864733198,0.2297466279011897,1.05
box(4),-0.3400822778314031,0.7710103378686899,1.05
box(3),-0.5938492212798581,0.3809221339595502,1.05
box(2),-0.39163148782071827,0.5351822044850142,1.05
box(1),-0.41046747083763435,0.29274437416635246,1.05
box(0),-0.7935650805316121,0.3187509856191752,1.05
box(8),-0.23362089456931834,0.5969647160204029,1.05
box(7),-0.6001417073794144,0.7919560119997158,1.05
box(6),-0.269853533797618,0.2270803554255243,1.05
box(5),-0.7099243438433429,0.6261443552356192,1.05
box(4),-0.5146548084865341,0.6327641661842633,1.05
box(3),-0.3429716471288606,0.7018129855935649,1.05
box(2),-0.6009502015965154,0.2918614595829525,1.05
box(1),-0.495638822977179,0.4383529662384804,1.05
box(0),-0.35220749442521837,0.38964190384315267,1.05
box(8),-0.7998622615044544,0.2708854312170618,1.05
box(7),-0.6645008570252562,0.4779147058100926,1.05
box(6),-0.7825541962224289,0.7931604591095343,1.05
box(5),-0.2108035871236449,0.5256762750624058,1.05
box(4),-0.6894785983222075,0.6647229595230529,1.05
box(3),-0.41757459056768453,0.22506248595999379,1.05
box(2),-0.5281995283999946,0.7006537415886229,1.05
box(1),-0.24600760348381007,0.20246981900420066,1.05
box(0),-0.37146741354984236,0.5640519236185155,1.05
box(8),-0.20064967512317264,0.7347295544683032,1.05
box(7),-0.6016621085377799,0.31618769925540396,1.05
box(6),-0.7592583695550539,0.51112214889714,1.05
box(5),-0.26388091772066163,0.3704258115828021,1.05
box(4),-0.209103739041284,0.5848054189471433,1.05
box(3),-0.7082989801999229,0.6680131087075681,1.05
box(2),-0.5593640483641564,0.5359931786442069,1.05
box(1),-0.4680082284443829,0.75032836416918,1.05
box(0),-0.7894994596292646,0.3142126437977275,1.05
box(8),-0.35462422929727905,0.20954739624566715,1.05
box(7),-0.2440230451094158,0.7750783858266765,1.05
box(6),-0.5207872612341097,0.20512950230110208,1.05
box(5),-0.5908376082338478,0.3801154219537507,1.05
box(4),-0.23792759199511435,0.4294997490457952,1.05
box(3),-0.3251849849450108,0.5711210413265078,1.05
box(2),-0.7965476138487959,0.6067869650829673,1.05
box(1),-0.6017968326803528,0.5827131824524833,1.05
box(0),-0.40144918757716186,0.4205507264128848,1.05
box(8),-0.7452464655551274,0.3979213405564739,1.05
box(7),-0.7207304490887738,0.7895091853905853,1.05
box(6),-0.5793281969756542,0.7361401063008317,1.05
box(5),-0.6672907739158795,0.23803239503641044,1.05
box(4),-0.35533916994503045,0.7485145469349617,1.05
box(3),-0.24322024122393296,0.30573987992944307,1.05
box(2),-0.22882826079218832,0.5231592745016349,1.05
box(1),-0.7790112714391575,0.5695557641357496,1.05
box(0),-0.5915035159258316,0.5644881921063267,1.05
box(8),-0.5004231152957421,0.4073073013067641,1.05
box(7),-0.751838655572415,0.3695655360302948,1.05
box(6),-0.5120966327007634,0.22097240700687665,1.05
box(5),-0.662519929112148,0.7060521876174382,1.05
box(4),-0.395810298949678,0.5845768334517805,1.05
box(3),-0.5047117033817321,0.7165885044225975,1.05
box(2),-0.34469566754542585,0.2860467590420285,1.05
box(1),-0.3033600315221789,0.43474634810686635,1.05
box(0),-0.22218355541997953,0.786913824856434,1.05
box(8),-0.7987802888937314,0.6341200469255275,1.05
box(7),-0.48766597057407474,0.40656361630421256,1.05
box(6),-0.7511001236152481,0.37567550358404644,1.05
box(5),-0.21962789883034864,0.5722175336793035,1.05
box(4),-0.5949010897140476,0.20511563289333268,1.05
box(3),-0.20157828386364282,0.23264411105015684,1.05
box(2),-0.44847910185024337,0.751369943408478,1.05
box(1),-0.37526799063668126,0.24770480773391307,1.05
box(0),-0.6127642249053227,0.55801551345165,1.05
box(8),-0.4403084306812117,0.5642893421090626,1.05
box(7),-0.7948014015199096,0.7618588396491304,1.05
box(6),-0.20571869828408265,0.7993179089579225,1.05
box(5),-0.7728401349230278,0.45025892222545727,1.05
box(4),-0.7417324683612896,0.24035036865200748,1.05
box(3),-0.5792052783895922,0.28990882009347263,1.05
box(2),-0.5961017209274548,0.7847914126370445,1.05
box(1),-0.22420423134669876,0.4429369589639638,1.05
box(0),-0.24271118251672652,0.6206620707941077,1.05
box(8),-0.414056252456925,0.7625611598507098,1.05
box(7),-0.4128074638251617,0.5082241583207593,1.05
box(6),-0.33185634525283003,0.25477111029326205,1.05
box(5),-0.7574141782885342,0.6657889649914024,1.05
box(4),-0.6028767658540696,0.5001741649342755,1.05
box(3),-0.7897329277660048,0.38637559374985864,1.05
box(2),-0.4803441958463752,0.32442421755034023,1.05
box(1),-0.6730794425835022,0.2063770948952249,1.05
box(0),-0.2402905126742339,0.4600930604620451,1.05
box(8),-0.2061447968197049,0.6246511510910795,1.05
box(7),-0.4146064591371407,0.6987550802534974,1.05
box(6),-0.415741812204635,0.507967708733704,1.05
box(5),-0.21161789390714322,0.20944467015945334,1.05
box(4),-0.2882738431136026,0.7836011970517944,1.05
box(3),-0.5945594800219118,0.5371537613042426,1.05
box(2),-0.7579302288153145,0.5276690953785064,1.05
box(1),-0.7394699840190517,0.7201745025696431,1.05
box(0),-0.6891209709466153,0.24082842512366964,1.05
box(8),-0.5458072147073549,0.3918909957573935,1.05
box(7),-0.221664059261098,0.46412022996394847,1.05
box(6),-0.5771509386288808,0.7764423639310336,1.05
box(5),-0.42778783690622596,0.5191763209176492,1.05
box(4),-0.2533661528286308,0.29390749087147316,1.05
box(3),-0.20253190665403492,0.7913247808540049,1.05
box(2),-0.5002341802764338,0.20253923322746867,1.05
box(1),-0.3293988186560439,0.701748738791113,1.05
box(0),-0.7551800014004466,0.7865163663078172,1.05
box(8),-0.6268839697787628,0.600306043938016,1.05
box(7),-0.43647371409168123,0.3432562177969276,1.05
box(6),-0.7771493371572138,0.4903265843278272,1.05
box(5),-0.6562803374270121,0.3656350337232874,1.05
box(4),-0.3115480328918079,0.5140281714411311,1.05
box(3),-0.2048131522655083,0.3447030688766445,1.05
box(2),-0.4828875014322971,0.696336371344876,1.05
box(1),-0.314676411931334,0.2405796629875192,1.05
box(0),-0.25255714691172504,0.699599712502124,1.05
box(8),-0.6095534379925636,0.22062820397046223,1.05
box(7),-0.7603130420391173,0.7835320580154623,1.05
box(6),-0.6540882016666034,0.583836874112241,1.05
box(5),-0.4891890058069716,0.44826401765364227,1.05
box(4),-0.6025675513978309,0.7990658659345449,1.05
box(3),-0.30387581824557197,0.5222573760739755,1.05
box(2),-0.7859689834324033,0.472645798881636,1.05
box(1),-0.20479997594689459,0.4020609854269357,1.05
box(0),-0.6952756990409996,0.35307117498585794,1.05
box(8),-0.3984632237015138,0.2310082877066662,1.05
box(7),-0.340530350099995,0.7182601790490477,1.05
box(6),-0.2502396783822858,0.200447004973448,1.05
box(5),-0.5540030200707327,0.6543555995231501,1.05
box(4),-0.7948410124405667,0.7007938995089567,1.05
box(3),-0.5613218379330891,0.42712747759945596,1.05
box(2),-0.3630838300019319,0.42902877725116906,1.05
box(1),-0.698490652019036,0.5324876730603247,1.05
box(0),-0.22836099322886358,0.5730297744978342,1.05
box(8),-0.7876652155502588,0.2561427761234894,1.05
box(7),-0.6131252771375443,0.26094186572039596,1.05
box(6),-0.3174120773812976,0.7280642767447649,1.05
box(5),-0.20445952923256588,0.30722374692154786,1.05
box(4),-0.4525557286637211,0.5882128234218302,1.05
box(3),-0.45653022286036,0.28951991640038843,1.05
box(2),-0.773941635893123,0.717945106062247,1.05
box(1),-0.5815240343622962,0.7914604317116749,1.05
box(0),-0.6702850794307706,0.48970551269249973,1.05
box(8),-0.2989609759090874,0.4944183695704155,1.05
box(7),-0.7645933878172668,0.21735970053372972,1.05
box(6),-0.6039564311550505,0.22290895981081124,1.05
box(5),-0.3049555703190282,0.7163225516437148,1.05
box(4),-0.2767754534697793,0.2612141583271381,1.05
box(3),-0.4896437345375937,0.6232375782820581,1.05
box(2),-0.4482800321998066,0.4506370411837426,1.05
box(1),-0.7907062979307267,0.7685338315453469,1.05
box(0),-0.6433521347113658,0.7379681251975319,1.05
box(8),-0.7335551390536947,0.46465856048850174,1.05
box(7),-0.20655087303604094,0.40612330634403837,1.05
box(6),-0.7925168908771261,0.26075466520987006,1.05
box(5),-0.44822237900944434,0.7680913602428525,1.05
box(4),-0.7961398511919526,0.6021498075854368,1.05
box(3),-0.37692073296859685,0.25902846665378254,1.05
box(2),-0.2725557928496366,0.7586550371633931,1.05
box(1),-0.3839810123132953,0.4465525063627237,1.05
box(0),-0.605299254897097,0.5459460555658762,1.05
box(8),-0.6971533825450249,0.7463276553193228,1.05
box(7),-0.31936846841581085,0.5878045171959589,1.05
box(6),-0.20237772047535443,0.28935032069482247,1.05
box(5),-0.5251103978672371,0.3097414878768073,1.05
box(4),-0.5268010006285277,0.7166524203336093,1.05
box(3),-0.7973631460557475,0.36803893331878496,1.05
box(2),-0.6767259127166779,0.23817737757970742,1.05
box(1),-0.22242514525374368,0.7805293685742711,1.05
box(0),-0.3601831766614748,0.44313859103931263,1.05
box(8),-0.3911936373660281,0.7835315925872095,1.05
box(7),-0.6609236043368458,0.547813677679136,1.05
box(6),-0.2641422543887885,0.5934572868082875,1.05
box(5),-0.5178373440077948,0.48483579490271816,1.05
box(4),-0.5340213494694812,0.31504433210072813,1.05
box(3),-0.30832135391919435,0.210226965756795,1.05
box(2),-0.7888421557441967,0.358190372617079,1.05
box(1),-0.41380827305049234,0.615026639555265,1.05
box(0),-0.6448412810029706,0.7649353375552161,1.05
box(8),-0.22783945845964804,0.4334543637858934,1.05
box(7),-0.38359638093117787,0.3724365407090665,1.05
box(6),-0.2946049273476547,0.7847531430018861,1.05
box(5),-0.22794300340616502,0.6361991654229668,1.05
box(4),-0.6177997335888634,0.5532667257985141,1.05
box(3),-0.5357302270893399,0.4078762696902953,1.05
box(2),-0.2748729257275621,0.2556537835238132,1.05
box(1),-0.761443204983635,0.20239916884126943,1.05
box(0),-0.7700723338208968,0.5501502364678255,1.05
box(8),-0.7561914000802641,0.36050064721960845,1.05
box(7),-0.5006056504762035,0.2148177196776088,1.05
box(6),-0.2889251419872305,0.438695486187685,1.05
box(5),-0.4344486597048685,0.7144678782226932,1.05
box(4),-0.6801391262218179,0.7612208876980207,1.05
box(3),-0.5915475872695324,0.5979818096712197,1.05
box(2),-0.5036434812064332,0.4199997920861647,1.05
box(1),-0.32441459847032345,0.2658529800626839,1.05
box(0),-0.2694817110693519,0.7943575658225313,1.05
box(8),-0.7712306297792328,0.5464386407823035,1.05
box(7),-0.7190861431973044,0.25103453008120935,1.05
box(6),-0.40383590311110723,0.5549506915710289,1.05
box(5),-0.5683746374639191,0.21086917369006733,1.05
box(4),-0.23133256229491606,0.44432368495427865,1.05
box(3),-0.6298661743062772,0.7991080698275415,1.05
box(2),-0.4769519869503836,0.7306616468593714,1.05
box(1),-0.5336360316950943,0.37706794711277747,1.05
box(0),-0.6168362339967318,0.6128127329432271,1.05
box(8),-0.2859690334636973,0.787339614286046,1.05
box(7),-0.7772218822564121,0.7135690056162705,1.05
box(6),-0.3422389231051968,0.20683652664924304,1.05
box(5),-0.37325341759316355,0.37534661373432576,1.05
box(4),-0.7063596690482039,0.4222526304607719,1.05
box(3),-0.7669048954820776,0.20891117942181026,1.05
box(2),-0.6239919984635895,0.7988618744163951,1.05
box(1),-0.4990199416177985,0.20751301290446617,1.05
box(0),-0.4680114592884869,0.7466910577392873,1.05
box(8),-0.4510073004298497,0.5448605889495293,1.05
box(7),-0.21488804445679813,0.31418341032303926,1.05
box(6),-0.7799092870503772,0.7566309428102831,1.05
box(5),-0.25578788656946155,0.7951956852578617,1.05
box(4),-0.265482423457976,0.5599229987120158,1.05
box(3),-0.7481370174146633,0.47662110547803155,1.05
box(2),-0.7271643041345093,0.2577620474910924,1.05
box(1),-0.6287176665786144,0.717496416242398,1.05
box(0),-0.5758878237517258,0.20617908912767824,1.05
box(8),-0.37676033730914577,0.2128654376409942,1.05
box(7),-0.4832242086500155,0.794179289402376,1.05
box(6),-0.36102325208122593,0.4299572184279744,1.05
box(5),-0.20766197886914106,0.34329535256087906,1.05
box(4),-0.5464055284827488,0.5192428414812225,1.05
box(3),-0.31848745014714225,0.7756327025655727,1.05
box(2),-0.20334549706819316,0.6314448371215764,1.05
box(1),-0.790390929766015,0.233255988294075,1.05
box(0),-0.6188304105514469,0.6611825634863525,1.05
box(8),-0.6365806163200562,0.3803172552295209,1.05
box(7),-0.46162452542030497,0.6431838362850589,1.05
box(6),-0.7829706688161848,0.7592704006401934,1.05
box(5),-0.3823781280080782,0.3737956964443744,1.05
box(4),-0.52625406055396,0.7844483461550853,1.05
box(3),-0.4204468444410387,0.20130129725803905,1.05
box(2),-0.3076213852466502,0.5075850273140232,1.05
box(1),-0.2851110981544734,0.6623699078954199,1.05
box(0),-0.7475889010612347,0.5835629460444333,1.05
box(8),-0.5426227495106608,0.5057896728734975,1.05
box(7),-0.5267253797788785,0.32850571353734315,1.05
box(6),-0.21021550751528364,0.22298605795239207,1.05
box(5),-0.6903799059588924,0.2518909282008693,1.05
box(4),-0.3318144104229536,0.3288435088794218,1.05
box(3),-0.6838526082824836,0.7360536496707617,1.05
box(2),-0.7370248986051504,0.3951986458730856,1.05
box(1),-0.5324445360018479,0.7704606810704049,1.05
box(0),-0.43354848865024276,0.20485128319761464,1.05
box(8),-0.2947896896569042,0.5593276982236658,1.05
box(7),-0.7438894636895543,0.575918867054549,1.05
box(6),-0.4381259251081132,0.49663784565558305,1.05
box(5),-0.5855248604376864,0.5756500997206221,1.05
box(4),-0.5713906197224209,0.34965452928308505,1.05
box(3),-0.26486536881186656,0.2683374441605304,1.05
box(2),-0.6665801501205402,0.20657417271740217,1.05
box(1),-0.7875122701883817,0.7989887933209472,1.05
box(0),-0.612186125153809,0.7418670771901896,1.05
box(8),-0.4288050244279537,0.21755277731465947,1.05
box(7),-0.7331147774210744,0.37140095998836375,1.05
box(6),-0.3869244915070842,0.7984516146865674,1.05
box(5),-0.7604323884170441,0.6066697733439028,1.05
box(4),-0.49022694652244575,0.5254282745012613,1.05
box(3),-0.2170663342376139,0.5281973089666294,1.05
box(2),-0.21043239089722898,0.25449822905413805,1.05
box(1),-0.2168335880275038,0.7036068844949113,1.05
box(0),-0.6568244905908127,0.23948543450236545,1.05
box(8),-0.5568429584325483,0.688464812354898,1.05
box(7),-0.3875582661032376,0.37983605728811465,1.05
box(6),-0.7294624487184018,0.7959859047012166,1.05
box(5),-0.6092833091545009,0.423588259606152,1.05
box(4),-0.6847083352423273,0.5925836367801045,1.05
box(3),-0.37699313005944035,0.6461672218092991,1.05
box(2),-0.3887166445567075,0.2102428656320027,1.05
box(1),-0.5116849985840243,0.5396839566192266,1.05
box(0),-0.770914554449273,0.3854623343267161,1.05
box(8),-0.21319719882669738,0.5638157004317594,1.05
box(7),-0.24975280732002192,0.7619718803322655,1.05
box(6),-0.3515648267959512,0.48079165217841724,1.05
box(5),-0.7028521150040077,0.7431913145435756,1.05
box(4),-0.575244697442471,0.2059230360261543,1.05
box(3),-0.6087902817170795,0.3644207257010745,1.05
box(2),-0.5477784053655281,0.7794929129102139,1.05
box(1),-0.7236455672739539,0.23217616266452595,1.05
box(0),-0.4703935356950973,0.6194212691093253,1.05
box(8),-0.33099615098101876,0.301210670496983,1.05
box(7),-0.7681929375908794,0.5714882679538391,1.05
box(6),-0.24662248088300698,0.6412811429481324,1.05
box(5),-0.25087617850337113,0.4641795222834781,1.05
box(4),-0.45672085513831223,0.4376230685955874,1.05
box(3),-0.33600425167804854,0.793620400210937,1.05
box(2),-0.7222142666559128,0.42161590744262856,1.05
box(1),-0.6901561415140898,0.7734083416179047,1.05
box(0),-0.630659763796527,0.24129718317061852,1.05
box(8),-0.4285772146400871,0.649747465380215,1.05
box(7),-0.6135801670354601,0.588047626189567,1.05
box(6),-0.5044338509539015,0.7828804484756455,1.05
box(5),-0.34986333468930547,0.24665568392392906,1.05
box(4),-0.2298237497542798,0.3992485755146271,1.05
box(3),-0.4208887529441916,0.4082980391284806,1.05
box(2),-0.26499082541668273,0.7396432392312067,1.05
box(1),-0.7808490020748908,0.2870504419718221,1.05
box(0),-0.7943020321716172,0.5386163805772816,1.05
box(8),-0.31054632075117694,0.549280522136017,1.05
box(7),-0.6037860513473003,0.2189790594811677,1.05
box(6),-0.6019613015057821,0.4860924933818976,1.05
box(5),-0.7154488886765993,0.7452894305404407,1.05
box(4),-0.532750494845482,0.6318157514530818,1.05
box(3),-0.21506272119600162,0.3968185628280221,1.05
box(2),-0.5313982842567475,0.7873228518054471,1.05
box(1),-0.2349961173780971,0.6884843299805831,1.05
box(0),-0.4573001910055889,0.3706934212451532,1.05
box(8),-0.728129032948013,0.34049315205032027,1.05
box(7),-0.2600754635370043,0.5403527557211785,1.05
box(6),-0.2855991736988653,0.22678388112708084,1.05
box(5),-0.5970611157609664,0.26692943698756244,1.05
box(4),-0.7719247097475692,0.6024761460636578,1.05
box(3),-0.3456171196928648,0.7994592180330131,1.05
box(2),-0.550542511535172,0.5675561434776436,1.05
box(1),-0.5891158389742117,0.7368914953721926,1.05
box(0),-0.3767396779624014,0.6381210345130888,1.05
box(8),-0.20618692854091933,0.3683521467604031,1.05
box(7),-0.4105950000590799,0.4116321410631638,1.05
box(6),-0.7825633347670664,0.32453283160060314,1.05
box(5),-0.23033916636562027,0.5771942441229675,1.05
box(4),-0.5161570299150988,0.2918413740316026,1.05
box(3),-0.7469780282201193,0.48697245483891305,1.05
box(2),-0.7849390741843816,0.7919022983879045,1.05
box(1),-0.23743011813321052,0.7735804790040821,1.05
box(0),-0.5825908848751279,0.6799451594002384,1.05
box(8),-0.35280130308532176,0.2257933507265192,1.05
box(7),-0.5531961438389226,0.4777128961787568,1.05
box(6),-0.20249423802052838,0.42747584724598103,1.05
box(5),-0.7600150812488733,0.23068577303882995,1.05
box(4),-0.29681988656036207,0.5962725055030917,1.05
box(3),-0.4744821399695452,0.3166154962199633,1.05
box(2),-0.7808248359999328,0.4684727340378584,1.05
box(1),-0.7814078927609533,0.6822710801175517,1.05
box(0),-0.330712856328864,0.7635364376812654,1.05
box(8),-0.5124097351737702,0.6876517675125111,1.05
box(7),-0.6691550315618638,0.36668176405038366,1.05
box(6),-0.47714744984590696,0.5061800215276666,1.05
box(5),-0.6053047617959297,0.2073008225027661,1.05
box(4),-0.26870699388668295,0.2682139509018675,1.05
box(3),-0.3435007829299208,0.4082509007303021,1.05
box(2),-0.20078601836271384,0.6717265670728654,1.05
box(1),-0.7258228804972751,0.5138762943465517,1.05
box(0),-0.7961262280310508,0.6907823400580034,1.05
box(8),-0.39395538277542724,0.7941786450966748,1.05
box(7),-0.7665196638932283,0.21657508943729054,1.05
box(6),-0.4206260638509568,0.26030216035091414,1.05
box(5),-0.37562413256610494,0.6334566031395816,1.05
box(4),-0.5217617914536571,0.5197072299235441,1.05
box(3),-0.5710034211386397,0.32999553509685486,1.05
box(2),-0.5811711587594468,0.7861767456991253,1.05
box(1),-0.32194859528459085,0.4762031285605874,1.05
box(0),-0.21412198158022322,0.7285716648343425,1.05
box(8),-0.7662119221412473,0.7448660075279641,1.05
box(7),-0.6901029780074763,0.6139970950138157,1.05
box(6),-0.7567721506670144,0.26366488778192776,1.05
box(5),-0.2659866259717487,0.22873992964811127,1.05
box(4),-0.782772118727185,0.49144219242930776,1.05
box(3),-0.3965529439817388,0.680340123741904,1.05
box(2),-0.5665807603838705,0.21087321336562687,1.05
box(1),-0.6238288762660087,0.365140363668814,1.05
box(0),-0.5909342332320662,0.7731811024017878,1.05
box(8),-0.4504900522886083,0.48375884245988693,1.05
box(7),-0.255487000785372,0.5400684969552303,1.05
box(6),-0.6298012394096986,0.580599667758605,1.05
box(5),-0.26427727612063523,0.38950195292135315,1.05
box(4),-0.7511522297189892,0.2638018810838304,1.05
box(3),-0.263123162984931,0.7937817221443486,1.05
box(2),-0.4487540069948701,0.3137082191176966,1.05
box(1),-0.7822908003667637,0.4425708909632703,1.05
box(0),-0.7960565781804609,0.7901595144412707,1.05
box(8),-0.463878836495183,0.6803273921980619,1.05
box(7),-0.4587885545408142,0.5161873170912581,1.05
box(6),-0.24167848065507946,0.5630594283681444,1.05
box(5),-0.6423381342391308,0.37609863428590035,1.05
box(4),-0.26554212092617707,0.33056386927193415,1.05
box(3),-0.7191841449634633,0.6572188126590321,1.05
box(2),-0.6167505047774253,0.7937805297624974,1.05
box(1),-0.5472613522470562,0.2036388698199013,1.05
box(0),-0.7511549252515106,0.20953654916383174,1.05
box(8),-0.25714776327680794,0.7892081854894812,1.05
box(7),-0.4480512669231419,0.7524263110642975,1.05
box(6),-0.3862747066073412,0.2085708558212544,1.05
box(5),-0.46431030387889877,0.45520735793199313,1.05
box(4),-0.6213007997738297,0.39985552657691603,1.05
box(3),-0.31332485991409603,0.3794593922570902,1.05
box(2),-0.7283894732309928,0.596321085374474,1.05
box(1),-0.6558770159539802,0.7456875939034016,1.05
box(0),-0.2399865248723015,0.5390547792133102,1.05
box(8),-0.5382911554890619,0.2398085119854196,1.05
box(7),-0.7280231333980327,0.26688475636675796,1.05
box(6),-0.37272423482670447,0.6347414879692455,1.05
box(5),-0.4142966458098617,0.7820369623736703,1.05
box(4),-0.5283573454166759,0.6198478000169807,1.05
box(3),-0.6923910250405829,0.4333647266090862,1.05
box(2),-0.21630710291707952,0.32684525393430147,1.05
box(1),-0.5218520061703625,0.4476517961664198,1.05
box(0),-0.6634393696925764,0.6913025405127954,1.05
box(8),-0.4156642825042507,0.32786838450803507,1.05
box(7),-0.260906638578955,0.7911846647496097,1.05
box(6),-0.5862552254169792,0.21523236082959663,1.05
box(5),-0.360857977987726,0.5541941213126775,1.05
box(4),-0.43212181891778584,0.7454238544797855,1.05
box(3),-0.7879309692254759,0.7767241282598061,1.05
box(2),-0.7769792158951778,0.5195758370076475,1.05
box(1),-0.22870610313663053,0.2250665605833616,1.05
box(0),-0.23052343821588872,0.3791753535951945,1.05
box(8),-0.6560076763950573,0.3523719073530096,1.05
box(7),-0.6069802328759082,0.7035041072309218,1.05
box(6),-0.7830781942155685,0.24914139890871462,1.05
box(5),-0.4049078939392947,0.2746184158024633,1.05
box(4),-0.5014867614526874,0.482738997399006,1.05
box(3),-0.2303131824454423,0.5741994887952819,1.05
box(2),-0.457483395467,0.7969248622730523,1.05
box(1),-0.26910991508711846,0.7442335223554706,1.05
box(0),-0.44891185046753396,0.6377142666145343,1.05
box(8),-0.7623621404619754,0.5681664164233048,1.05
box(7),-0.2017238480913021,0.3719325970703999,1.05
box(6),-0.6540153740402959,0.7948663442001731,1.05
box(5),-0.6979256107645371,0.395910964840242,1.05
box(4),-0.24697344533844612,0.20487176221921077,1.05
box(3),-0.4354536743113271,0.45490364272925893,1.05
box(2),-0.4436228129509144,0.20342166993059776,1.05
box(1),-0.2700999844997332,0.5287312079769086,1.05
box(0),-0.3722893855470265,0.7717742143589716,1.05
box(8),-0.7822195163631238,0.20529065300055346,1.05
box(7),-0.7683613475595708,0.535387866257972,1.05
box(6),-0.45727428567247763,0.6061655388655072,1.05
box(5),-0.6047441300961742,0.21601061241187086,1.05
box(4),-0.6518083814330834,0.43963769707306094,1.05
box(3),-0.7048360616757989,0.7295508061266534,1.05
box(2),-0.429431073181072,0.43900121517659896,1.05
box(1),-0.2829082291958995,0.32021626239487716,1.05
box(0),-0.2137986496219581,0.48369486162146924,1.05
box(8),-0.4205057155044727,0.7694693908120853,1.05
box(7),-0.25099688297260914,0.7595431331798659,1.05
box(6),-0.7993723471613701,0.37929282561218713,1.05
box(5),-0.5533109267852725,0.5840254651549235,1.05
box(4),-0.7384834152896793,0.5698471224802654,1.05
box(3),-0.6517522541864196,0.24676957002862504,1.05
box(2),-0.4780276324477815,0.287780193020419,1.05
box(1),-0.7727705582672815,0.7474711148508246,1.05
box(0),-0.4183318901847334,0.4969181334391733,1.05
box(8),-0.3006816757729063,0.21764683678776245,1.05
box(7),-0.4658585068916124,0.777939397366664,1.05
box(6),-0.319244262561248,0.6992796215083794,1.05
box(5),-0.7857402256150026,0.34719304262858364,1.05
box(4),-0.2552754340236325,0.3688173344920642,1.05
box(3),-0.24169245446769105,0.5629875250128409,1.05
box(2),-0.6102309073839445,0.6078782028197263,1.05
box(1),-0.6454407381411555,0.2741190361717661,1.05
box(0),-0.761103747311058,0.7538054943268622,1.05
box(8),-0.772039951633926,0.555414523347751,1.05
box(7),-0.522796596730775,0.4290283729617419,1.05
box(6),-0.41000685135686044,0.2757093160754437,1.05
box(5),-0.3930868135949279,0.6556830599979614,1.05
box(4),-0.2967806930532274,0.7979658471251923,1.05
box(3),-0.22441368321068297,0.3402681954804231,1.05
box(2),-0.24308134537237538,0.6542709254037024,1.05
box(1),-0.6304465796276413,0.6666825340132637,1.05
box(0),-0.7754169217589209,0.21004551052484327,1.05
box(8),-0.7240623797260464,0.36684641995430145,1.05
box(7),-0.7978159687358428,0.7916645819295387,1.05
box(6),-0.32948452893240143,0.502638878506714,1.05
box(5),-0.5561006501084682,0.44217014333876303,1.05
box(4),-0.5085823085765596,0.27977432066520913,1.05
box(3),-0.4685917707280111,0.7371812230450172,1.05
box(2),-0.7778702679663692,0.5904482130449408,1.05
box(1),-0.48345893351194674,0.5779851520606953,1.05
box(0),-0.2850801393581406,0.7679655523938842,1.05
box(8),-0.2966784204119026,0.26266857247798053,1.05
box(7),-0.756108318345075,0.4183588040096848,1.05
box(6),-0.6805563443380284,0.7363549158976983,1.05
box(5),-0.3238384279711889,0.41339352811455987,1.05
box(4),-0.27959692881552084,0.5654156023926257,1.05
box(3),-0.6283202664519598,0.3001857791234579,1.05
box(2),-0.4490416209202369,0.2015766055692752,1.05
box(1),-0.7863489205362211,0.5842735471898977,1.05
box(0),-0.7986843196598736,0.20311227413838162,1.05
box(8),-0.2691130399746667,0.7832141889193291,1.05
box(7),-0.45411137350097086,0.529207829830203,1.05
box(6),-0.4334985876947687,0.7645899949442245,1.05
box(5),-0.6381817648893602,0.6389371779227611,1.05
box(4),-0.30865747801803045,0.370210363657042,1.05
box(3),-0.4877553574235867,0.37112325976123417,1.05
box(2),-0.23646092199927532,0.5598657896932251,1.05
box(1),-0.7108097853426094,0.40442028135583097,1.05
box(0),-0.21738919675037882,0.2509566080916476,1.05
box(8),-0.7636977954205086,0.21646031042910907,1.05
box(7),-0.7891432206522968,0.5371125718706538,1.05
box(6),-0.21542346083580544,0.7988711798770416,1.05
box(5),-0.3960234192576365,0.7510245694692439,1.05
box(4),-0.6058961115352532,0.7695923038258696,1.05
box(3),-0.36494860327914025,0.20632225837585916,1.05
box(2),-0.48092694157565685,0.439490758422815,1.05
box(1),-0.5615358260151477,0.29780929084509544,1.05
box(0),-0.5771881956547615,0.5985912136728815,1.05
box(8),-0.2069462800974234,0.42096255856254367,1.05
box(7),-0.21778086264537624,0.5910906977499767,1.05
box(6),-0.6748759316454712,0.4586468381539954,1.05
box(5),-0.7514071846329176,0.24426882700106103,1.05
box(4),-0.33153517140633015,0.7316572290885477,1.05
box(3),-0.6489684597326236,0.7333889851542963,1.05
box(2),-0.33022378146292963,0.2254115173883392,1.05
box(1),-0.3857248846344983,0.47406159972786616,1.05
box(0),-0.7824885050068138,0.6278693558050341,1.05
box(8),-0.5229509251084821,0.2984557324786405,1.05
box(7),-0.4969646852403768,0.5892058729771475,1.05
box(6),-0.24819186991459402,0.5656286387466385,1.05
box(5),-0.24688650674840745,0.3658096168887872,1.05
box(4),-0.752870037271467,0.33991273305015723,1.05
box(3),-0.2288570195261841,0.7585214962615672,1.05
box(2),-0.6608739777439478,0.493631312087405,1.05
box(1),-0.5158466646584573,0.7863821487388385,1.05
box(0),-0.41993243584365425,0.45720474331614763,1.05
box(8),-0.7200369332368795,0.7926287590518204,1.05
box(7),-0.4809654761177439,0.23092945654112398,1.05
box(6),-0.5884288435557594,0.3450900991056346,1.05
box(5),-0.7441362496176069,0.6293495062328706,1.05
box(4),-0.24424054418545152,0.37905928647149534,1.05
box(3),-0.2853507375678892,0.21663276474743542,1.05
box(2),-0.22148530131159974,0.6367739019413663,1.05
box(1),-0.2289091552290894,0.7872028344673103,1.05
box(0),-0.525127837683891,0.704693995082333,1.05
box(8),-0.6012280110793793,0.5397447685534011,1.05
box(7),-0.78620940573253,0.27578908639212346,1.05
box(6),-0.39995839302943104,0.5550237522323476,1.05
box(5),-0.6672550528557462,0.39332212925776583,1.05
box(4),-0.40559067355584,0.316006599729526,1.05
box(3),-0.5114815490615541,0.20311812108931376,1.05
box(2),-0.2628605609953825,0.42097150889164303,1.05
box(1),-0.7941302594085247,0.5063363987866624,1.05
box(0),-0.35528447941827546,0.7058398567521051,1.05
box(8),-0.7601483577108548,0.7637833153612656,1.05
box(7),-0.5455942532391932,0.7444716203584569,1.05
box(6),-0.7910382706840284,0.27931134072295427,1.05
box(5),-0.48043370362439486,0.540908700241853,1.05
box(4),-0.6416009486765386,0.45356152321977233,1.05
box(3),-0.32504529457770537,0.22641246572491927,1.05
box(2),-0.6058374177339343,0.27138781485263125,1.05
box(1),-0.21672065981263217,0.7894455472869242,1.05
box(0),-0.23061864604558632,0.4189613100689482,1.05
box(8),-0.24096750393943653,0.6015412657616991,1.05
box(7),-0.7944816093799405,0.4845718576497826,1.05
box(6),-0.75491658801911,0.6436592478508605,1.05
box(5),-0.44998419875123147,0.7516205884547511,1.05
box(4),-0.46454316714786476,0.4306220276346233,1.05
box(3),-0.5890437438167717,0.6740663505299211,1.05
box(2),-0.34836512099933903,0.31208457498859565,1.05
box(1),-0.6438457493682732,0.2673507322517594,1.05
box(0),-0.6007144812702736,0.5091487087111517,1.05
box(8),-0.3002126844178562,0.4600015957914789,1.05
box(7),-0.685731097654096,0.7897536944405046,1.05
box(6),-0.7693611056928973,0.48921590994533737,1.05
box(5),-0.23548055571064075,0.20714130953766074,1.05
box(4),-0.4035408291548671,0.6245507090709648,1.05
box(3),-0.4507360800954493,0.2017461996368555,1.05
box(2),-0.3157029731475731,0.7870099118148948,1.05
box(1),-0.23609952953420937,0.6400082389636045,1.05
box(0),-0.7941114948462624,0.3264994998064771,1.05
box(8),-0.5537799924145594,0.7136246479180068,1.05
box(7),-0.3452892174276712,0.42993337096010864,1.05
box(6),-0.6188175960295392,0.2900921359790588,1.05
box(5),-0.6219192184513129,0.5517949675748925,1.05
box(4),-0.7551274424722199,0.6399767184082155,1.05
box(3),-0.20350762164177694,0.3526228280399911,1.05
box(2),-0.3389527564994541,0.2592358578527381,1.05
box(1),-0.38948220028428215,0.7519259370733447,1.05
box(0),-0.24503084171000775,0.7060044327425119,1.05
box(8),-0.7727212759520554,0.20174081159118168,1.05
box(7),-0.7159035816348676,0.41151432566866414,1.05
box(6),-0.592069255510375,0.7394635964087592,1.05
box(5),-0.4650086567002052,0.5670547135807894,1.05
box(4),-0.5425483803019466,0.3235623349721549,1.05
box(3),-0.7933552942191315,0.766614867824962,1.05
box(2),-0.24124232402281326,0.4698032559397088,1.05
box(1),-0.2754222123691567,0.26143341169670364,1.05
box(0),-0.7719538553187779,0.5511911936572023,1.05
box(8),-0.2933503406062755,0.7279495717669988,1.05
box(7),-0.6748464387266888,0.2247283757205041,1.05
box(6),-0.6739177229955766,0.4130574513866637,1.05
box(5),-0.46260822156804243,0.7898107504525995,1.05
box(4),-0.6327462632217667,0.6720082435155449,1.05
box(3),-0.40478590176262763,0.36288884875866656,1.05
box(2),-0.7665000695426112,0.7548902917215896,1.05
box(1),-0.2533190266532994,0.5704810454000908,1.05
box(0),-0.2646034027473766,0.29451909106514584,1.05
box(8),-0.4114745053988649,0.5819386067549362,1.05
box(7),-0.28166763983809007,0.768808855974956,1.05
box(6),-0.7303345699827177,0.2688672274840373,1.05
box(5),-0.5727326323120762,0.23567831358885602,1.05
box(4),-0.5709270002883806,0.4960365799724456,1.05
box(3),-0.5900048519916031,0.7567991499106725,1.05
box(2),-0.7393519166081268,0.44384838862896814,1.05
box(1),-0.791905192593739,0.759586628797519,1.05
box(0),-0.27876694976670247,0.4478403310365306,1.05
box(8),-0.38083847894897915,0.21210691279623897,1.05
box(7),-0.44260323829618375,0.6300282332595089,1.05
box(6),-0.279260366420537,0.7633717337051875,1.05
box(5),-0.7445581921609246,0.24724649107604021,1.05
box(4),-0.7592894229354312,0.5984880055096788,1.05
box(3),-0.4550844011547253,0.3986692283944057,1.05
box(2),-0.5698802040838553,0.5134274090124663,1.05
box(1),-0.638833048686711,0.7707791778045361,1.05
box(0),-0.7447763503916964,0.4206099914343786,1.05
box(8),-0.4538979551071292,0.789205771204555,1.05
box(7),-0.25471351312893575,0.3582400457914824,1.05
box(6),-0.4342891489789822,0.23053212667786607,1.05
box(5),-0.3690086509606759,0.5560556357904828,1.05
box(4),-0.7403941271927532,0.23673120319576899,1.05
box(3),-0.6179524192720522,0.3272301351573147,1.05
box(2),-0.20816630618964865,0.7846960797223019,1.05
box(1),-0.6256482634450702,0.534694049739039,1.05
box(0),-0.46164156971363696,0.4008357606321721,1.05
box(8),-0.2166817065560529,0.20722075318842725,1.05
box(7),-0.6179161552994619,0.6941982391267992,1.05
box(6),-0.7991705877392967,0.45389521618696355,1.05
box(5),-0.38060411373929487,0.24795041371433812,1.05
box(4),-0.4090867053172041,0.6980220622881494,1.05
box(3),-0.5341164882031249,0.20068442865787936,1.05
box(2),-0.24923916465720733,0.3980764721035249,1.05
box(1),-0.684720588023557,0.2371049666935523,1.05
box(0),-0.2219881442615576,0.5758709151022379,1.05
box(8),-0.6590923012269636,0.5194942640285368,1.05
box(7),-0.42795303323655803,0.5102796063985917,1.05
box(6),-0.6611219574430853,0.7542736972696196,1.05
box(5),-0.4937946465576547,0.353486096274098,1.05
box(4),-0.7852119969857381,0.6453660108039887,1.05
box(3),-0.5094467633123156,0.6732095478324129,1.05
box(2),-0.21948962743766234,0.24651190233021977,1.05
box(1),-0.3687637553791443,0.7666649268590677,1.05
box(0),-0.7094196631905743,0.3212460271712209,1.05
box(8),-0.5789223440494133,0.20254972779722327,1.05
box(7),-0.24190849834312028,0.42531606595236016,1.05
box(6),-0.4164634495613494,0.22113753584906293,1.05
box(5),-0.6157836204352514,0.7931698219272565,1.05
box(4),-0.38457423767936916,0.5245944088888079,1.05
box(3),-0.7884354839944638,0.7967412822373885,1.05
box(2),-0.4688006784964428,0.3915341288500298,1.05
box(1),-0.6871402631261698,0.5028901798509299,1.05
box(0),-0.34071440065647474,0.7798127702024882,1.05
box(8),-0.7904654127521975,0.3080548100751891,1.05
box(7),-0.24805760371446225,0.6135840065602833,1.05
box(6),-0.2811611007000125,0.35202894850925925,1.05
box(5),-0.5027730346288197,0.6700037143103791,1.05
box(4),-0.5880979223236862,0.2716809687612805,1.05
box(3),-0.6210839290637695,0.7874622464112551,1.05
box(2),-0.7820460719256392,0.6682555457425072,1.05
box(1),-0.5089593403227652,0.48160175182412185,1.05
box(0),-0.6759199622166443,0.48357276530773985,1.05
box(8),-0.2219050292980175,0.7947809959845753,1.05
box(7),-0.34689632552848393,0.2056644119215273,1.05
box(6),-0.22443975727170618,0.6326533647765118,1.05
box(5),-0.7969018632727267,0.27333024352229635,1.05
box(4),-0.4559894192850547,0.7904780695435203,1.05
box(3),-0.32515954967816235,0.37019425101769526,1.05
box(2),-0.611313881620901,0.6932404542862182,1.05
box(1),-0.2021959577048914,0.2564492263364165,1.05
box(0),-0.3962094704029999,0.5055118170685624,1.05
box(8),-0.7737926440288829,0.4623389898083989,1.05
box(7),-0.5393023644869538,0.2753373150602343,1.05
box(6),-0.20428284166481606,0.4602245671014266,1.05
box(5),-0.7674271973976123,0.7822490682700485,1.05
box(4),-0.7168267329840374,0.26452595632390735,1.05
box(3),-0.2369979364767205,0.7088832578028346,1.05
box(2),-0.41962078247494294,0.6571456945560981,1.05
box(1),-0.36315388739160337,0.22155311698957927,1.05
box(0),-0.62247722327554,0.4824006159736864,1.05
box(8),-0.6244740477877084,0.6912464733551147,1.05
box(7),-0.4197320046881251,0.4919213768862055,1.05
box(6),-0.5034560262464333,0.34476421469898155,1.05
box(5),-0.2375915010074217,0.545350627828513,1.05
box(4),-0.7684646375305093,0.5939142312393504,1.05
box(3),-0.720868667423334,0.25429357431957533,1.05
box(2),-0.20768535066801355,0.3748980572040276,1.05
box(1),-0.7632486509874472,0.7582739173113493,1.05
box(0),-0.7856056910951026,0.4043028955706537,1.05
box(8),-0.25905015433242573,0.225979781501932,1.05
box(7),-0.6247857149773843,0.6864935735040332,1.05
box(6),-0.2110817501394672,0.7837646014608053,1.05
box(5),-0.5602776211887062,0.5033585696089546,1.05
box(4),-0.4042157026967764,0.7913410879297953,1.05
box(3),-0.20301399714609486,0.5473708926092113,1.05
box(2),-0.4624903951640268,0.20589971275171515,1.05
box(1),-0.7070607926048076,0.5353997644074401,1.05
box(0),-0.7420738586355207,0.22085708577400512,1.05
box(8),-0.39348724455283723,0.362415568017869,1.05
box(7),-0.7631330677291515,0.7466853734996772,1.05
box(6),-0.5850957193447568,0.7982312308327286,1.05
box(5),-0.22634126967290372,0.745563554557138,1.05
box(4),-0.47273686873983417,0.5408826043588646,1.05
box(3),-0.6006318993171561,0.36938358724933607,1.05
box(2),-0.4008792934875117,0.7191940156634233,1.05
box(1),-0.2187392504821165,0.5166071058318886,1.05
box(0),-0.24018550471740008,0.3113625955532628,1.05
box(8),-0.781522253437805,0.4762115512026581,1.05
box(7),-0.7364637128307963,0.26488792796268523,1.05
box(6),-0.6613975071667673,0.6430942866147702,1.05
box(5),-0.4147101122371349,0.2516281603337088,1.05
box(4),-0.6564251320245404,0.7988437252235399,1.05
box(3),-0.3798408321273439,0.4046188269000255,1.05
box(2),-0.5756558538701348,0.40092971909818076,1.05
box(1),-0.2666132575304916,0.7612799981891256,1.05
box(0),-0.44266772309190594,0.7704630751874801,1.05
box(8),-0.4619501729694457,0.5751609297285024,1.05
box(7),-0.2286807162743406,0.3489713517450136,1.05
box(6),-0.7243440812003912,0.361092187211952,1.05
box(5),-0.6678774992863301,0.5719542136101547,1.05
box(4),-0.27959575685485016,0.525647754058477,1.05
box(3),-0.5478624784761355,0.21709334967131658,1.05
box(2),-0.3788049082868099,0.3820527165879174,1.05
box(1),-0.6898479098901331,0.7302060226379479,1.05
box(0),-0.23700498558209765,0.6743810668154449,1.05
box(8),-0.4725472468871081,0.7760511595632598,1.05
box(7),-0.5687075717006773,0.3888971572344203,1.05
box(6),-0.28500744176908765,0.20505379326653947,1.05
box(5),-0.44689408226483196,0.5869227090289357,1.05
box(4),-0.7042424555963802,0.25166719681928224,1.05
box(3),-0.6664898695387177,0.5274275036284997,1.05
box(2),-0.266742095219097,0.49446458694555206,1.05
box(1),-0.4762315378558748,0.22842986388982814,1.05
box(0),-0.6327218825346335,0.6883860099772914,1.05
box(8),-0.28356538294969,0.7616276551190648,1.05
box(7),-0.5235189415117198,0.7925833721282527,1.05
box(6),-0.7681773651833028,0.7702923070357999,1.05
box(5),-0.33297179571029234,0.34086354792404694,1.05
box(4),-0.5257736123939123,0.47072124120170394,1.05
box(3),-0.6371036885165751,0.24444036677177794,1.05
box(2),-0.40058764034403443,0.6503090990499912,1.05
box(1),-0.7571043423008115,0.3701604812280366,1.05
box(0),-0.4668410124305638,0.22104156015413537,1.05
box(8),-0.7125072155594965,0.5679946370590027,1.05
box(7),-0.2334351788556152,0.4606455103570638,1.05
box(6),-0.2527401360656091,0.773311900450514,1.05
box(5),-0.5186766577191193,0.7505695261680043,1.05
box(4),-0.6669749744797294,0.7160768295116182,1.05
box(3),-0.4035972601545408,0.4307333771617594,1.05
box(2),-0.6982191486655254,0.20376623826357484,1.05
box(1),-0.26621224156115514,0.223896975208556,1.05
box(0),-0.33300325933174,0.5804805745723653,1.05
box(8),-0.7595678975889579,0.35266284034303785,1.05
box(7),-0.5567017351286204,0.6037949818374247,1.05
box(6),-0.6018395112936873,0.4604602060068228,1.05
box(5),-0.7642736387871285,0.5261772716633482,1.05
box(4),-0.2995578958260822,0.7499231904612385,1.05
box(3),-0.4560184495683071,0.20824245094952698,1.05
box(2),-0.39381976746470304,0.44133380307487574,1.05
box(1),-0.6426249726856057,0.7850790840528952,1.05
box(0),-0.20459805816494203,0.39211845380873867,1.05
box(8),-0.2977349979263153,0.591955284598502,1.05
box(7),-0.7534488502174905,0.6812704879521099,1.05
box(6),-0.7109897254276976,0.2572947640421829,1.05
box(5),-0.4791973139946039,0.7613320945046915,1.05
box(4),-0.6956486458219101,0.4474266409044394,1.05
box(3),-0.5416182910313015,0.47009389859260364,1.05
box(2),-0.379772036166436,0.2573600192311743,1.05
box(1),-0.5415717841658216,0.2828440079679685,1.05
box(0),-0.32093951630880474,0.7781459701518818,1.05
box(8),-0.35805436825453385,0.415790659633239,1.05
box(7),-0.3328721973168272,0.618770589972,1.05
box(6),-0.6754961763337866,0.7150093004663314,1.05
box(5),-0.7432909955741671,0.2546096712703839,1.05
box(4),-0.4861215634223427,0.6625137296564754,1.05
box(3),-0.7907030173670635,0.5349955278017567,1.05
box(2),-0.5700725587247737,0.5051529788506637,1.05
box(1),-0.2806670435589985,0.20868119201944488,1.05
box(0),-0.5581520298289675,0.2662231364649792,1.05
box(8),-0.30806056838399926,0.7845931423949204,1.05
box(7),-0.21872993338167382,0.3505979354317676,1.05
box(6),-0.37370243260575176,0.5025505303995677,1.05
box(5),-0.20079484024868718,0.6794575131535805,1.05
box(4),-0.7748546860637102,0.7276126872798938,1.05
box(3),-0.680424079625773,0.3631359720842564,1.05
box(2),-0.5258767333913281,0.7986017538173134,1.05
box(1),-0.3952895943311941,0.33680206265650103,1.05
box(0),-0.6151104469434168,0.6231533511238434,1.05
box(8),-0.43778690775467616,0.6542102808646342,1.05
box(7),-0.7879236756994938,0.5693050554349361,1.05
box(6),-0.5002436766332732,0.20741508124965635,1.05
box(5),-0.34933680935005973,0.7901969457642413,1.05
box(4),-0.23859270333134827,0.4413708141103003,1.05
box(3),-0.2003256282719556,0.645525020619669,1.05
box(2),-0.6677959104756008,0.418751717288504,1.05
box(1),-0.768507769474102,0.269333595738663,1.05
box(0),-0.4846461593975653,0.3605090891157283,1.05
box(8),-0.6662969413874258,0.7444087669063895,1.05
box(7),-0.47694975389527006,0.6618875670107072,1.05
box(6),-0.240733200751965,0.24381804588530473,1.05
box(5),-0.6373652874911002,0.5856893879683929,1.05
box(4),-0.79829228374128,0.6276964703851307,1.05
box(3),-0.38864493972029923,0.5060509246324343,1.05
box(2),-0.31539334474449776,0.7284816468709119,1.05
box(1),-0.213700652667837,0.42220279258371707,1.05
box(0),-0.6510051489303086,0.3352174752676791,1.05
box(8),-0.4729415146544644,0.21703645726277568,1.05
box(7),-0.6442567610441323,0.7806423168811101,1.05
box(6),-0.458664185795418,0.6834813068209434,1.05
box(5),-0.5369500240899385,0.46508359289345513,1.05
box(4),-0.6829760119586219,0.5137416624971297,1.05
box(3),-0.742090606674451,0.20832769188608025,1.05
box(2),-0.2166152941549993,0.22984103278203888,1.05
box(1),-0.21947646940846727,0.6971121727879674,1.05
box(0),-0.7981412520290212,0.7194634049950297,1.05
box(8),-0.3725812204911777,0.4657386683129595,1.05
box(7),-0.5075033600475893,0.2106614990096493,1.05
box(6),-0.5894486165054709,0.7590524095883013,1.05
box(5),-0.22662491656295092,0.5068553236369113,1.05
box(4),-0.5213019760903082,0.5147258873048952,1.05
box(3),-0.43852388589543767,0.6913122069410931,1.05
box(2),-0.6153163019054897,0.3247399856549531,1.05
box(1),-0.6698574807465295,0.47761489245690014,1.05
box(0),-0.23216866921650647,0.2800748090354059,1.05
box(8),-0.7470747595569007,0.7284027900237764,1.05
box(7),-0.7784633685251241,0.2308657134051871,1.05
box(6),-0.22118195935522322,0.7944973041598589,1.05
box(5),-0.6216633761528949,0.6429307753644194,1.05
box(4),-0.6063831811004947,0.7947043415152266,1.05
box(3),-0.28508906251174776,0.4780641562380356,1.05
box(2),-0.437779262686465,0.37581213443457284,1.05
box(1),-0.4281262115599899,0.6463056790831265,1.05
box(0),-0.7245975221112801,0.4982784747112679,1.05
box(8),-0.2402487180585765,0.2837034372077961,1.05
box(7),-0.6208532735588703,0.3717169595385262,1.05
box(6),-0.572331709951091,0.21029347165556656,1.05
box(5),-0.2371431440785956,0.7224423164642935,1.05
box(4),-0.7484307363344473,0.20640436104649104,1.05
box(3),-0.5978062344704853,0.7006258164437587,1.05
box(2),-0.7591591469337149,0.6733964122590637,1.05
box(1),-0.5003339712144088,0.4646729467427992,1.05
box(0),-0.36962038496780814,0.5845938226970873,1.05
box(8),-0.21661099834256525,0.5540621228861978,1.05
box(7),-0.7216926589117802,0.5205162554866093,1.05
box(6),-0.2135232181664025,0.25038545556874675,1.05
box(5),-0.4522151870575797,0.2444666149148738,1.05
box(4),-0.4602643946421232,0.7627745146075464,1.05
box(3),-0.7861923484752693,0.21867440777175634,1.05
box(2),-0.22955643601353953,0.400839461102682,1.05
box(1),-0.6354091278254382,0.6931705658163401,1.05
box(0),-0.4225777990408613,0.43251357994725165,1.05
box(8),-0.24333032456771828,0.755709053305673,1.05
box(7),-0.5619242333943927,0.4941674950967662,1.05
box(6),-0.7032061944305081,0.5584487892117815,1.05
box(5),-0.3520083549043215,0.6163785623159126,1.05
box(4),-0.6896028979877133,0.3765011302166761,1.05
box(3),-0.24840021282058872,0.23669513760005423,1.05
box(2),-0.5911073454546799,0.22471855273170122,1.05
box(1),-0.7858346315808609,0.21974847663289737,1.05
box(0),-0.7825647338008135,0.7720602047789638,1.05
box(8),-0.4275540537803452,0.2201294477230472,1.05
box(7),-0.22790954972502955,0.7548591424393922,1.05
box(6),-0.6217894531647071,0.7482935399855626,1.05
box(5),-0.4144295451748149,0.4130733101672357,1.05
box(4),-0.2973634071084916,0.5550884342582867,1.05
box(3),-0.6019757931971439,0.47593573039716575,1.05
box(2),-0.40802176156218056,0.7486424085345089,1.05
box(1),-0.7429583978962189,0.5491490485797544,1.05
box(0),-0.488282354444084,0.621729556210364,1.05
box(8),-0.5671616620160977,0.31089252908570214,1.05
box(7),-0.7784526178868407,0.3048572189985932,1.05
box(6),-0.2721646836782894,0.31916665531528143,1.05
box(5),-0.6973096067417153,0.7081922291659632,1.05
box(4),-0.39435372671891644,0.22073866795960087,1.05
box(3),-0.3272631781204448,0.47090616888583314,1.05
box(2),-0.5875530902272408,0.5013191204854115,1.05
box(1),-0.33548274994839233,0.7248956038092891,1.05
box(0),-0.5270829120332712,0.7985470106341597,1.05
box(8),-0.4688829295123643,0.6351125453957176,1.05
box(7),-0.5664870761620635,0.2609942136202616,1.05
box(6),-0.7569846307918404,0.37219534535484633,1.05
box(5),-0.2443547582411998,0.20308205836300863,1.05
box(4),-0.7424049106393733,0.6996276781459987,1.05
box(3),-0.7746794723111194,0.21213508328692493,1.05
box(2),-0.4011457460771233,0.27281067390590946,1.05
box(1),-0.39353241932866984,0.47102621982235426,1.05
box(0),-0.2022794997723039,0.6403707218334496,1.05
box(8),-0.32955337599892154,0.7469936610167438,1.05
box(7),-0.5761443532723629,0.7652049619490944,1.05
box(6),-0.5828538432532411,0.5962514979110586,1.05
box(5),-0.5589015809347508,0.39131640720492367,1.05
box(4),-0.6240828081878427,0.2513101866113365,1.05
box(3),-0.22499385788919976,0.27838388968644767,1.05
box(2),-0.7771183877173276,0.6565882151001079,1.05
box(1),-0.3753134863942772,0.3180674665610168,1.05
box(0),-0.3279733682552425,0.5320336470300469,1.05
box(8),-0.7844201779036257,0.4127504096409239,1.05
box(7),-0.22519672364119017,0.7664180808970738,1.05
box(6),-0.48392425746190065,0.762590362798873,1.05
box(5),-0.6527367490257352,0.779335668198855,1.05
box(4),-0.4974099563879047,0.6130581800237274,1.05
box(3),-0.5406864748311866,0.22063101319034617,1.05
box(2),-0.7664864256756312,0.24378448086022447,1.05
box(1),-0.7647046511688831,0.6314161475599032,1.05
box(0),-0.6493864542777628,0.4943878068874065,1.05
box(8),-0.2832570879237818,0.4682118442674055,1.05
box(7),-0.48246805698636214,0.4373606113253822,1.05
box(6),-0.21196811104367833,0.26302896719324936,1.05
box(5),-0.31079233675435236,0.6663211324193904,1.05
box(4),-0.5697213984604752,0.7634935684874093,1.05
box(3),-0.3885677214249846,0.31862915853899615,1.05
box(2),-0.547621006776223,0.29093753205801975,1.05
box(1),-0.7640181742702599,0.21742078614287183,1.05
box(0),-0.7276960119854754,0.6597818908945599,1.05
box(8),-0.7147624533253294,0.4652791725882843,1.05
box(7),-0.6067111284064414,0.5709485054741148,1.05
box(6),-0.2609694985046491,0.49610023564434863,1.05
box(5),-0.2010462495745271,0.3056651254475685,1.05
box(4),-0.47444584450841,0.4484755215481484,1.05
box(3),-0.2534362482767119,0.7850046655228617,1.05
box(2),-0.3545926301997653,0.2260169480719446,1.05
box(1),-0.40345886072041404,0.5958296482323941,1.05
box(0),-0.7849499892493721,0.25540059093623957,1.05
box(8),-0.45916292116475554,0.7915988224712616,1.05
box(7),-0.5513609268332772,0.26194105941916707,1.05
box(6),-0.7458051310453724,0.7132701500796907,1.05
box(5),-0.7572567160549395,0.41222336578576857,1.05
box(4),-0.5917386767147134,0.621907996313662,1.05
box(3),-0.302133937901647,0.47774023712652586,1.05
box(2),-0.5838302205442774,0.4462875978528519,1.05
box(1),-0.24805894588333557,0.29999630920616577,1.05
box(0),-0.36485305151477454,0.6259986370940882,1.05
box(8),-0.7261496851501605,0.26178968124752167,1.05
box(7),-0.5426869508634877,0.7898276195009375,1.05
box(6),-0.49363589682810405,0.2571320068588867,1.05
box(5),-0.7872725084911574,0.782525298992526,1.05
box(4),-0.7635555434515546,0.5616129116699201,1.05
box(3),-0.21742634444871542,0.7113885063084657,1.05
box(2),-0.6236632235025872,0.6512842936210578,1.05
box(1),-0.6450662435949026,0.42774750777064924,1.05
box(0),-0.32111093679491054,0.40220233819158124,1.05
box(8),-0.4210217217997697,0.5305484105079924,1.05
box(7),-0.7691822912707771,0.30751204207721927,1.05
box(6),-0.286276074925734,0.23069583800493812,1.05
box(5),-0.435254997356343,0.7120529758524132,1.05
box(4),-0.4586174047674647,0.25101804094181085,1.05
box(3),-0.6136412523267638,0.25802003115967753,1.05
box(2),-0.7935085563655924,0.48570253767972077,1.05
box(1),-0.7047766577873711,0.656413672497784,1.05
box(0),-0.2534482851867418,0.6889941111757307,1.05
box(8),-0.5010421667537723,0.40141307565627016,1.05
box(7),-0.5147908979385715,0.5703805615654488,1.05
box(6),-0.27445332660165783,0.38673191248583894,1.05
box(5),-0.5616736510651519,0.7983061121189055,1.05
box(4),-0.7761454597835107,0.2910826789816167,1.05
box(3),-0.3628984846805834,0.2018284096476115,1.05
box(2),-0.5990035755864034,0.2100877664757289,1.05
box(1),-0.7491158245095599,0.4998631328922792,1.05
box(0),-0.7034048407036717,0.7353823571584568,1.05
box(8),-0.2533376078695936,0.6186686952528976,1.05
box(7),-0.20459458773202943,0.798029431662056,1.05
box(6),-0.5495379036131771,0.644069712834736,1.05
box(5),-0.4772437705693785,0.3041078427923343,1.05
box(4),-0.20241551912850303,0.3329528460603075,1.05
box(3),-0.7902190939049578,0.25946493750370725,1.05
box(2),-0.39911733855078907,0.6910340101350574,1.05
box(1),-0.395138061922538,0.43192922085760355,1.05
box(0),-0.562710686072925,0.4823309747978444,1.05
box(8),-0.6911128595684786,0.5720641180964443,1.05
box(7),-0.6611686100818933,0.7597261931171513,1.05
box(6),-0.6224732017585246,0.2635938517478713,1.05
box(5),-0.7811785679748469,0.44176299067139213,1.05
box(4),-0.4639355775568853,0.22022763354732297,1.05
box(3),-0.27082216067827347,0.576634383966278,1.05
box(2),-0.21231140213175542,0.38421630205998736,1.05
box(1),-0.4285602069145245,0.7064990297448832,1.05
box(0),-0.3939999167116506,0.37787237733054035,1.05
box(8),-0.25015041239268165,0.21683680479337175,1.05
box(7),-0.6047895387116973,0.5488953201677249,1.05
box(6),-0.5423467445405641,0.4037104969681047,1.05
box(5),-0.5987899602748281,0.7882261428969661,1.05
box(4),-0.7546510410122862,0.3251088754876784,1.05
box(3),-0.7878388704878367,0.5562813663270247,1.05
box(2),-0.51052521135557,0.22638840830071366,1.05
box(1),-0.20418212187749785,0.6443986190985351,1.05
box(0),-0.4461669972307959,0.6289300156665154,1.05
box(8),-0.26581650903008236,0.4640307283973206,1.05
box(7),-0.29171382009232444,0.7956314978147052,1.05
box(6),-0.3314072793793773,0.2438384404507388,1.05
box(5),-0.47940869490637167,0.4531157931753354,1.05
box(4),-0.7693463282209521,0.7227427436640919,1.05
box(3),-0.6276637058337584,0.37576546652322407,1.05
box(2),-0.7602457245543008,0.24658229174272941,1.05
box(1),-0.5969866784909944,0.5718003235125966,1.05
box(0),-0.6165508908878063,0.7419598471299478,1.05
box(8),-0.2510383993624621,0.6367371062279976,1.05
box(7),-0.2265310672418699,0.36622502469331364,1.05
box(6),-0.3713526883131666,0.7436301155578973,1.05
box(5),-0.39999580823082176,0.21751074927118985,1.05
box(4),-0.7750928271738775,0.42290367455355493,1.05
box(3),-0.4159015203056457,0.5803569573478048,1.05
box(2),-0.76687864206201,0.6216330368430638,1.05
box(1),-0.5877163788453269,0.2240275203877102,1.05
box(0),-0.5726841995312104,0.5586993924224032,1.05
box(8),-0.2017995000672594,0.7990176989630435,1.05
box(7),-0.5785197622881265,0.3911288806942894,1.05
box(6),-0.27855035776870496,0.40345876273461145,1.05
box(5),-0.5121886145581462,0.7239058892656729,1.05
box(4),-0.24033264033691054,0.5677880705064584,1.05
box(3),-0.7324906107001625,0.40521079646229896,1.05
box(2),-0.3655444003509434,0.23200514470935882,1.05
box(1),-0.7438676168933891,0.7324363105603293,1.05
box(0),-0.699206557313991,0.21869176891100822,1.05
box(8),-0.40278624718494116,0.5073800698353714,1.05
box(7),-0.23293010004369963,0.7779207506197696,1.05
box(6),-0.5251464941067359,0.37610975824426085,1.05
box(5),-0.5848787130229944,0.5309972950851315,1.05
box(4),-0.4215551860776024,0.7489863935094152,1.05
box(3),-0.2452246841479994,0.49252634102514553,1.05
box(2),-0.7369602646816875,0.43775408277884303,1.05
box(1),-0.25447997403386546,0.3415762454805693,1.05
box(0),-0.6076099807277393,0.6794393451447381,1.05
box(8),-0.793622286172184,0.7298398076640611,1.05
box(7),-0.3826584566520814,0.5750129648133392,1.05
box(6),-0.6203060429923102,0.22811900757148867,1.05
box(5),-0.4254959741978521,0.3696396996030117,1.05
box(4),-0.5683682244628363,0.4271882263802864,1.05
box(3),-0.48924074479094737,0.7765184582950044,1.05
box(2),-0.25872795277635596,0.6824138270558413,1.05
box(1),-0.7243974038896124,0.5163091981072191,1.05
box(0),-0.2504062368357306,0.29806585685058906,1.05
box(8),-0.24272273992190613,0.4548678605972877,1.05
box(7),-0.6708774300154463,0.7598308343450209,1.05
box(6),-0.776702078898198,0.21859623298308561,1.05
box(5),-0.716134050280657,0.36125025513272974,1.05
box(4),-0.3917996877370983,0.5553195790146357,1.05
box(3),-0.49835862488515564,0.21785716806847735,1.05
box(2),-0.4909242041984916,0.4153512579348923,1.05
box(1),-0.29620259676302835,0.7152994625542268,1.05
box(0),-0.5223138450983916,0.7876988652294932,1.05
box(8),-0.2378410428759615,0.21125120854284196,1.05
box(7),-0.22313312958010673,0.5596825814262723,1.05
box(6),-0.29020174935872184,0.40252041889066514,1.05
box(5),-0.6388809205216937,0.6502614618847946,1.05
box(4),-0.7185916592291322,0.4821927082303006,1.05
box(3),-0.6743229376395058,0.33029559006911924,1.05
box(2),-0.7882426455907503,0.7551484311081607,1.05
box(1),-0.45397102012445395,0.4797865777018834,1.05
box(0),-0.24690816717941821,0.7805320787571939,1.05
box(8),-0.5150074647652292,0.7357502544735464,1.05
box(7),-0.26528633769255017,0.24372998207641153,1.05
box(6),-0.30313446279144285,0.5619220584004394,1.05
box(5),-0.5595265928906024,0.21723198701955992,1.05
box(4),-0.6402269532847265,0.6443956846739469,1.05
box(3),-0.7971360246451209,0.44163409502354223,1.05
box(2),-0.6789094478466009,0.34133544498700374,1.05
box(1),-0.2592545299887895,0.40625301469544284,1.05
box(0),-0.7995903145842824,0.795615675792283,1.05
box(8),-0.41235008426072983,0.4398335117509087,1.05
box(7),-0.42957349639913867,0.7495803677600505,1.05
box(6),-0.3384016270943053,0.25046712633807244,1.05
box(5),-0.30687580691558103,0.5662753638730222,1.05
box(4),-0.2556508469864941,0.7609657995257668,1.05
box(3),-0.5497566813469043,0.552109351661112,1.05
box(2),-0.5032302063254309,0.20794416520361855,1.05
box(1),-0.6072867731197957,0.7529059050272011,1.05
box(0),-0.7517881838211777,0.32766977705058853,1.05
box(8),-0.7506630170461783,0.6232824054015029,1.05
box(7),-0.5180757856375349,0.40479674490925854,1.05
box(6),-0.20030374338577453,0.4532690671046204,1.05
box(5),-0.2874490283765526,0.3208506826070264,1.05
box(4),-0.3587852753415687,0.5710392966212124,1.05
box(3),-0.4335712555030412,0.7710571508685062,1.05
box(2),-0.5230373848897545,0.5790243828740022,1.05
box(1),-0.2036735318455032,0.7195144212823257,1.05
box(0),-0.6244645441810004,0.7331966076516909,1.05
box(8),-0.6207574315423032,0.22730072236138266,1.05
box(7),-0.7784408222360317,0.6556841213620346,1.05
box(6),-0.5507448225506487,0.41353092579078243,1.05
box(5),-0.7997682176509477,0.397540104177185,1.05
box(4),-0.289908117651225,0.35370771749065666,1.05
box(3),-0.3408742965024151,0.4993333548611411,1.05
box(2),-0.442384604696157,0.7717569553292398,1.05
box(1),-0.45903408390288325,0.28049500067243616,1.05
box(0),-0.25356605489413764,0.7306744070444291,1.05
box(8),-0.4769537541184709,0.6195579136249727,1.05
box(7),-0.6192449195051819,0.24010811033107332,1.05
box(6),-0.6922826175191206,0.6395904202848991,1.05
box(5),-0.6419957667630094,0.47282583471561357,1.05
box(4),-0.7629583775849562,0.35342559893910286,1.05
box(3),-0.2519925657098618,0.23186296518301316,1.05
box(2),-0.31541881310259,0.5371032994228564,1.05
box(1),-0.3347382417041246,0.37026477691425463,1.05
box(0),-0.620673416908305,0.7812001577311776,1.05
box(8),-0.46602475914044605,0.46024771954790394,1.05
box(7),-0.427574158317004,0.7648943950755223,1.05
box(6),-0.655044070488441,0.22578909165273342,1.05
box(5),-0.47027074213629694,0.27355435312158594,1.05
box(4),-0.5600267545979747,0.592186154180095,1.05
box(3),-0.24114501354537432,0.7795393684948462,1.05
box(2),-0.23673334911744592,0.22762911031277866,1.05
box(1),-0.20043282787029143,0.4411458286898094,1.05
box(0),-0.7943452815776719,0.580760257879198,1.05
box(8),-0.6020153508661942,0.7697445274087789,1.05
box(7),-0.24524690033217003,0.6010516681931806,1.05
box(6),-0.3679841255123243,0.48796590769390114,1.05
box(5),-0.4296450748255789,0.7890898961796706,1.05
box(4),-0.5218159122481811,0.2597905982119697,1.05
box(3),-0.5135555099213028,0.5271289411046882,1.05
box(2),-0.7517849459397226,0.4320512297834273,1.05
box(1),-0.6781103308264933,0.24210236729210238,1.05
box(0),-0.35124730964173934,0.3150709860328144,1.05
box(8),-0.7634195824072523,0.6595227092397626,1.05
box(7),-0.5802951713835032,0.7058725578222547,1.05
box(6),-0.21541434013532165,0.5282390561497026,1.05
box(5),-0.2117634405495182,0.739963939216479,1.05
box(4),-0.36210577115018744,0.7291007554710689,1.05
box(3),-0.5324020518375125,0.29190531228679467,1.05
box(2),-0.46652364235781835,0.5783385058123912,1.05
box(1),-0.7407989691473098,0.5062556612289777,1.05
box(0),-0.2025458274627261,0.2593121909838872,1.05
box(8),-0.37034637355044064,0.23148454271247607,1.05
box(7),-0.3829543986070425,0.39335633824433014,1.05
box(6),-0.5445586233777175,0.7575923982592825,1.05
box(5),-0.7992220330712281,0.2022932402513306,1.05
box(4),-0.7334491435186923,0.7586478461816384,1.05
box(3),-0.29165128978727284,0.6938318350755952,1.05
box(2),-0.5892893607251342,0.48412521290269966,1.05
box(1),-0.6492701438770628,0.32736026544976843,1.05
box(0),-0.774136228996211,0.5883771502560244,1.05
box(8),-0.21264136012518636,0.39873543074659556,1.05
box(7),-0.4303817947308976,0.21549374023834922,1.05
box(6),-0.31020035541767216,0.5334880093065056,1.05
box(5),-0.774665665076697,0.4328516482597743,1.05
box(4),-0.45380081946526996,0.6334044475766418,1.05
box(3),-0.5796076537823951,0.7254741495178392,1.05
box(2),-0.7983220536734392,0.2048721485212348,1.05
box(1),-0.6225766499572849,0.4872590624720788,1.05
box(0),-0.30319901252883935,0.7030014311981858,1.05
box(8),-0.20249820297131274,0.21114725178683041,1.05
box(7),-0.5526951457849796,0.3346624432291092,1.05
box(6),-0.3959010612468054,0.37384868629900003,1.05
box(5),-0.634863093949132,0.20315975764303038,1.05
box(4),-0.23346964985486257,0.476183132034921,1.05
box(3),-0.41177314342111426,0.2101301318258456,1.05
box(2),-0.4879102487664299,0.7442703901206336,1.05
box(1),-0.4204919178378753,0.5328534529389543,1.05
box(0),-0.6526698190040621,0.5589971649058261,1.05
box(8),-0.7302188713757745,0.7664568824483795,1.05
box(7),-0.22668109904200462,0.270420027822314,1.05
box(6),-0.7541898121070048,0.359221639680421,1.05
box(5),-0.2697929770152905,0.7597916966367579,1.05
box(4),-0.574845612149055,0.25874437389868626,1.05
box(3),-0.2500333234886036,0.5598091880283365,1.05
box(2),-0.4277510318243893,0.3223118723401878,1.05
box(1),-0.5124218420404754,0.6616502400194114,1.05
box(0),-0.5704819588590196,0.41890181491527007,1.05
box(8),-0.7076629584656633,0.5553064129405592,1.05
box(7),-0.7782042913290237,0.7689259326840778,1.05
box(6),-0.2876988958350971,0.39067943867030486,1.05
box(5),-0.2842926522597309,0.2058636101946697,1.05
box(4),-0.7161436944096997,0.34369683332621237,1.05
box(3),-0.4314113068552535,0.795961564966102,1.05
box(2),-0.267064990185693,0.7561356338175687,1.05
box(1),-0.44192389105586477,0.22972388482443562,1.05
box(0),-0.24249148812305504,0.5709297440050635,1.05
box(8),-0.5613024278601321,0.45710390913073573,1.05
box(7),-0.4034674385875806,0.6079016177191108,1.05
box(6),-0.6263668563926407,0.6268886034318897,1.05
box(5),-0.34928265187184476,0.3792555945825427,1.05
box(4),-0.595394051628377,0.22182175228553414,1.05
box(3),-0.7617217832719887,0.38538154751244236,1.05
box(2),-0.5468964442024633,0.7845594775464284,1.05
box(1),-0.7962230453096979,0.6173319128982686,1.05
box(0),-0.724092716055939,0.7767322711431639,1.05
box(8),-0.4179463198792299,0.202014609891639,1.05
box(7),-0.2356675219876707,0.7718991058539448,1.05
box(6),-0.27537638613876914,0.5556888351554776,1.05
box(5),-0.46180370528684167,0.5091428092561191,1.05
box(4),-0.6422230862615601,0.5203485285081794,1.05
box(3),-0.2649937582285528,0.26705153353419175,1.05
box(2),-0.6696130211825837,0.22715273237909667,1.05
box(1),-0.5044529133625251,0.6909686214468971,1.05
box(0),-0.3883652081620941,0.3780406590496867,1.05
box(8),-0.5674824638235323,0.37067589597496575,1.05
box(7),-0.7934627576583333,0.5045756629792697,1.05
box(6),-0.705114624321133,0.7249366008995448,1.05
box(5),-0.310628348836456,0.7083882631813885,1.05
box(4),-0.37524350695501396,0.5638118383179912,1.05
box(3),-0.619382228214856,0.5422793330182453,1.05
box(2),-0.23997852021809168,0.3312415692852003,1.05
box(1),-0.7331613152401999,0.2961704906966825,1.05
box(0),-0.45656772734292955,0.20048609381498264,1.05
box(8),-0.5135198387141267,0.6659655952319359,1.05
box(7),-0.2062979888665023,0.5857674480090006,1.05
box(6),-0.5310028743961579,0.34422086267314633,1.05
box(5),-0.7461442779186525,0.7608150949396291,1.05
box(4),-0.24294576357955625,0.7720152712131425,1.05
box(3),-0.3726822250880796,0.45608722580366134,1.05
box(2),-0.7184972574985651,0.5493627514742281,1.05
box(1),-0.30865084871058485,0.2751085664495501,1.05
box(0),-0.7869365414578451,0.22457153170929398,1.05
box(8),-0.6080956385435934,0.2126930702900071,1.05
box(7),-0.5199185971961395,0.760980366066432,1.05
box(6),-0.3840458340424975,0.6280812037501177,1.05
box(5),-0.2020857993316869,0.45493097361173424,1.05
box(4),-0.632578397201814,0.38632270307831373,1.05
box(3),-0.7519524749551876,0.738649999271054,1.05
box(2),-0.4335963595740189,0.42367027829246373,1.05
box(1),-0.6029299233085478,0.607939396476748,1.05
box(0),-0.30253572045443144,0.20139316064415466,1.05
box(8),-0.3114123052210977,0.7790675925362738,1.05
box(7),-0.47146624324618835,0.21758247863067792,1.05
box(6),-0.7614471047436613,0.30312808750687464,1.05
box(5),-0.6044940889548727,0.7938026768343931,1.05
box(4),-0.4405264650150894,0.5857520102623921,1.05
box(3),-0.6888370864927604,0.4406863368300491,1.05
box(2),-0.208438150964469,0.5779696404711959,1.05
box(1),-0.4617944638088725,0.7458890720718436,1.05
box(0),-0.36843419267571814,0.38904620449421745,1.05
box(8),-0.2697192783127643,0.2429552950514324,1.05
box(7),-0.6939523462692628,0.6430661651980716,1.05
box(6),-0.5333462810456515,0.3320916859547994,1.05
box(5),-0.7178448087199663,0.25114193468450374,1.05
box(4),-0.21673491215865268,0.4062007142944997,1.05
box(3),-0.2632235441134566,0.7442133108860531,1.05
box(2),-0.6071197916348625,0.5191819220767095,1.05
box(1),-0.7689781687043131,0.41289882026797986,1.05
box(0),-0.46687231246787975,0.7372607872826793,1.05
box(8),-0.7807304527947785,0.788754540751438,1.05
box(7),-0.42201346960489783,0.20316058860187503,1.05
box(6),-0.42579220165303283,0.5862458165488145,1.05
box(5),-0.45068370807015795,0.42052948688050884,1.05
box(4),-0.5711887883616102,0.23799640279225676,1.05
box(3),-0.2607918661538812,0.5841890585191158,1.05
box(2),-0.6221121337024571,0.7439764108146298,1.05
box(1),-0.7757674310151148,0.5832640041497336,1.05
box(0),-0.31078062223583586,0.7666580212628182,1.05
box(8),-0.6961717638363971,0.4317298385550452,1.05
box(7),-0.2617736104587985,0.23515935968021207,1.05
box(6),-0.27570306514718473,0.4073394697037391,1.05
box(5),-0.7712229644267243,0.2190670142959814,1.05
box(4),-0.481471819886061,0.6519352567803174,1.05
box(3),-0.45333863437613275,0.24381633161581764,1.05
box(2),-0.5428763565635275,0.48745019658206495,1.05
box(1),-0.6438127359266164,0.7280983001142813,1.05
box(0),-0.7907212984277308,0.6660698348926762,1.05
box(8),-0.6233859548292762,0.27258330068551406,1.05
box(7),-0.7096404900257192,0.4928584833789481,1.05
box(6),-0.2361363356441157,0.608548944992001,1.05
box(5),-0.24842660506981332,0.44488086282777894,1.05
box(4),-0.2325314456525896,0.24511074889572362,1.05
box(3),-0.47697504575843,0.6700715323136444,1.05
box(2),-0.43328527060132643,0.32618121155442165,1.05
box(1),-0.44070755817324025,0.5115543650494223,1.05
box(0),-0.2979424535358155,0.7799787919425276,1.05
box(8),-0.7525475242383128,0.6546470471812866,1.05
box(7),-0.7572629557047339,0.2903356938619198,1.05
box(6),-0.5985904184841178,0.417738842842562,1.05
box(5),-0.21197334747180377,0.6040362235537311,1.05
box(4),-0.7627635649878253,0.45407913925836896,1.05
box(3),-0.5455034301688312,0.21768363478998606,1.05
box(2),-0.20263150328857035,0.39809350496183094,1.05
box(1),-0.40828342704094855,0.34452846650821045,1.05
box(0),-0.6146859211753741,0.7370668476442244,1.05
box(8),-0.4645212248820376,0.5120844586310531,1.05
box(7),-0.7799724599778302,0.7114867653281947,1.05
box(6),-0.7756014322164055,0.2647084197629889,1.05
box(5),-0.480390608806127,0.6668824563841749,1.05
box(4),-0.6314347807321649,0.3670317543763409,1.05
box(3),-0.2783564531640934,0.7646537395531552,1.05
box(2),-0.21551228922143098,0.6074171672739295,1.05
box(1),-0.20081694969643865,0.3051954718108224,1.05
box(0),-0.5075342869108668,0.20119930625827148,1.05
box(8),-0.6798667031171671,0.5879819729257038,1.05
box(7),-0.7612526212538708,0.46039026308763,1.05
box(6),-0.32810732196927334,0.4885403657008175,1.05
box(5),-0.3725545977254501,0.3210256099667901,1.05
box(4),-0.798140335236228,0.2495254540383081,1.05
box(3),-0.5174204215770555,0.4720619940909693,1.05
box(2),-0.7025204354996823,0.7365476948944725,1.05
box(1),-0.2193902359476421,0.6173184160393322,1.05
box(0),-0.2104915394289156,0.3835713585248627,1.05
box(8),-0.631282262337547,0.3447415040301383,1.05
box(7),-0.28031116001120304,0.7792271371178168,1.05
box(6),-0.5379294463985087,0.6904523065914334,1.05
box(5),-0.23247227076263455,0.23387948435040135,1.05
box(4),-0.55441053102359,0.20045225845029407,1.05
box(3),-0.377069290654128,0.5251057102728156,1.05
box(2),-0.38794722874073845,0.24517481813250103,1.05
box(1),-0.7700640654382673,0.5556445669970336,1.05
box(0),-0.7726587352013541,0.22491171942900137,1.05
box(8),-0.2108142907682534,0.5290439706087215,1.05
box(7),-0.6283345463494663,0.3852344130956227,1.05
box(6),-0.2704834045402651,0.7602925278164776,1.05
box(5),-0.499590684860037,0.6773548845896697,1.05
box(4),-0.24946237338726324,0.32413473712471286,1.05
box(3),-0.6219263599187599,0.21550851498778636,1.05
box(2),-0.700922469984973,0.7260657283136647,1.05
box(1),-0.4220276894255314,0.34170901849614843,1.05
box(0),-0.33303277609201287,0.6172596508045128,1.05
box(8),-0.6984055114594712,0.5207495212510665,1.05
box(7),-0.47044954472313405,0.48658426505949043,1.05
box(6),-0.7687887519290446,0.32374122008862394,1.05
box(5),-0.2766031684302253,0.7963169490290103,1.05
box(4),-0.5437438162082445,0.6271224755484246,1.05
box(3),-0.205095248233885,0.5125434734592396,1.05
box(2),-0.6086279046383921,0.22815413679386137,1.05
box(1),-0.7757802832500682,0.7567181956612721,1.05
box(0),-0.3842796700896246,0.31635694636569256,1.05
box(8),-0.4940928442567318,0.7694019936516632,1.05
box(7),-0.79977250865225,0.6051697634592024,1.05
box(6),-0.45427768881279873,0.4735115460010098,1.05
box(5),-0.7631053160808963,0.42899256449473844,1.05
box(4),-0.2721684894926523,0.6642534388761226,1.05
box(3),-0.6046500223292042,0.44418683422865535,1.05
box(2),-0.21855860482095202,0.23253627787341147,1.05
box(1),-0.22021752436058306,0.479553570880014,1.05
box(0),-0.7553644747682757,0.2556040001949648,1.05
box(8),-0.5233103789138878,0.24847819303772806,1.05
box(7),-0.5680852801810164,0.6984636239686981,1.05
box(6),-0.37557742063498467,0.7934709115061651,1.05
box(5),-0.41545451880859335,0.44452353948676704,1.05
box(4),-0.7728992297088466,0.7689849089415293,1.05
box(3),-0.7169943415531561,0.564185962782328,1.05
box(2),-0.6158116378157462,0.4504074558929744,1.05
box(1),-0.27890445455021595,0.21858477783307634,1.05
box(0),-0.20455927223355774,0.4613808639959368,1.05
box(8),-0.7320488635392888,0.20847267271819792,1.05
box(7),-0.20042974392028992,0.6509952471869402,1.05
box(6),-0.52782955117584,0.6775832972579121,1.05
box(5),-0.24670142382768237,0.7940742246431209,1.05
box(4),-0.39700484589746055,0.45862387306077446,1.05
box(3),-0.5742569987639192,0.28241286995728443,1.05
box(2),-0.7850402950189455,0.6132383504178323,1.05
box(1),-0.7969291627139119,0.3515047839710974,1.05
box(0),-0.3569292587883364,0.6818125262673685,1.05
box(8),-0.2564410333907905,0.35073051649918574,1.05
box(7),-0.631724391806144,0.5191408217244744,1.05
box(6),-0.20987656755968667,0.5872341911855135,1.05
box(5),-0.5490366846554318,0.6968640980434282,1.05
box(4),-0.7972675216973213,0.20109825035802625,1.05
box(3),-0.4049180809991606,0.4226036362642876,1.05
box(2),-0.5587442543752925,0.38245377020445803,1.05
box(1),-0.787866087634014,0.7938885600092862,1.05
box(0),-0.782369482919357,0.6298433070456069,1.05
box(8),-0.41429063627558,0.5913904736197282,1.05
box(7),-0.24102658124861875,0.39747883185373944,1.05
box(6),-0.7760656700168347,0.46902925117610417,1.05
box(5),-0.3376079473607002,0.7374529605201476,1.05
box(4),-0.5280601337711168,0.20384590076617073,1.05
box(3),-0.33381422490633916,0.231564143280787,1.05
box(2),-0.260236198658801,0.5724984085987519,1.05
box(1),-0.6044305545203883,0.7082431268059568,1.05
box(0),-0.6339211241751159,0.34101907974637785,1.05
box(8),-0.6386969653402346,0.548300041916814,1.05
box(7),-0.47579671398864926,0.5649288201811853,1.05
box(6),-0.7960611282302508,0.6569018561282829,1.05
box(5),-0.42692674261593244,0.4212532031617276,1.05
box(4),-0.7999580780123374,0.234374350163929,1.05
box(3),-0.2791927422851127,0.382610543736263,1.05
box(2),-0.519208210608451,0.2214384805702599,1.05
box(1),-0.22991160787700213,0.5775911988371935,1.05
box(0),-0.5209299667473943,0.7475218192688844,1.05
box(8),-0.3566917958129645,0.6895597446365217,1.05
box(7),-0.6098483877453406,0.3418998131353016,1.05
box(6),-0.7975935919434811,0.3889443462005929,1.05
box(5),-0.7666505453536778,0.6967254903776345,1.05
box(4),-0.21478727770407044,0.7641040850296654,1.05
box(3),-0.7271431814836502,0.22694543685576077,1.05
box(2),-0.39179151694150327,0.4688816282987408,1.05
box(1),-0.2771112283980913,0.23553519100651427,1.05
box(0),-0.45657644002831904,0.21034198112655042,1.05
box(8),-0.6168016840458885,0.5641277439327987,1.05
box(7),-0.41253763284380207,0.6299273530208546,1.05
box(6),-0.5474987898532491,0.7176019299514378,1.05
box(5),-0.5952445757012368,0.4144845892173478,1.05
box(4),-0.7620095188263392,0.5223049159271147,1.05
box(3),-0.20531277040880605,0.4324775121193659,1.05
box(2),-0.7757982534233188,0.7281092915355634,1.05
box(1),-0.4180946446288858,0.4717199848357588,1.05
box(0),-0.2303225219900819,0.27181174072411296,1.05
box(8),-0.24483426374199202,0.7007011973310389,1.05
box(7),-0.41965925062153686,0.20246904189124307,1.05
box(6),-0.667862395648023,0.21866632036460437,1.05
box(5),-0.4268709319081061,0.7343530297207741,1.05
box(4),-0.6473738885468172,0.37242249588090337,1.05
box(3),-0.7965350983140209,0.29690857546619365,1.05
box(2),-0.6277883697020881,0.5312985700689912,1.05
box(1),-0.7319485030179376,0.7031416711066674,1.05
box(0),-0.49132478746507446,0.44727940418663575,1.05
box(8),-0.28962988360798897,0.4009337169192813,1.05
box(7),-0.3535311169126134,0.5789889408398465,1.05
box(6),-0.5102237593281778,0.2664320707707891,1.05
box(5),-0.29440714162413495,0.22128288630004597,1.05
box(4),-0.5132705386277916,0.6996709151467483,1.05
box(3),-0.6595198319189728,0.2096602190841778,1.05
box(2),-0.7007156725348724,0.392534564886303,1.05
box(1),-0.6092848462017476,0.5497531407371996,1.05
box(0),-0.6998051777881713,0.7361201506276125,1.05
box(8),-0.533358520836781,0.4203727963477589,1.05
box(7),-0.35042557918782935,0.766312164505871,1.05
box(6),-0.3639390385675951,0.5847445536116147,1.05
box(5),-0.22933334473125122,0.40170917065772804,1.05
box(4),-0.20535961900395497,0.6251802434560984,1.05
box(3),-0.503723375278278,0.23877588487392204,1.05
box(2),-0.3376374315135906,0.2692673929599555,1.05
box(1),-0.7473477686204506,0.26938508099871433,1.05
box(0),-0.7834204182935871,0.5649157779547107,1.05
box(8),-0.6425822840834681,0.6306583711804388,1.05
box(7),-0.5756861854061857,0.48761540078743265,1.05
box(6),-0.43625892183986614,0.7468591374182598,1.05
box(5),-0.41284543553404485,0.4539948176949036,1.05
box(4),-0.23491897999833272,0.7868332806894427,1.05
box(3),-0.6568630911129101,0.782127706810247,1.05
box(2),-0.7160671561904797,0.4184242703947005,1.05
box(1),-0.2910403844418211,0.3246100309286836,1.05
box(0),-0.713951204830269,0.23295992561688983,1.05
box(8),-0.5764143810113149,0.33534103678027216,1.05
box(7),-0.734654818580833,0.6103580701475141,1.05
box(6),-0.4442239528809043,0.2308035406074901,1.05
box(5),-0.5193814799549905,0.6219950013834216,1.05
box(4),-0.43591803225214826,0.7505945613232159,1.05
box(3),-0.2098403894926576,0.6712126235099963,1.05
box(2),-0.3830137613255946,0.46878996056054467,1.05
box(1),-0.7582714026019388,0.4178464444663278,1.05
box(0),-0.6128905199144059,0.4940706517291937,1.05
box(8),-0.2016892350402317,0.25165950744732535,1.05
box(7),-0.6581208401703766,0.7752992249084647,1.05
box(6),-0.6070029923930326,0.3333186856157144,1.05
box(5),-0.42593227659312827,0.21351593142152514,1.05
box(4),-0.20104987016459142,0.5066321534708145,1.05
box(3),-0.48337668528756444,0.6692913249305176,1.05
box(2),-0.22386821665508383,0.7831905629892799,1.05
box(1),-0.34577696167952165,0.5541845091296194,1.05
box(0),-0.7563670717817179,0.6072161963767466,1.05
box(8),-0.784237199161421,0.45965031166661546,1.05
box(7),-0.7538223522708969,0.28552987659544693,1.05
box(6),-0.7419872758227963,0.7931707107481625,1.05
box(5),-0.5639694003048203,0.502642193268209,1.05
box(4),-0.3871494763688522,0.38078555276443526,1.05
box(3),-0.2890236978416409,0.253110103505854,1.05
box(2),-0.557378600187982,0.6933486801675139,1.05
box(1),-0.5032738577010749,0.2626806842709648,1.05
box(0),-0.23058396160647937,0.7780145978527202,1.05
box(8),-0.2149019602964236,0.5987458289898457,1.05
box(7),-0.21133723917718733,0.42562438606756137,1.05
box(6),-0.7675299785078715,0.22226902539918325,1.05
box(5),-0.7890081177230437,0.7680886465327952,1.05
box(4),-0.4011039683792894,0.5618103626667514,1.05
box(3),-0.6600182264733261,0.4821410540789588,1.05
box(2),-0.7195554171215861,0.625706553394701,1.05
box(1),-0.5098083136996121,0.687385706125505,1.05
box(0),-0.610033941689579,0.2429135119650081,1.05
box(8),-0.7869514657321603,0.37759121256412953,1.05
box(7),-0.39475474422502826,0.2943247679224694,1.05
box(6),-0.28115946632091937,0.47035008287388347,1.05
box(5),-0.30915247702681564,0.7280692748473212,1.05
box(4),-0.7786133346576707,0.7745715751272382,1.05
box(3),-0.46548609160252713,0.4628488573538336,1.05
box(2),-0.7742120861904052,0.22126620587463885,1.05
box(1),-0.6275772577444085,0.4350091816921926,1.05
box(0),-0.4737097486740524,0.6188287739077447,1.05
box(8),-0.5571308379239218,0.24577645999954306,1.05
box(7),-0.6309155481380708,0.5899006446904426,1.05
box(6),-0.7902210224164341,0.49546677857849675,1.05
box(5),-0.24866972298289367,0.3084257033961506,1.05
box(4),-0.5544168599963422,0.7685849087540533,1.05
box(3),-0.7926865055957968,0.710541791019804,1.05
box(2),-0.3704911325406498,0.4889909259059231,1.05
box(1),-0.2650286343521223,0.7809606194998988,1.05
box(0),-0.7113637364559489,0.33844267135188577,1.05
box(8),-0.3611353992198626,0.20741174458736888,1.05
box(7),-0.43763674519303164,0.6479573784192902,1.05
box(6),-0.6011658435205522,0.47691661282643,1.05
box(5),-0.222129078805961,0.5742297266035766,1.05
box(4),-0.7571857697842397,0.48829291725913565,1.05
box(3),-0.5937866088822277,0.6481076272226238,1.05
box(2),-0.7504057524520482,0.7602361317514699,1.05
box(1),-0.5328186406055668,0.30591230022067056,1.05
box(0),-0.3734468715863345,0.43896493770247647,1.05
box(8),-0.4223558505612104,0.7996904218597138,1.05
box(7),-0.2257706572577345,0.7358997775080971,1.05
box(6),-0.3910860688176283,0.5950245704974932,1.05
box(5),-0.7054031439868469,0.25678524215725124,1.05
box(4),-0.21687121756761896,0.31447857127042844,1.05
box(3),-0.7727621661786619,0.507125512366135,1.05
box(2),-0.5448686718062625,0.7124272302514933,1.05
box(1),-0.7958723234583687,0.7322007543154632,1.05
box(0),-0.2369399736645461,0.5457291187296895,1.05
box(8),-0.4000271059200077,0.27927312575041074,1.05
box(7),-0.48585904934921137,0.4245068132313586,1.05
box(6),-0.6465749375969405,0.39523432409669496,1.05
box(5),-0.34006357177319435,0.7318600381940765,1.05
box(4),-0.7054231740133701,0.20567294333213693,1.05
box(3),-0.6814761695971578,0.6285539018949842,1.05
box(2),-0.7958838776951567,0.33561895513983275,1.05
box(1),-0.2059870697910083,0.36463376250189133,1.05
box(0),-0.7558307468176733,0.7602961185532722,1.05
box(8),-0.26449555909171185,0.21017181402351995,1.05
box(7),-0.5687766890002326,0.736022160829676,1.05
box(6),-0.34381638456714236,0.5568322313241532,1.05
box(5),-0.5314752819353448,0.3917903550620866,1.05
box(4),-0.28271189885272063,0.7061438842300043,1.05
box(3),-0.4862655438970473,0.20803372658730102,1.05
box(2),-0.7127231575289561,0.4924195816000734,1.05
box(1),-0.7675788025378163,0.20493267267554474,1.05
box(0),-0.6278273794017335,0.2646245599510491,1.05
box(8),-0.21377480243608515,0.4512859799533948,1.05
box(7),-0.7231649412492935,0.6655439330213593,1.05
box(6),-0.5210261816684872,0.5867956943617019,1.05
box(5),-0.37663662325418257,0.36765810078204675,1.05
box(4),-0.29445184356387916,0.20790530097892168,1.05
box(3),-0.2154567001904344,0.6161117648122818,1.05
box(2),-0.5615516610819893,0.7840394516298168,1.05
box(1),-0.7768276911735352,0.4121675027079295,1.05
box(0),-0.2233979964250377,0.7881102946312994,1.05
box(8),-0.715519047732891,0.20703173452784765,1.05
box(7),-0.5311121028501622,0.22436691090805375,1.05
box(6),-0.6134011572395877,0.38861655848799653,1.05
box(5),-0.2077394939105145,0.3888331869681426,1.05
box(4),-0.5129675463046429,0.6311973159991617,1.05
box(3),-0.7964573673209083,0.6232783521818056,1.05
box(2),-0.4645294296331803,0.44500440601345453,1.05
box(1),-0.2387155230743265,0.6279948679212162,1.05
box(0),-0.3739718459702662,0.7747651167465357,1.05
box(8),-0.7674610822885333,0.7872785729750389,1.05
box(7),-0.5877033639378608,0.7615368237183375,1.05
box(6),-0.7691431193353044,0.4601548924873634,1.05
box(5),-0.7144205685632428,0.3011891376398208,1.05
box(4),-0.4047691454541834,0.2940134355194941,1.05
box(3),-0.5349039607221304,0.6190501786188405,1.05
box(2),-0.29502010661580513,0.46576536351898296,1.05
box(1),-0.5742638031550087,0.394571351895714,1.05
box(0),-0.22577724151077966,0.7352190031658778,1.05
box(8),-0.7642536061882512,0.6149508244745427,1.05
box(7),-0.3976814444951289,0.7818653514474632,1.05
box(6),-0.2059695630936248,0.23669840995797806,1.05
box(5),-0.7935067015906301,0.7849166508329541,1.05
box(4),-0.7560314575060916,0.3768751579370688,1.05
box(3),-0.617234457514243,0.7855145917191639,1.05
box(2),-0.5418579183228638,0.6539338535321324,1.05
box(1),-0.5685679005167057,0.22718712119540257,1.05
box(0),-0.3476053356733404,0.4026795818400771,1.05
box(8),-0.5124562781681418,0.37571111567360993,1.05
box(7),-0.770117044656667,0.5840572610654998,1.05
box(6),-0.2538254567784102,0.7026035639047365,1.05
box(5),-0.3942845445610659,0.2186881737433978,1.05
box(4),-0.3300913310694741,0.5689343789282126,1.05
box(3),-0.665872814936035,0.45709535208450935,1.05
box(2),-0.20569765998829084,0.4642678451347651,1.05
box(1),-0.5359454865969662,0.6564581905974949,1.05
box(0),-0.20538416166821347,0.21027994405735442,1.05
box(8),-0.6855939183658905,0.710092538103908,1.05
box(7),-0.7168643977511913,0.29684369166818864,1.05
box(6),-0.3589493123534726,0.4166199570677058,1.05
box(5),-0.38950412054916006,0.7642057833099811,1.05
box(4),-0.3806284538847209,0.25501496092021403,1.05
box(3),-0.5273022898393458,0.3718912092410212,1.05
box(2),-0.2853896670230063,0.5950244271850861,1.05
box(1),-0.7759945949481235,0.5132812113522297,1.05
box(0),-0.5568076926885671,0.21974748290245372,1.05
box(8),-0.4525314599037694,0.5954548112766707,1.05
box(7),-0.6857312181644968,0.791661056451862,1.05
box(6),-0.7155958918076106,0.3752542221954322,1.05
box(5),-0.7997192243864719,0.24221262577450786,1.05
box(4),-0.3883788178835503,0.7897519122522398,1.05
box(3),-0.2173432520468349,0.3507851528514412,1.05
box(2),-0.5412799566644448,0.4657151633378703,1.05
box(1),-0.39611393853513477,0.3233477294115469,1.05
box(0),-0.2323643346686295,0.562392571356081,1.05
box(8),-0.6217517328113497,0.6258750412060905,1.05
box(7),-0.22575926374744518,0.7919996643640865,1.05
box(6),-0.37678433721172233,0.4908870498740356,1.05
box(5),-0.7562874476403487,0.4715597775060742,1.05
box(4),-0.6826030339042557,0.20748159006892877,1.05
box(3),-0.39260216435882583,0.7888127941681917,1.05
box(2),-0.712560698137293,0.7783297259109199,1.05
box(1),-0.5285057524119527,0.22847816955376835,1.05
box(0),-0.5102277981391943,0.3995160899435899,1.05
box(8),-0.5511814744535577,0.768346408944969,1.05
box(7),-0.6258041860267629,0.5925219855624497,1.05
box(6),-0.260352729022738,0.368578321843586,1.05
box(5),-0.24016738524235487,0.6731013254046883,1.05
box(4),-0.45763155354522844,0.6366827272127303,1.05
box(3),-0.3642153879522496,0.48880090415914046,1.05
box(2),-0.7480915394813779,0.22255267284467284,1.05
box(1),-0.7527451796573408,0.7154932291581306,1.05
box(0),-0.4123595708229655,0.21861108003108778,1.05
box(8),-0.4911631239246543,0.37602957655252356,1.05
box(7),-0.619074098987352,0.7978486893186936,1.05
box(6),-0.36828895921519234,0.7996204895883785,1.05
box(5),-0.6590843595732665,0.5097684948829885,1.05
box(4),-0.2574766656925497,0.27809140712992075,1.05
box(3),-0.2187673399919876,0.7552205925919144,1.05
box(2),-0.20200462259690924,0.5171345707260657,1.05
box(1),-0.7031941678632403,0.3090758182115913,1.05
box(0),-0.34447539729906795,0.6301506333785742,1.05
box(8),-0.5012680611504324,0.6682919579590547,1.05
box(7),-0.497852530461988,0.2158293418070017,1.05
box(6),-0.6848686209023,0.7434336888297683,1.05
box(5),-0.43278105288988566,0.43286836699997644,1.05
box(4),-0.6647860449177381,0.5332121378761703,1.05
box(3),-0.31539382599330873,0.32655493005127884,1.05
box(2),-0.2868416645424038,0.7800429563368221,1.05
box(1),-0.2292924553551579,0.5106560095571478,1.05
box(0),-0.6727103897187492,0.2168185688443451,1.05
box(8),-0.750585131996276,0.36350024977707807,1.05
box(7),-0.43010281899119435,0.6559801046357103,1.05
box(6),-0.5486588700855084,0.3142057190296803,1.05
box(5),-0.7546049081271371,0.7495140480115181,1.05
box(4),-0.5628679395652083,0.7313224129047387,1.05
box(3),-0.5185134336697229,0.48704178052735475,1.05
box(2),-0.7760151361882461,0.581022834438579,1.05
box(1),-0.2363034270473069,0.7873713397653064,1.05
box(0),-0.25773211622119474,0.33424892969395126,1.05
box(8),-0.2818522467792358,0.6268334388281906,1.05
box(7),-0.74260793271715,0.4171799094277873,1.05
box(6),-0.3688433525721282,0.2027890319115812,1.05
box(5),-0.5943919525438077,0.20234696847774034,1.05
box(4),-0.7471230114952088,0.7714927717489144,1.05
box(3),-0.3996350641641828,0.7337046336445483,1.05
box(2),-0.5072408174486236,0.6055056926836515,1.05
box(1),-0.667223275445695,0.5862441825247146,1.05
box(0),-0.5296781048540298,0.36318045261990817,1.05
box(8),-0.3558249554255126,0.4226689470730931,1.05
box(7),-0.20535842721100084,0.6939101862424064,1.05
box(6),-0.2132456345891213,0.29074432091046937,1.05
box(5),-0.4212213309826285,0.20048278228270952,1.05
box(4),-0.7827866849638372,0.30209156498603645,1.05
box(3),-0.7003828168793034,0.7692980184850882,1.05
box(2),-0.40820907966902775,0.7283892353042831,1.05
box(1),-0.5124387568403108,0.5733496750970497,1.05
box(0),-0.7625808442137647,0.5062377730400293,1.05
box(8),-0.633453990737483,0.3369285640790757,1.05
box(7),-0.25880369219998833,0.5029852315202172,1.05
box(6),-0.3496059775401761,0.3576723340512541,1.05
box(5),-0.20043089586222776,0.7150038382089541,1.05
box(4),-0.5441006332062177,0.7952111427679105,1.05
box(3),-0.7911696821171363,0.25769462063125986,1.05
box(2),-0.4843110430112198,0.26848618568339244,1.05
box(1),-0.7680013429028885,0.6817054221332244,1.05
box(0),-0.21287500157480357,0.29322687566961353,1.05
box(8),-0.5788451512650443,0.4930372563549579,1.05
box(7),-0.5104456988285206,0.6266108597313678,1.05
box(6),-0.2465120658234109,0.4754740321554707,1.05
box(5),-0.31929228663001863,0.6184822422446106,1.05
box(4),-0.4184862275406691,0.4143173618475006,1.05
box(3),-0.681750757036298,0.37030246301848646,1.05
box(2),-0.34051929734316655,0.7913186998285624,1.05
box(1),-0.34262702535170986,0.2065871783832032,1.05
box(0),-0.7900351617222641,0.5510632903491512,1.05
box(8),-0.7725700519888474,0.23367412584173708,1.05
box(7),-0.6687296491089867,0.6563001456630457,1.05
box(6),-0.49334989829143117,0.6672938065225743,1.05
box(5),-0.26299597621247345,0.35582619898735696,1.05
box(4),-0.21580623417010403,0.59684407134153,1.05
box(3),-0.5294152622527867,0.35259242442628475,1.05
box(2),-0.6788212651263925,0.4212122668084431,1.05
box(1),-0.39487414475109706,0.5221625383442449,1.05
box(0),-0.3175793323932626,0.21459762000632773,1.05
box(8),-0.30409185526937055,0.743846337651108,1.05
box(7),-0.7928396685202825,0.2996224055708717,1.05
box(6),-0.7807110977766876,0.5856598323662108,1.05
box(5),-0.5097659425075953,0.6427485050462158,1.05
box(4),-0.2886169967866839,0.40047587514384136,1.05
box(3),-0.676942753668053,0.7094463933709325,1.05
box(2),-0.5612197904389508,0.24117415308983203,1.05
box(1),-0.655272816178688,0.4681605281655382,1.05
box(0),-0.2566405253242024,0.5687865550999306,1.05
box(8),-0.4035435352320823,0.2356527673067101,1.05
box(7),-0.37283684112697646,0.7162134211022722,1.05
box(6),-0.4749071514297449,0.4265578076941955,1.05
box(5),-0.7236995308279295,0.21089632905905273,1.05
box(4),-0.5203990385869128,0.6281163623835082,1.05
box(3),-0.25797144346734446,0.34537355387016055,1.05
box(2),-0.7989097519843338,0.7954201354033303,1.05
box(1),-0.5941782473981698,0.28885532524446383,1.05
box(0),-0.6573294063708689,0.5168423616456509,1.05
box(8),-0.6424010754569482,0.747041444062817,1.05
box(7),-0.7339559622640051,0.36579515313325217,1.05
box(6),-0.25492816178603506,0.7146853462330667,1.05
box(5),-0.4836328255070763,0.4049399602594249,1.05
box(4),-0.31514920317790407,0.5177813432895422,1.05
box(3),-0.4622334542031942,0.20254875357631866,1.05
box(2),-0.4958444565607349,0.6282799754113926,1.05
box(1),-0.2233083517851353,0.31310309340875253,1.05
box(0),-0.6331936001631602,0.24148326544980434,1.05
box(8),-0.647530087405645,0.5372444530678799,1.05
box(7),-0.7309581129617366,0.7041781706703032,1.05
box(6),-0.7215579193237804,0.3727433602302066,1.05
box(5),-0.25390806624820167,0.7654202201991351,1.05
box(4),-0.49475146898191263,0.371312443526138,1.05
box(3),-0.20440696290036986,0.5689683287101559,1.05
box(2),-0.4828220277117323,0.7832705545276004,1.05
box(1),-0.35782434475445285,0.55941125125237,1.05
box(0),-0.2110011431584497,0.3781368923907592,1.05
box(8),-0.7288012740277241,0.20413466277984865,1.05
box(7),-0.5119925933411827,0.5660201217061218,1.05
box(6),-0.666610533460019,0.611092695325334,1.05
box(5),-0.3490091227752427,0.23794312364919154,1.05
box(4),-0.7510136278805999,0.39412261299205553,1.05
box(3),-0.3294339170300688,0.7301117254099359,1.05
box(2),-0.47184869336309326,0.33457045668240226,1.05
box(1),-0.7866454162737229,0.7349133775338252,1.05
box(0),-0.2394626523511908,0.5381892653040763,1.05
box(8),-0.5575300772442777,0.7585067777104384,1.05
box(7),-0.23091872198564486,0.3464145338382594,1.05
box(6),-0.6953582877000172,0.204949241538266,1.05
box(5),-0.6104433044627771,0.5012233195312008,1.05
box(4),-0.3731654051017056,0.2054664194931911,1.05
box(3),-0.37836401770922595,0.4787413450605942,1.05
box(2),-0.777840060083919,0.42736422509713806,1.05
box(1),-0.2614753573247858,0.7278246902687773,1.05
box(0),-0.44353721325544254,0.6400483269546708,1.05
box(8),-0.23820741068724066,0.5415180646523585,1.05
box(7),-0.5644291262754272,0.3503242049656522,1.05
box(6),-0.6467063029745037,0.7065814076565982,1.05
box(5),-0.7365489461740125,0.20692160694287348,1.05
box(4),-0.7795278125235079,0.7918422643780489,1.05
box(3),-0.3113492991746783,0.23177107856280071,1.05
box(2),-0.6289698922398015,0.5346208163749964,1.05
box(1),-0.38516655229527325,0.37667653486024283,1.05
box(0),-0.2942330133777066,0.7201643270746538,1.05
box(8),-0.4328926359000726,0.6300521925500625,1.05
box(7),-0.7755257535243427,0.41722514047203213,1.05
box(6),-0.25893822844292413,0.4585944628876643,1.05
box(5),-0.5681383093578549,0.7051879589357692,1.05
box(4),-0.7857421604618482,0.5934255605223393,1.05
box(3),-0.6504346743350828,0.25472116179826926,1.05
box(2),-0.7094067594758691,0.7886550817308955,1.05
box(1),-0.5573899146755703,0.5204899442149308,1.05
box(0),-0.342773638670554,0.3009578602059149,1.05
box(8),-0.22137771958401015,0.656826470989476,1.05
box(7),-0.3778024442290999,0.650822063620994,1.05
box(6),-0.7628990600147907,0.3542315430109516,1.05
box(5),-0.24848712745408347,0.4768401783996786,1.05
box(4),-0.5182156091097675,0.7176921321556193,1.05
box(3),-0.7443410190458666,0.6142154636413732,1.05
box(2),-0.4804357332118897,0.36940152222697276,1.05
box(1),-0.28773967040406456,0.797569055447825,1.05
box(0),-0.49581740920991174,0.5263388605459713,1.05
box(8),-0.3032934039489713,0.2626219211861759,1.05
box(7),-0.6535691328251383,0.24161320819401483,1.05
box(6),-0.2239114604342771,0.6387966223841084,1.05
box(5),-0.7829890997699251,0.35390102794485634,1.05
box(4),-0.6634354114024659,0.45233512163962636,1.05
box(3),-0.3405438830031344,0.4272219614732068,1.05
box(2),-0.4645623454399594,0.728631836821308,1.05
box(1),-0.7448729058630856,0.5809172477575846,1.05
box(0),-0.5046269927653511,0.3571997754576466,1.05
box(8),-0.22839848890523443,0.7894562784806678,1.05
box(7),-0.372713696362023,0.274894189358681,1.05
box(6),-0.6367934895887195,0.2858358647854835,1.05
box(5),-0.5121107885379195,0.5442173687917642,1.05
box(4),-0.27619906203167294,0.5971758910431777,1.05
box(3),-0.7891716388968824,0.4211701117427362,1.05
box(2),-0.7455294195289892,0.7742936031553245,1.05
box(1),-0.47460707795200996,0.7219274743961503,1.05
box(0),-0.2318106010466474,0.3424404279798735,1.05
box(8),-0.7205526895520595,0.5583887731670577,1.05
box(7),-0.3745559816226218,0.4273907950657314,1.05
box(6),-0.47776136661764074,0.21382717191454073,1.05
box(5),-0.7173029332889378,0.2061532325468446,1.05
box(4),-0.5326628191516751,0.39529694240673496,1.05
box(3),-0.4560474145180447,0.5565839156891603,1.05
box(2),-0.7459509564002229,0.37412495810084245,1.05
box(1),-0.6894120698304355,0.7260943755145555,1.05
box(0),-0.2484074238030727,0.653676281664664,1.05
box(8),-0.2835478808505637,0.3060304923259993,1.05
box(7),-0.4030089946789239,0.7028148037025144,1.05
box(6),-0.3022692812980793,0.46401857554376247,1.05
box(5),-0.6361143386416274,0.5772123733786889,1.05
box(4),-0.5970725775467276,0.2279186376229173,1.05
box(3),-0.5384112392237752,0.3666208213852943,1.05
box(2),-0.4570992433348802,0.5314568566026922,1.05
box(1),-0.7869499622886782,0.36611673659170685,1.05
box(0),-0.6520056640890342,0.7987872566266958,1.05
box(8),-0.21121668324278084,0.6422071424214835,1.05
box(7),-0.41135345260968836,0.2528989261037179,1.05
box(6),-0.33419669838099775,0.787150829460324,1.05
box(5),-0.31071792249721464,0.4167153213088232,1.05
box(4),-0.7671752037801243,0.6506866296372225,1.05
box(3),-0.6593250760148803,0.2436307640028577,1.05
box(2),-0.5580758202989057,0.6807154061662974,1.05
box(1),-0.22001748864981546,0.22030063168656003,1.05
box(0),-0.7005444543348434,0.44725535741030625,1.05
box(8),-0.521590574285971,0.4167914502966646,1.05
box(7),-0.28208700381365726,0.6140891786630116,1.05
box(6),-0.4262024069062083,0.5370725923552192,1.05
box(5),-0.4429671985930237,0.23002871766920208,1.05
box(4),-0.2051794404717391,0.45244149146743945,1.05
box(3),-0.7256869781097814,0.703042067459446,1.05
box(2),-0.7777261746547406,0.2439984353132632,1.05
box(1),-0.42851178955202807,0.7638489019830852,1.05
box(0),-0.24704807056033726,0.2346268290803602,1.05
box(8),-0.7218236494611225,0.3862829078147206,1.05
box(7),-0.5887340514819386,0.5808261424969239,1.05
box(6),-0.37468267113517556,0.37970667108400513,1.05
box(5),-0.26529147454805735,0.7206029132127452,1.05
box(4),-0.5793730507429151,0.2810301912135728,1.05
box(3),-0.24245870770195016,0.5010233173177321,1.05
box(2),-0.6760998161547891,0.7580955391797171,1.05
box(1),-0.7539138619550825,0.5945300955727314,1.05
box(0),-0.5138747052155522,0.7605931939853676,1.05
box(8),-0.2023335084689773,0.24732255388668967,1.05
box(7),-0.374713808058014,0.585564729569054,1.05
box(6),-0.799171398515373,0.42060784098577364,1.05
box(5),-0.3600478591208333,0.31264129446391986,1.05
box(4),-0.3241010692954537,0.7925514334551955,1.05
box(3),-0.6279995652897212,0.40885101917731076,1.05
box(2),-0.5875775514614617,0.5976093995366272,1.05
box(1),-0.7621995549175364,0.7995018469212134,1.05
box(0),-0.788551054649981,0.23102874820713742,1.05
box(8),-0.5544258543166403,0.2437119001591114,1.05
box(7),-0.25825843177213864,0.45762131218218005,1.05
box(6),-0.26796923057064564,0.6216126790393479,1.05
box(5),-0.7765875894338272,0.48888270056900096,1.05
box(4),-0.5351021675327681,0.7516063803908968,1.05
box(3),-0.26093791533516403,0.28856327344553445,1.05
box(2),-0.3898411918295413,0.7130388632708848,1.05
box(1),-0.6238141141278918,0.4464005637703797,1.05
box(0),-0.7176168130205227,0.7203127696487757,1.05
box(8),-0.4292288261165912,0.4696726720123685,1.05
box(7),-0.46524712261573076,0.32091556197289917,1.05
box(6),-0.24083057952914638,0.7693888417014241,1.05
box(5),-0.6267434594268888,0.24237541393334067,1.05
box(4),-0.22422896671945722,0.5007742599028873,1.05
box(3),-0.5326002134184546,0.6212314306432736,1.05
box(2),-0.2000895524588565,0.26887862780200494,1.05
box(1),-0.37747198406689425,0.6435875907937715,1.05
box(0),-0.6824969926889093,0.5331699384895134,1.05
box(8),-0.7893794047116109,0.33157242955373273,1.05
box(7),-0.7646739456249285,0.7278171233044783,1.05
box(6),-0.4596110511033382,0.24497301410469216,1.05
box(5),-0.540962104140197,0.4395184059418244,1.05
box(4),-0.436747774068777,0.7896783882041989,1.05
box(3),-0.3394896261388707,0.38715079232766414,1.05
box(2),-0.5996416654140293,0.7607686249549386,1.05
box(1),-0.27796757763762275,0.5292851762681321,1.05
box(0),-0.6363257223215699,0.24197318098539874,1.05
box(8),-0.44121687844749163,0.5822468583377713,1.05
box(7),-0.7919660186317765,0.3106323610960599,1.05
box(6),-0.23227205893578998,0.23565418091503298,1.05
box(5),-0.6731471826527371,0.5168504612222146,1.05
box(4),-0.5146740307382641,0.3394302789923869,1.05
box(3),-0.30142823514271877,0.7270390350214706,1.05
box(2),-0.43746976701681095,0.792757423258253,1.05
box(1),-0.7134713934173782,0.7083464360519018,1.05
box(0),-0.35594167885732664,0.4533031523982957,1.05
box(8),-0.6323617319987241,0.21438905169706132,1.05
box(7),-0.43547259815269457,0.642343485858007,1.05
box(6),-0.7803780132507252,0.26914032532012366,1.05
box(5),-0.28467087260230245,0.27448178637061066,1.05
box(4),-0.7700176774600591,0.4877157298212859,1.05
box(3),-0.609241948068163,0.38022273788579025,1.05
box(2),-0.4561891216374281,0.3236703134888776,1.05
box(1),-0.2506142236837628,0.6689933838919278,1.05
box(0),-0.3664192431843432,0.7776716931653997,1.05
box(8),-0.6933690813165292,0.6245988578902049,1.05
box(7),-0.46334052298634626,0.4774023625466329,1.05
box(6),-0.24493730138134792,0.48056049723049027,1.05
box(5),-0.7592848510496675,0.3298578965114558,1.05
box(4),-0.23364793123690014,0.23333596035116855,1.05
box(3),-0.6014204833328348,0.7457321520445355,1.05
box(2),-0.6533147696005028,0.4400566375628916,1.05
box(1),-0.41659006824383404,0.31596742580252085,1.05
box(0),-0.5904790594249565,0.262274623144486,1.05
box(8),-0.7989979433384382,0.7428565160067975,1.05
box(7),-0.561489350170575,0.5991461370098197,1.05
box(6),-0.3510800673289307,0.7071171874128526,1.05
box(5),-0.3044694858856755,0.44172985072607557,1.05
box(4),-0.2444301095790499,0.5972626611389009,1.05
box(3),-0.21247566178282307,0.7793320858593977,1.05
box(2),-0.6154481329808072,0.7428293442135747,1.05
box(1),-0.722993811186218,0.5107047289270668,1.05
box(0),-0.20101959420216417,0.212615547634322,1.05
box(8),-0.590203356438399,0.35083190802744857,1.05
box(7),-0.475445051864932,0.2198107326556883,1.05
box(6),-0.7717040166168376,0.2733682015944689,1.05
box(5),-0.5090468201751656,0.5765430483710392,1.05
box(4),-0.4164735324974603,0.42388838018686376,1.05
box(3),-0.2526364081171686,0.5584583045585242,1.05
box(2),-0.3376435794255874,0.7432577460177769,1.05
box(1),-0.6023668560642778,0.7031847050662805,1.05
box(0),-0.2517730466297818,0.36331485322644064,1.05
box(8),-0.6899574578358523,0.5705196709574964,1.05
box(7),-0.6277489042616917,0.40832395581230363,1.05
box(6),-0.3865387338283281,0.25730958936396897,1.05
box(5),-0.7817603963237865,0.3350922888739005,1.05
box(4),-0.5397465904389795,0.20496673865128512,1.05
box(3),-0.4403614788651279,0.53276786740482,1.05
box(2),-0.776399596629729,0.701245945176169,1.05
box(1),-0.20235393323297368,0.6464018416476587,1.05
box(0),-0.4471401665228998,0.7881594396384828,1.05
box(8),-0.26284551447581167,0.3546579103842493,1.05
box(7),-0.2916214635320838,0.7799238761137659,1.05
box(6),-0.6706731893198368,0.5517417495120034,1.05
box(5),-0.6015179470867902,0.7055307752124405,1.05
box(4),-0.6445097676869156,0.33020904028171294,1.05
box(3),-0.5155757254869746,0.22096129058523106,1.05
box(2),-0.4684794029720378,0.42816680140662544,1.05
box(1),-0.7835654521489976,0.41082283612970993,1.05
box(0),-0.7619388308137796,0.7787813992368655,1.05
box(8),-0.31827491260075025,0.5030455795245032,1.05
box(7),-0.35893911526182887,0.21994339333875754,1.05
box(6),-0.22089091307889347,0.2988302316161892,1.05
box(5),-0.7740008266892655,0.20660361230338103,1.05
box(4),-0.5725767112679621,0.7270602350869926,1.05
box(3),-0.35969369643149945,0.6591590503802849,1.05
box(2),-0.2386330773486381,0.7904864814292112,1.05
box(1),-0.5141847111877492,0.47102419464805856,1.05
box(0),-0.7034825709318391,0.4874934592040995,1.05
box(8),-0.7785748646607811,0.764981623635407,1.05
box(7),-0.3330700528321503,0.4018468816356804,1.05
box(6),-0.5404528176786041,0.26916858562749524,1.05
box(5),-0.21120319010058833,0.579544569469427,1.05
box(4),-0.7967778666604015,0.3632522534658655,1.05
box(3),-0.20086516247424147,0.2645042143168872,1.05
box(2),-0.38502757884754346,0.22539222410869697,1.05
box(1),-0.4588978966234698,0.6845397849884933,1.05
box(0),-0.6509579713360651,0.6790590087409131,1.05
box(8),-0.2845325339850686,0.7857834245844628,1.05
box(7),-0.5215159725968892,0.5286715609256836,1.05
box(6),-0.3896881894230102,0.3947481743789839,1.05
box(5),-0.5944270921423616,0.29033459250721333,1.05
box(4),-0.7218202732299535,0.2058454691045817,1.05
box(3),-0.7760902220234229,0.5125827210037152,1.05
box(2),-0.281019547154077,0.542132018854391,1.05
box(1),-0.35881600981791095,0.22568957335496728,1.05
box(0),-0.5003262337253724,0.6973805846437915,1.05
box(8),-0.6516777309753841,0.7834287163971949,1.05
box(7),-0.21065305294618802,0.37634271990972,1.05
box(6),-0.21047866351133426,0.6849444329529804,1.05
box(5),-0.39315949471586875,0.40171200476817037,1.05
box(4),-0.5391030278143318,0.28309642125127465,1.05
box(3),-0.5716825493359052,0.5152073841205933,1.05
box(2),-0.7359055420520497,0.5381922734704407,1.05
box(1),-0.365303569140479,0.5935878583131291,1.05
box(0),-0.7989082854894043,0.7300398740239431,1.05
box(8),-0.35955681730318556,0.2310359172596187,1.05
box(7),-0.6449184108955167,0.7593925464259059,1.05
box(6),-0.4913433430808552,0.6975624399918587,1.05
box(5),-0.7359940856720515,0.2552245708531587,1.05
box(4),-0.21645138820246437,0.7478098878608921,1.05
box(3),-0.2651840923436911,0.4217723810090186,1.05
box(2),-0.5501838526088217,0.407358220365957,1.05
box(1),-0.5673134294991741,0.23393655307390132,1.05
box(0),-0.6892032724585269,0.5509734520455909,1.05
box(8),-0.3737344273744755,0.5616403268056931,1.05
box(7),-0.33483534646909296,0.22891696662074856,1.05
box(6),-0.6758878009323206,0.729686094677491,1.05
box(5),-0.4868106017623631,0.7854777441557366,1.05
box(4),-0.7586565289191056,0.3210499038855548,1.05
box(3),-0.2201025279823474,0.7796444497645676,1.05
box(2),-0.21989800390724454,0.49712906979288124,1.05
box(1),-0.5603486041902535,0.40807741014127186,1.05
box(0),-0.6068004218498914,0.20997284084520765,1.05
box(8),-0.6777590174943036,0.5576915825488279,1.05
box(7),-0.3375612548874233,0.3932708117259819,1.05
box(6),-0.4788022449243834,0.5828550470191873,1.05
box(5),-0.7919142823427763,0.7192922473369401,1.05
box(4),-0.22300141323986913,0.29364671813553483,1.05
box(3),-0.7687545762120933,0.2588118868230343,1.05
box(2),-0.6365788262159792,0.7651995996744747,1.05
box(1),-0.2661403112318372,0.5606627759549929,1.05
box(0),-0.3202970230952879,0.7131532703722467,1.05
box(8),-0.6400221775819226,0.3407235529187356,1.05
box(7),-0.7253433573091961,0.539460849370545,1.05
box(6),-0.4503061617961208,0.20859894078821606,1.05
box(5),-0.5621412103111627,0.594214481797243,1.05
box(4),-0.4329282866817944,0.410235468954226,1.05
box(3),-0.2589389421798659,0.31773863477385,1.05
box(2),-0.7811197062854345,0.2221526966748999,1.05
box(1),-0.6209100929358876,0.7793746827730224,1.05
box(0),-0.2325798170974498,0.48961767762859837,1.05
box(8),-0.3129139865406705,0.6853896880334012,1.05
box(7),-0.7455150427161377,0.6922214333431547,1.05
box(6),-0.7863515568101529,0.46449485248321126,1.05
box(5),-0.46141468356268156,0.7464209254151142,1.05
box(4),-0.6127857131351611,0.44903537336595567,1.05
box(3),-0.470447522641772,0.33652087693156535,1.05
box(2),-0.4287271335156204,0.5746741405334685,1.05
box(1),-0.7361864694901548,0.32131160735347264,1.05
box(0),-0.5701672923522796,0.21853483404680954,1.05
box(8),-0.30013054654640703,0.37825754211966234,1.05
box(7),-0.26050473669114593,0.6794222179051768,1.05
box(6),-0.6627991234834529,0.739735651181868,1.05
box(5),-0.2591510146566158,0.2217847174674269,1.05
box(4),-0.7581835531057737,0.5956776351382027,1.05
box(3),-0.4686358107644729,0.7837765198554167,1.05
box(2),-0.5450964164306213,0.38948763311764745,1.05
box(1),-0.5930655712996631,0.5543671801225191,1.05
box(0),-0.28161183594394057,0.5297323134014794,1.05
box(8),-0.4685259799175155,0.22462513182764546,1.05
box(7),-0.4125447177172116,0.6370055776930998,1.05
box(6),-0.3848559685620305,0.39696203952913733,1.05
box(5),-0.2131396128831765,0.7263750281089825,1.05
box(4),-0.6449891895388771,0.7461825869255401,1.05
box(3),-0.6879501672133763,0.2792767413783202,1.05
box(2),-0.20968760985091936,0.2664277064129726,1.05
box(1),-0.7994631209422405,0.6219352247944185,1.05
box(0),-0.5633762125455664,0.3978168895698069,1.05
box(8),-0.3659589016601146,0.7909293215668147,1.05
box(7),-0.6281094345942573,0.5846054361035773,1.05
box(6),-0.3998894508239928,0.5750327743483576,1.05
box(5),-0.27694277568554604,0.4435344121862576,1.05
box(4),-0.394085781182201,0.225125993647189,1.05
box(3),-0.5939011460793617,0.7618012774509588,1.05
box(2),-0.5662013076587374,0.222221326250056,1.05
box(1),-0.781160306249342,0.20048754499135937,1.05
box(0),-0.7581561128361092,0.47958778800942053,1.05
box(8),-0.23233680711557686,0.6171656564262151,1.05
box(7),-0.7712052791373751,0.647238244156372,1.05
box(6),-0.3668974433009018,0.7328306605353747,1.05
box(5),-0.5442397498965466,0.45748241049006166,1.05
box(4),-0.27676272903860627,0.4702653179847403,1.05
box(3),-0.40450245480128344,0.208066205419571,1.05
box(2),-0.5975709147857317,0.7000807757291201,1.05
box(1),-0.23699316361883624,0.2362755866080234,1.05
box(0),-0.6429153101582078,0.27737465517004145,1.05
box(8),-0.754558128156068,0.7967071760788074,1.05
box(7),-0.20124953063213297,0.7682411236153988,1.05
box(6),-0.775237695007454,0.5385202429885274,1.05
box(5),-0.4219704473744056,0.640425963511617,1.05
box(4),-0.4686463455160155,0.4544204011463343,1.05
box(3),-0.20702093754658069,0.5118464084010012,1.05
box(2),-0.7951045097484379,0.2356666752852749,1.05
box(1),-0.3884523349428767,0.2680528969352812,1.05
box(0),-0.6474921345827034,0.6489934278954459,1.05
box(8),-0.60505181147755,0.2078145627256011,1.05
box(7),-0.3849055248336458,0.7919344381497673,1.05
box(6),-0.24709947189217363,0.20632009836545642,1.05
box(5),-0.6665991761308527,0.36567850981797434,1.05
box(4),-0.7948223820700062,0.5990013733168815,1.05
box(3),-0.44367522388670305,0.5517941619613738,1.05
box(2),-0.313395095346335,0.6469753161244858,1.05
box(1),-0.27397769849396897,0.41749913463221977,1.05
box(0),-0.7556037626599981,0.21465154011473742,1.05
box(8),-0.6139162804410669,0.524152338550984,1.05
box(7),-0.6936385231525435,0.7789241624434313,1.05
box(6),-0.4788649960069123,0.7467636679280656,1.05
box(5),-0.2193541575635986,0.7754366434135771,1.05
box(4),-0.280992681257979,0.25791576199351574,1.05
box(3),-0.7999936083057235,0.43071469093450665,1.05
box(2),-0.7858986840876487,0.6252521545076248,1.05
box(1),-0.46643757927891755,0.4586898218529626,1.05
box(0),-0.5492282960483422,0.3163107165032593,1.05
box(8),-0.2766128937314761,0.5135672479766402,1.05
box(7),-0.622090932154143,0.4955067594529648,1.05
box(6),-0.34862270548988694,0.6518199297843708,1.05
box(5),-0.6026963636026003,0.6757165416983424,1.05
box(4),-0.7567628510266937,0.23127004434442483,1.05
box(3),-0.30126215717098126,0.3145328491602603,1.05
box(2),-0.4216338097388081,0.7865537028765366,1.05
box(1),-0.7514309769929464,0.7744798875770105,1.05
box(0),-0.7149125950297521,0.3774146304226937,1.05
box(8),-0.5118552790397457,0.22682331714118525,1.05
box(7),-0.2165710268275216,0.5448990343621221,1.05
box(6),-0.5701194468791617,0.44051877854339905,1.05
box(5),-0.3539766829748979,0.6170599808475392,1.05
box(4),-0.5921776170853426,0.6672421964137294,1.05
box(3),-0.6981627023517272,0.20820868100640003,1.05
box(2),-0.3744761919953372,0.3007785534116444,1.05
box(1),-0.7747488849172106,0.6172853274639158,1.05
box(0),-0.22019794277663993,0.3429870636114033,1.05
box(8),-0.7614435652877287,0.36089954291019066,1.05
box(7),-0.33228745236486756,0.7719468194611354,1.05
box(6),-0.7974796847252978,0.7899576988004631,1.05
box(5),-0.5325425790675751,0.2674951466382896,1.05
box(4),-0.48444926275986255,0.5592936794095155,1.05
box(3),-0.5004427670742829,0.7373611794938248,1.05
box(2),-0.6794260438905406,0.2206907344143095,1.05
box(1),-0.27434144805312466,0.58411302284883,1.05
box(0),-0.6953127382193447,0.534284278175793,1.05
box(8),-0.3134965182337682,0.40601627659094874,1.05
box(7),-0.3847475416615146,0.20089345909038483,1.05
box(6),-0.22626574872472738,0.24491009070961042,1.05
box(5),-0.34595600827842293,0.7335272889093971,1.05
box(4),-0.5659195127950429,0.4221806314803932,1.05
box(3),-0.6712792287906851,0.70609360096372,1.05
box(2),-0.4276243166775161,0.554098577434875,1.05
box(1),-0.5318328792779119,0.7952003720522167,1.05
box(0),-0.5599608996551392,0.2179715376710871,1.05
box(8),-0.7629136208320388,0.41391157956992813,1.05
box(7),-0.2218301601709062,0.42006124129956557,1.05
box(6),-0.4056492714261483,0.3790594761905449,1.05
box(5),-0.23184721366592884,0.2601641205164087,1.05
box(4),-0.3398408828398285,0.7479816400004673,1.05
box(3),-0.23155956525531707,0.5865681260046594,1.05
box(2),-0.6910733619562424,0.6533055547894052,1.05
box(1),-0.570886754407564,0.5296583355513509,1.05
box(0),-0.5437096586210111,0.6980791229634533,1.05
box(8),-0.5958760684429785,0.2569955235905158,1.05
box(7),-0.7289643331369446,0.407943610466138,1.05
box(6),-0.7921714796575339,0.21820804593380616,1.05
box(5),-0.34616965298357283,0.4718097361433836,1.05
box(4),-0.43866242309076386,0.2887163021789489,1.05
box(3),-0.23401073251615587,0.226038138924066,1.05
box(2),-0.39250728210101515,0.7920877523787029,1.05
box(1),-0.2525794212288358,0.7137277059938223,1.05
box(0),-0.5335741772444909,0.5113547843039155,1.05
box(8),-0.7153534893457247,0.6331929134299625,1.05
box(7),-0.547343509773702,0.7123530482566336,1.05
box(6),-0.6633157567298429,0.3652963029585522,1.05
box(5),-0.780400332603264,0.7902146037165028,1.05
box(4),-0.7922214770285634,0.27774579137927535,1.05
box(3),-0.3734431030282227,0.3893684597169007,1.05
box(2),-0.2035310985621193,0.3058588179786177,1.05
box(1),-0.21712031316365854,0.5423902405637238,1.05
box(0),-0.3518938764132851,0.20479508747145192,1.05
box(8),-0.3913378407109518,0.7966446086776262,1.05
box(7),-0.6042477952496179,0.22229294784149253,1.05
box(6),-0.7864287923506426,0.4720222202378051,1.05
box(5),-0.5779638150296036,0.44488418024873266,1.05
box(4),-0.6023457042789621,0.7244050230710992,1.05
box(3),-0.39718624211695563,0.5426452572017423,1.05
box(2),-0.7910762906469619,0.7783526577224822,1.05
box(1),-0.22538803468672108,0.7564942529795944,1.05
box(0),-0.3408446711041344,0.3983377568846485,1.05
box(8),-0.7714694851822721,0.2860237733919326,1.05
box(7),-0.40240469444242605,0.7966575945571701,1.05
box(6),-0.5984515509443646,0.26639030227634786,1.05
box(5),-0.7342890756965215,0.5587570422000538,1.05
box(4),-0.28367568607115606,0.2022413233639486,1.05
box(3),-0.2076212674415395,0.5149346000049216,1.05
box(2),-0.46391821580928355,0.6505347924202918,1.05
box(1),-0.7813041198995583,0.702968421208702,1.05
box(0),-0.564692940803886,0.5131683138572838,1.05
box(8),-0.21328041444942292,0.7191863416360746,1.05
box(7),-0.3479503706474465,0.4037910845612545,1.05
box(6),-0.7599118949509971,0.2138753302251049,1.05
box(5),-0.5535065730865539,0.7951763325893562,1.05
box(4),-0.5720165823303969,0.28022700410524065,1.05
box(3),-0.7214267277031716,0.44127896292541746,1.05
box(2),-0.3088734456788327,0.24136417870037472,1.05
box(1),-0.4079787842409489,0.7486838158965294,1.05
box(0),-0.7071886623922348,0.7702415738040331,1.05
box(8),-0.36110844499326383,0.560292336590747,1.05
box(7),-0.7507204923396475,0.5933013000178917,1.05
box(6),-0.5030589547529821,0.620137834481645,1.05
box(5),-0.7228458968418272,0.20099860368303837,1.05
box(4),-0.21314988446857566,0.5202264376144883,1.05
box(3),-0.5189672424671231,0.2055817679975908,1.05
box(2),-0.6220189128983677,0.4887514502771498,1.05
box(1),-0.22245092476915845,0.7374377923819131,1.05
box(0),-0.7621260306990931,0.3716299766985271,1.05
box(8),-0.4639790053908895,0.7901556603155369,1.05
box(7),-0.3657630147619033,0.24003388519721236,1.05
box(6),-0.48245068330024676,0.4222025708435512,1.05
box(5),-0.514001018698648,0.6249312337361081,1.05
box(4),-0.7214586972633961,0.6639765606828804,1.05
box(3),-0.2728981647186467,0.3794548794925728,1.05
box(2),-0.5356027010316609,0.2670437832024847,1.05
box(1),-0.6141708153984751,0.789791323325159,1.05
box(0),-0.7364444157301697,0.21339818424277915,1.05
box(8),-0.2183133921023614,0.656274747191518,1.05
box(7),-0.3914968868293865,0.7120544876435597,1.05
box(6),-0.3509449933280361,0.5119735469742249,1.05
box(5),-0.7462339978779198,0.44789769587754025,1.05
box(4),-0.5454997915769797,0.46066967544698806,1.05
box(3),-0.7662408032571815,0.6187253993328669,1.05
box(2),-0.38329923439663033,0.2516337075073693,1.05
box(1),-0.21765443465269793,0.21160518524967156,1.05
box(0),-0.7406534122593023,0.7866813323848318,1.05
box(8),-0.6915082673525847,0.3052595796365738,1.05
box(7),-0.586259656733818,0.7209035683626033,1.05
box(6),-0.359008376974697,0.7135003033909149,1.05
box(5),-0.35210387767932305,0.5378783974127426,1.05
box(4),-0.6978048815449992,0.4666879977177429,1.05
box(3),-0.4882942407576129,0.4321491147644487,1.05
box(2),-0.5324941285207114,0.222887989775794,1.05
box(1),-0.7508025817276909,0.6363603146211445,1.05
box(0),-0.302330096492263,0.26538625329267396,1.05
box(8),-0.23750058054720666,0.4409816880103056,1.05
box(7),-0.6981607402972743,0.25565451741755857,1.05
box(6),-0.549429511351126,0.5778875275662609,1.05
box(5),-0.20442665164495116,0.715322080527411,1.05
box(4),-0.37087568720492725,0.574716588653074,1.05
box(3),-0.7554862795229402,0.4213134557228134,1.05
box(2),-0.44413065782159195,0.7221725832254706,1.05
box(1),-0.5334685389077842,0.3064094169987543,1.05
box(0),-0.6063952035115342,0.7623038582269643,1.05
box(8),-0.3838189286276482,0.25059298599484175,1.05
box(7),-0.7156217195929984,0.6278196400365221,1.05
box(6),-0.2342236599248706,0.31054728131121045,1.05
box(5),-0.5248897882638148,0.5506695533978835,1.05
box(4),-0.7905834422183304,0.27389033583317346,1.05
box(3),-0.31812881591594455,0.5266767783844969,1.05
box(2),-0.783331382212145,0.7853209629247806,1.05
box(1),-0.2427849945721515,0.7781445691997635,1.05
box(0),-0.6418860847097148,0.3792262030383746,1.05
box(8),-0.45831972693458184,0.7324462043573732,1.05
box(7),-0.4392860735625916,0.2679181218108305,1.05
box(6),-0.6128198099908589,0.7119094387938567,1.05
box(5),-0.798916944579426,0.466961363848075,1.05
box(4),-0.6864944315827208,0.5694846769911249,1.05
box(3),-0.20347962208684678,0.2949487152769319,1.05
box(2),-0.3645021337354969,0.42081592543254015,1.05
box(1),-0.5353390926580222,0.49329681140070974,1.05
box(0),-0.6514612439521622,0.20973811713549717,1.05
box(8),-0.2543625608559214,0.6802094509776011,1.05
box(7),-0.7803110792775498,0.7310515825705763,1.05
box(6),-0.3988275987016835,0.7663923185489696,1.05
box(5),-0.5290884760578979,0.3049068631431421,1.05
box(4),-0.5463148759742777,0.7245933963712761,1.05
box(3),-0.7318988950384921,0.5880974261393397,1.05
box(2),-0.24773214953031417,0.3244863290390002,1.05
box(1),-0.3686620619161512,0.21532602595025885,1.05
box(0),-0.7932950560171386,0.44934909190198413,1.05
box(8),-0.3801664521558627,0.4519253344374311,1.05
box(7),-0.5281545032989643,0.5720366296271977,1.05
box(6),-0.22164151248378958,0.6738725246385806,1.05
box(5),-0.7115836917495817,0.23924419518174533,1.05
box(4),-0.3714722079478302,0.6214586455920916,1.05
box(3),-0.6628886441759716,0.7922866252845351,1.05
box(2),-0.7826883529676993,0.629135654766386,1.05
box(1),-0.20067944199371368,0.38689688097552044,1.05
box(0),-0.5564116937155167,0.40634161196102647,1.05
box(8),-0.36953378475758125,0.25623860137207566,1.05
box(7),-0.3625966259936087,0.7991356975628796,1.05
box(6),-0.34628162382775873,0.46065397138874825,1.05
box(5),-0.7665362508974871,0.44208568985152463,1.05
box(4),-0.5490429901478748,0.6142956797705315,1.05
box(3),-0.6742726177199048,0.2859023519412535,1.05
box(2),-0.22559465487350838,0.6453102743553178,1.05
box(1),-0.5948573900417844,0.7777570448101183,1.05
box(0),-0.7573668202426793,0.7346757085147608,1.05
box(8),-0.4971573175722594,0.38273954390958786,1.05
box(7),-0.22711749311559395,0.2805992109391067,1.05
box(6),-0.3437854970145203,0.7927819350469043,1.05
box(5),-0.38281597724906036,0.2587358146751171,1.05
box(4),-0.7023130185980808,0.45909684256868377,1.05
box(3),-0.4631674192990182,0.6642918960751723,1.05
box(2),-0.625157378362796,0.6067405178660477,1.05
box(1),-0.7028343858628259,0.26443296837054375,1.05
box(0),-0.27546399255498555,0.6497503062749184,1.05
box(8),-0.7414373014685087,0.7489901696920045,1.05
box(7),-0.42699785703331444,0.4034493808738815,1.05
box(6),-0.21589753012034726,0.33721267100738994,1.05
box(5),-0.37443072626677054,0.7936257606071979,1.05
box(4),-0.5142259358346026,0.21529617160733158,1.05
box(3),-0.3422249438020894,0.23949832427827267,1.05
box(2),-0.47921524446407776,0.6849893693167772,1.05
box(1),-0.7208363489971152,0.5053898340520213,1.05
box(0),-0.7337694019226308,0.3420173834303749,1.05
box(8),-0.25417609971336985,0.6915827985820023,1.05
box(7),-0.5652139651290415,0.5017734799378921,1.05
box(6),-0.3854363221003667,0.44833226112324365,1.05
box(5),-0.2114306366731072,0.3282477958485667,1.05
box(4),-0.6674272441010247,0.7330952451105881,1.05
box(3),-0.5472723231508709,0.3216256550728195,1.05
box(2),-0.20436419169244588,0.4883864329848141,1.05
box(1),-0.46152680285556946,0.7950135026247613,1.05
box(0),-0.7614600093648536,0.5649319718145251,1.05
box(8),-0.37795939806338064,0.29256743446159306,1.05
box(7),-0.7836442362877427,0.3674195778577959,1.05
box(6),-0.678205635167151,0.21491867982952223,1.05
box(5),-0.4797598562801138,0.5971695383469853,1.05
box(4),-0.31564280486777413,0.7547686533021711,1.05
box(3),-0.6996529441204885,0.726569044241415,1.05
box(2),-0.5510857623479433,0.3661426463755977,1.05
box(1),-0.2692793363053106,0.4675227600695548,1.05
box(0),-0.47788489168160414,0.7878965520351326,1.05
box(8),-0.2265088985421637,0.26590442118848945,1.05
box(7),-0.39108194383552086,0.20653512740939295,1.05
box(6),-0.628685485731074,0.5572572639761646,1.05
box(5),-0.3924036706667581,0.36438859483015806,1.05
box(4),-0.5860418519949642,0.2110694633286342,1.05
box(3),-0.27830537206277456,0.7232762272279427,1.05
box(2),-0.7843155126183488,0.5497125574247901,1.05
box(1),-0.7099077976949852,0.3774288807639803,1.05
box(0),-0.4492722257118923,0.5803690663158103,1.05
box(8),-0.7279728928940863,0.711952986242784,1.05
box(7),-0.5538532030534988,0.771211708038865,1.05
box(6),-0.5407760295866206,0.4211913887939153,1.05
box(5),-0.21861059283281772,0.37942086156194704,1.05
box(4),-0.3877008482990855,0.32768331682192187,1.05
box(3),-0.5442751149316022,0.24139563064094816,1.05
box(2),-0.3416635419789818,0.7231190525801019,1.05
box(1),-0.3281063383686059,0.4879789211679666,1.05
box(0),-0.7178153844716997,0.4988899449585643,1.05
box(8),-0.7582408388778783,0.254533928814069,1.05
box(7),-0.6466573277857659,0.6483362898068912,1.05
box(6),-0.4522960633344864,0.5988360570790118,1.05
box(5),-0.5070688686609929,0.7606297632415862,1.05
box(4),-0.22151459035739376,0.3355111182891105,1.05
box(3),-0.45649225449751857,0.37967377057565876,1.05
box(2),-0.5871305426727227,0.26121967519714695,1.05
box(1),-0.2826086598263781,0.7365711673500241,1.05
box(0),-0.22574197564425158,0.5782757560623659,1.05
box(8),-0.7071912049010987,0.41635615483109223,1.05
box(7),-0.40321524181795854,0.2313466916255938,1.05
box(6),-0.7501961711247993,0.586744502121837,1.05
box(5),-0.5555945179056778,0.5709968108947312,1.05
box(4),-0.41812857691804206,0.6316101443973419,1.05
box(3),-0.5603731252194443,0.799516044828138,1.05
box(2),-0.36196208719700684,0.3982618384620068,1.05
box(1),-0.711386517611118,0.22902228586815124,1.05
box(0),-0.2707600665608111,0.7446989312436116,1.05
box(8),-0.5669419132993807,0.359314142560095,1.05
box(7),-0.2022931392117048,0.29886507050447975,1.05
box(6),-0.5540617335871929,0.2042099059098706,1.05
box(5),-0.7847601082433386,0.73712692377445,1.05
box(4),-0.7697790286284092,0.5846782584899223,1.05
box(3),-0.7962819377450687,0.3792840137856124,1.05
box(2),-0.45781069737047486,0.6318961496726901,1.05
box(1),-0.4076453456187047,0.37792670150124963,1.05
box(0),-0.5954202209973519,0.776251952049799,1.05
box(8),-0.25222780515915544,0.6851764243973093,1.05
box(7),-0.6280467398301821,0.41373329668067305,1.05
box(6),-0.26484441316524465,0.46437582702912106,1.05
box(5),-0.6388290235940981,0.24554427369143375,1.05
box(4),-0.24330561684591223,0.23179568679503118,1.05
box(3),-0.7296572410373181,0.5645325136156814,1.05
box(2),-0.7846247619350544,0.4116497605518029,1.05
box(1),-0.5050996234078711,0.6093404063920623,1.05
box(0),-0.44012139886763385,0.24888005845596622,1.05
box(8),-0.481187095969513,0.7724428108924777,1.05
box(7),-0.45117053091495873,0.40771466253140265,1.05
box(6),-0.6390976271212571,0.6895206066411339,1.05
box(5),-0.2601311277503,0.5153096452203287,1.05
box(4),-0.6826253476150623,0.30136921017743656,1.05
box(3),-0.2953904278503471,0.3567142857189832,1.05
box(2),-0.2330759530836065,0.7209731054203907,1.05
box(1),-0.75251370981822,0.4763852996804261,1.05
box(0),-0.5533106552699582,0.5387943215994139,1.05
box(8),-0.40564387805294544,0.24582697318528823,1.05
box(7),-0.4451970179268502,0.7196702810413842,1.05
box(6),-0.21514446464440198,0.21399137401890966,1.05
box(5),-0.7789352475059288,0.7064883739828258,1.05
box(4),-0.3946672576526308,0.4714792390010016,1.05
box(3),-0.6959586425440316,0.20962135125578202,1.05
box(2),-0.6307695736757934,0.7735151662602238,1.05
box(1),-0.6040633455417947,0.3574411266618539,1.05
box(0),-0.21787574207724153,0.4660117974622575,1.05
box(8),-0.7261762020787528,0.44481381412272913,1.05
box(7),-0.2887066124146316,0.6711755649113169,1.05
box(6),-0.39287645576322844,0.2464425487932279,1.05
box(5),-0.667734205770544,0.6031036461321154,1.05
box(4),-0.4936999064839854,0.6146352271668918,1.05
box(3),-0.21841091454990924,0.23987619842305014,1.05
box(2),-0.7351482354521932,0.21348009376655172,1.05
box(1),-0.4310099005245293,0.44844723322146696,1.05
box(0),-0.6041621768631289,0.34396484455367105,1.05
box(8),-0.6160560135117893,0.7542039313276507,1.05
box(7),-0.2314553779680647,0.465401245567904,1.05
box(6),-0.2666401248520014,0.6322935162564167,1.05
box(5),-0.798590386731745,0.4598832360234204,1.05
box(4),-0.4503433246194583,0.7591526438912775,1.05
box(3),-0.5648223668129534,0.5832338127980277,1.05
box(2),-0.26745745764903744,0.30153405909891073,1.05
box(1),-0.7759045687907846,0.7290318942458658,1.05
box(0),-0.4675309199323331,0.24696565902650797,1.05
box(8),-0.7082931752132406,0.27353814863807313,1.05
box(7),-0.21265659053433617,0.7961197588659663,1.05
box(6),-0.49644792332953697,0.41797084948140556,1.05
box(5),-0.41368018813642565,0.5528017000473396,1.05
box(4),-0.29579596896868765,0.6578705342724772,1.05
box(3),-0.6990443547521883,0.45768122577691184,1.05
box(2),-0.25026972543116466,0.4725371647425913,1.05
box(1),-0.5430670726109131,0.6997115225556784,1.05
box(0),-0.7116484299663186,0.6506592559964862,1.05
box(8),-0.22748716304711192,0.3027329399973961,1.05
box(7),-0.7238647690003159,0.22615674353998422,1.05
box(6),-0.4996709109263801,0.22767171704866995,1.05
box(5),-0.4521713421692779,0.38467788056662977,1.05
box(4),-0.48727285787334795,0.5436888214531158,1.05
box(3),-0.30527523372474413,0.6761949860220069,1.05
box(2),-0.756942976116683,0.38984472971561973,1.05
box(1),-0.31591574162480307,0.509953392044485,1.05
box(0),-0.47243633160426046,0.7477577847364651,1.05
box(8),-0.7657897648616045,0.6448201505560514,1.05
box(7),-0.29512721888284416,0.2017954432736056,1.05
box(6),-0.6727362623708277,0.26039031740316204,1.05
box(5),-0.5171091131700065,0.22987954593156654,1.05
box(4),-0.41678959751675515,0.360028461259695,1.05
box(3),-0.646026831044117,0.5460714730639697,1.05
box(2),-0.24937973119431933,0.7197900972651317,1.05
box(1),-0.20626519450396616,0.3467557266254486,1.05
box(0),-0.3832948258407012,0.5790480280621713,1.05
box(8),-0.44809816258683877,0.7223814928171521,1.05
box(7),-0.7983888382982645,0.3472131633513208,1.05
box(6),-0.5960691644079247,0.7611452102269067,1.05
box(5),-0.7492295413457515,0.7120247235800574,1.05
box(4),-0.5770928698925657,0.3735560580751103,1.05
box(3),-0.36140575743924414,0.2393378376786655,1.05
box(2),-0.5925817399823401,0.6067832281513116,1.05
box(1),-0.7458613768711349,0.5465606755470342,1.05
box(0),-0.5798476941039045,0.21465695967591003,1.05
box(8),-0.2703745113340201,0.6740688102920553,1.05
box(7),-0.42074292392521,0.6128078891981918,1.05
box(6),-0.2699056647046908,0.4915721502496915,1.05
box(5),-0.3879921447852202,0.7698855404230815,1.05
box(4),-0.6722483414640331,0.7850031974332208,1.05
box(3),-0.5656277448990971,0.4129356444672882,1.05
box(2),-0.7858569345805868,0.3309632376329556,1.05
box(1),-0.40825767947230535,0.22542394943876004,1.05
box(0),-0.694091219831095,0.5791337527531513,1.05
box(8),-0.25855298246895675,0.3033198103431705,1.05
box(7),-0.23831302073765986,0.7062953438265542,1.05
box(6),-0.4851528771670522,0.6517176643284531,1.05
box(5),-0.30220071727510195,0.49137500039151005,1.05
box(4),-0.6283930194892651,0.21429264932308767,1.05
box(3),-0.6902378842925136,0.7515510922928414,1.05
box(2),-0.633424988656765,0.441657773973651,1.05
box(1),-0.43597903829936785,0.3881191892701755,1.05
box(0),-0.45076033183939823,0.23203388000694436,1.05
box(8),-0.786711668649392,0.41399303156674994,1.05
box(7),-0.27575397791624,0.22873418875725104,1.05
box(6),-0.7812157896932808,0.26254308298425333,1.05
box(5),-0.32121453025828917,0.706785237729995,1.05
box(4),-0.47737244019292296,0.5895570433566534,1.05
box(3),-0.2691502586606068,0.5625911077271579,1.05
box(2),-0.657171558329841,0.6842434664883388,1.05
box(1),-0.6171972437335663,0.339437800906665,1.05
box(0),-0.6279478271622139,0.53632357838946,1.05
box(8),-0.237844143639943,0.3944388098596163,1.05
box(7),-0.42405858361178644,0.42311221844463526,1.05
box(6),-0.27832321707879243,0.21092748982927859,1.05
box(5),-0.7487696236791812,0.24570980905661288,1.05
box(4),-0.4974135454167532,0.2142619674574332,1.05
box(3),-0.3954348554092454,0.7301905875160886,1.05
box(2),-0.7788720868786108,0.4109362528983495,1.05
box(1),-0.22899268723832955,0.5910034611364017,1.05
box(0),-0.5445706369229006,0.7635405800956658,1.05
box(8),-0.7020670306248067,0.6176738035255074,1.05
box(7),-0.2083693789268274,0.7766947672147524,1.05
box(6),-0.7933048908651175,0.797559148434255,1.05
box(5),-0.45384129557307007,0.5420308191017122,1.05
box(4),-0.41331602899423386,0.3608700861370766,1.05
box(3),-0.5887721305503714,0.29138001745079534,1.05
box(2),-0.7788338493802103,0.23019969154946543,1.05
box(1),-0.36733068173860994,0.7888323706912854,1.05
box(0),-0.3008314411409819,0.6374688739107065,1.05
box(8),-0.2015899707837553,0.31399490140539993,1.05
box(7),-0.3758452297885162,0.2063814248329644,1.05
box(6),-0.6266147942523281,0.6351117104396189,1.05
box(5),-0.75006745605532,0.49072826278471776,1.05
box(4),-0.6633021962552049,0.7819672921509404,1.05
box(3),-0.5588801604977973,0.49495348609925593,1.05
box(2),-0.6521429211815727,0.323387063677741,1.05
box(1),-0.44208605179053406,0.3540769819273255,1.05
box(0),-0.43717904213801445,0.7151440463074095,1.05
box(8),-0.288655595296035,0.6596732276305843,1.05
box(7),-0.23534091290427744,0.48149362964658066,1.05
box(6),-0.7941714655991778,0.20485535947346903,1.05
box(5),-0.7519543937349265,0.6588863037083803,1.05
box(4),-0.7892132680113799,0.4521117132011503,1.05
box(3),-0.3612273073793129,0.221265718225885,1.05
box(2),-0.597548298855958,0.6503530212936496,1.05
box(1),-0.6608073598418651,0.3730164989416497,1.05
box(0),-0.5134322151834162,0.21856088340727942,1.05
box(8),-0.5179774521006555,0.448636242469723,1.05
box(7),-0.41226447047687226,0.7982532295162119,1.05
box(6),-0.3223722588742165,0.6324510781751964,1.05
box(5),-0.3468927720910207,0.4801407133834009,1.05
box(4),-0.22866423904577504,0.2926415271904352,1.05
box(3),-0.7683920472095962,0.2505951505612937,1.05
box(2),-0.693968533796525,0.7758741618359837,1.05
box(1),-0.5407799681827357,0.6048333747450669,1.05
box(0),-0.7313421940629874,0.6203388467615898,1.05
box(8),-0.42758616187813175,0.3149494840651665,1.05
box(7),-0.7048187970865722,0.4637849617329584,1.05
box(6),-0.44719360986711054,0.7934913640602683,1.05
box(5),-0.3289789476483086,0.6892567684427402,1.05
box(4),-0.569563962652053,0.2557069536310644,1.05
box(3),-0.23821203029300392,0.36357503095445154,1.05
box(2),-0.5313480223594343,0.4264891357456503,1.05
box(1),-0.7922432022036783,0.22402421212958995,1.05
box(0),-0.501116047018997,0.6120830535222206,1.05
box(8),-0.7870359166385408,0.7706609927042867,1.05
box(7),-0.23678129579348361,0.5701596801269427,1.05
box(6),-0.6855946648609672,0.5316531007929044,1.05
box(5),-0.49887371370177136,0.7632871307215088,1.05
box(4),-0.21996227573429775,0.7626508982588334,1.05
box(3),-0.36923874085851593,0.25895399636745775,1.05
box(2),-0.38472568274069774,0.4984486058686067,1.05
box(1),-0.6093120168179733,0.2584178432663184,1.05
box(0),-0.7874249934122102,0.333515030563748,1.05
box(8),-0.6412575039827038,0.6851549569626398,1.05
box(7),-0.7610019314726426,0.7963950647137914,1.05
box(6),-0.2230545721064902,0.5333720922736329,1.05
box(5),-0.5972438414289949,0.52203644094867,1.05
box(4),-0.7634123440038907,0.48487679834022257,1.05
box(3),-0.20357004378287713,0.36368807104644424,1.05
box(2),-0.36960283981310893,0.7548266068690666,1.05
box(1),-0.33943754693299855,0.27984438140978984,1.05
box(0),-0.580372020932662,0.3727193705514284,1.05
box(8),-0.7105836420223264,0.2582386321878334,1.05
box(7),-0.5462591624471673,0.21366402286995526,1.05
box(6),-0.7757930614402844,0.7292011420899527,1.05
box(5),-0.3864143115216673,0.5832866816967426,1.05
box(4),-0.5293498160911859,0.6978449293135768,1.05
box(3),-0.2224475165565697,0.7203811166881771,1.05
box(2),-0.6756419747904405,0.5259275954138376,1.05
box(1),-0.23133591297389733,0.5391186352915822,1.05
box(0),-0.251152511207295,0.2076370434071271,1.05
box(8),-0.36578961784882,0.3811613343593234,1.05
box(7),-0.6636692085910478,0.37167144784794814,1.05
box(6),-0.3930866597892082,0.7808213574546587,1.05
box(5),-0.7904387816781762,0.7080665528565051,1.05
box(4),-0.428193073663946,0.5659250798343085,1.05
box(3),-0.7911164672261575,0.20443138163828423,1.05
box(2),-0.4205815776728673,0.20876478440403493,1.05
box(1),-0.5801206542601559,0.6511205439645358,1.05
box(0),-0.7800117149848875,0.5554183773415517,1.05
box(8),-0.2553167333633958,0.7174935120631387,1.05
box(7),-0.6323676116973549,0.795032413222921,1.05
box(6),-0.22448451139338138,0.3831436717848345,1.05
box(5),-0.5708389254495179,0.5012799701086381,1.05
box(4),-0.6042131356933205,0.2714014210153993,1.05
box(3),-0.4134127840464894,0.6386366281522255,1.05
box(2),-0.20765423822047968,0.5667234457559754,1.05
box(1),-0.22392898071582637,0.21183417156335027,1.05
box(0),-0.7978616181949483,0.775370978585205,1.05
box(8),-0.7111637733999692,0.5928973196908817,1.05
box(7),-0.7609432553494235,0.3066905930660673,1.05
box(6),-0.5127764334449796,0.7629654832944663,1.05
box(5),-0.41195146787439274,0.4804333311653147,1.05
box(4),-0.4184055377320188,0.24139643637649272,1.05
box(3),-0.6017320014751442,0.44125478280415276,1.05
box(2),-0.32542417057884565,0.7445447653086499,1.05
box(1),-0.253415201367193,0.5233385110566211,1.05
box(0),-0.6049713506233324,0.2646999881669757,1.05
box(8),-0.6806856406035167,0.7604183330816567,1.05
box(7),-0.6964693610156831,0.5914249892456013,1.05
box(6),-0.23025832915185956,0.2571851576293558,1.05
box(5),-0.5029054438646108,0.6882784386605729,1.05
box(4),-0.7736712094928346,0.42923977576359906,1.05
box(3),-0.3888004721956847,0.4479576600165497,1.05
box(2),-0.7944647300141638,0.25672475263114986,1.05
box(1),-0.20724175358131536,0.7503767307419149,1.05
box(0),-0.21548228108654596,0.564846886491841,1.05
box(8),-0.6298134683750003,0.3079062429124686,1.05
box(7),-0.6766885995311872,0.7899808029045294,1.05
box(6),-0.794435404554076,0.6314792068744797,1.05
box(5),-0.4416112105723008,0.26780123283031154,1.05
box(4),-0.4103217075053254,0.6723106694567953,1.05
box(3),-0.23241758244495908,0.37096789927981644,1.05
box(2),-0.705190514434243,0.46713589406165673,1.05
box(1),-0.7983692614165228,0.3166679925814784,1.05
box(0),-0.2744866981535637,0.777648695385033,1.05
box(8),-0.558784536005656,0.6171279189698297,1.05
box(7),-0.5463894726242484,0.4303474951162908,1.05
box(6),-0.3577238997404123,0.47543889386287136,1.05
box(5),-0.7577974811329746,0.6159353053935722,1.05
box(4),-0.5881022920392525,0.2501963937195234,1.05
box(3),-0.7386689506946975,0.7883389973326502,1.05
box(2),-0.2103797854522202,0.3733297824786714,1.05
box(1),-0.26103950214091154,0.20201777898041454,1.05
box(0),-0.44124456310478183,0.7830322880274156,1.05
box(8),-0.22108944376269307,0.6526153767813926,1.05
box(7),-0.7120119366356479,0.4610522538243669,1.05
box(6),-0.43840606382823116,0.2308005007149661,1.05
box(5),-0.3693156407816301,0.4007252722738148,1.05
box(4),-0.5874187539837972,0.7460960231769607,1.05
box(3),-0.6058397483255383,0.3374064409838339,1.05
box(2),-0.5132899134562436,0.5338814173303157,1.05
box(1),-0.7617611635371082,0.6041405693880464,1.05
box(0),-0.7281946251441989,0.2321847328545007,1.05
box(8),-0.33776610155786974,0.7488485074420583,1.05
box(7),-0.2290523095934681,0.5541945021371506,1.05
box(6),-0.7196092971169898,0.4417561922061394,1.05
box(5),-0.41931102023225375,0.2134375390457514,1.05
box(4),-0.3125447248366961,0.3618051581259221,1.05
box(3),-0.6381415243736208,0.7395889901362849,1.05
box(2),-0.5652420254851387,0.27863338089830925,1.05
box(1),-0.4603299968182349,0.5356491329602524,1.05
box(0),-0.791652804713538,0.6450654235001041,1.05
box(8),-0.2469381107571419,0.22017774818867672,1.05
box(7),-0.25555641500052867,0.7566629054032818,1.05
box(6),-0.4401985593718165,0.795742384699331,1.05
box(5),-0.7078013262808214,0.4470894112286773,1.05
box(4),-0.622549020424521,0.5766302928439582,1.05
box(3),-0.7357671831562953,0.2727417773007117,1.05
box(2),-0.20073709288251107,0.56241391375185,1.05
box(1),-0.5621943845334749,0.22376794913965364,1.05
box(0),-0.41657992396337284,0.48031309304536235,1.05
box(8),-0.4081417820862601,0.6334472938856837,1.05
box(7),-0.7981636144905533,0.6529752270365294,1.05
box(6),-0.2308881489749434,0.3875476072268869,1.05
box(5),-0.3304028546666177,0.266613013049929,1.05
box(4),-0.48826214310284566,0.7635787753908791,1.05
box(3),-0.6443616740944529,0.4062237656555237,1.05
box(2),-0.6237172257423258,0.6308863025695803,1.05
box(1),-0.22427991983108123,0.7096576282688565,1.05
box(0),-0.7087658245677371,0.23516681094425568,1.05
box(8),-0.4700661455237164,0.4071212912620588,1.05
box(7),-0.4334523830790928,0.6068833350369547,1.05
box(6),-0.24576545440540679,0.5413751286438864,1.05
box(5),-0.20750378765390765,0.3674750672255247,1.05
box(4),-0.7812322248288677,0.5757575296319006,1.05
box(3),-0.7481621133719998,0.78305106825979,1.05
box(2),-0.5316596844900674,0.21779266290701874,1.05
box(1),-0.6097917344734408,0.6337897899927329,1.05
box(0),-0.3219189952917,0.7296795197502381,1.05
box(8),-0.7112113597348397,0.200668426564782,1.05
box(7),-0.35787073636597344,0.3876923880707981,1.05
box(6),-0.6024227407946721,0.4734058307750357,1.05
box(5),-0.49815052656521297,0.7484562684279918,1.05
box(4),-0.36954023003114544,0.20619620767890764,1.05
box(3),-0.2304646482548626,0.4905902388168403,1.05
box(2),-0.7510244222776805,0.7736091751310479,1.05
box(1),-0.5341786618127473,0.24180998582429966,1.05
box(0),-0.2243960873637885,0.29855393241759043,1.05
box(8),-0.273105414911937,0.7762543567500693,1.05
box(7),-0.6434164139919781,0.6397372495776923,1.05
box(6),-0.42358769810082286,0.5595001622224216,1.05
box(5),-0.7146166876038196,0.4431362934891402,1.05
box(4),-0.6877092991402298,0.2798661614048305,1.05
box(3),-0.4488524517389354,0.39849119213178774,1.05
box(2),-0.24900604861422884,0.576613187938859,1.05
box(1),-0.45868450638726854,0.7861588043453995,1.05
box(0),-0.747789499663134,0.7969528760331659,1.05
box(8),-0.24356393330820375,0.3781108223348657,1.05
box(7),-0.34075840728021145,0.21998966981083234,1.05
box(6),-0.7637803652133639,0.5966089564280238,1.05
box(5),-0.4941743342620291,0.6030748190165561,1.05
box(4),-0.30539081214809705,0.7877970304243371,1.05
box(3),-0.7202321636170577,0.3226460255400697,1.05
box(2),-0.5819900412849148,0.38277585490934596,1.05
box(1),-0.25429634021416764,0.5748732986790337,1.05
box(0),-0.41241030221012404,0.4059258138014673,1.05
box(8),-0.5417720916708586,0.7962506988576092,1.05
box(7),-0.7859985131591734,0.7844226077983685,1.05
box(6),-0.4769401828344944,0.22105930532823803,1.05
box(5),-0.6839541687720465,0.6440856902865726,1.05
box(4),-0.448890594716178,0.5838304263359521,1.05
box(3),-0.2779641686075255,0.7657864688311953,1.05
box(2),-0.7776467575843691,0.4526063243105995,1.05
box(1),-0.7796360528886022,0.22483780374208573,1.05
box(0),-0.578146002625435,0.4941915963212349,1.05
box(8),-0.6615760883295217,0.3420074494495353,1.05
box(7),-0.32626149725578624,0.2183710889891889,1.05
box(6),-0.728777422146254,0.7950335115238822,1.05
box(5),-0.2611703775026285,0.5545868928720897,1.05
box(4),-0.4980258099796783,0.2644440114649881,1.05
box(3),-0.6505536942029984,0.6424394368232114,1.05
box(2),-0.31713802187377427,0.7533629112067484,1.05
box(1),-0.3929327389753963,0.4320144387477717,1.05
box(0),-0.4518060135573383,0.664399425358392,1.05
box(8),-0.24270825671668927,0.39677581695623243,1.05
box(7),-0.6595125474144108,0.2644636079438173,1.05
box(6),-0.7834163951367903,0.4603116212472869,1.05
box(5),-0.3348620334235756,0.2476725909221382,1.05
box(4),-0.5888580976617455,0.7809659017257575,1.05
box(3),-0.5713581896795774,0.4641301506166231,1.05
box(2),-0.29281641557211496,0.5738735097177299,1.05
box(1),-0.48785826151847644,0.22881733429542284,1.05
box(0),-0.6588186179283952,0.6250924769621651,1.05
box(8),-0.3205351898893021,0.7896863190087378,1.05
box(7),-0.7574364704312695,0.7633944290750143,1.05
box(6),-0.7007393898744687,0.32762136633963973,1.05
box(5),-0.7776497293246263,0.47163340917883734,1.05
box(4),-0.276872530434052,0.24202284404293595,1.05
box(3),-0.32798122289827214,0.42769084506389154,1.05
box(2),-0.5543305184200811,0.44820695967740865,1.05
box(1),-0.4673801898671333,0.5769157849171311,1.05
box(0),-0.29747049424860195,0.6106538647844326,1.05
box(8),-0.472560968500772,0.24757235238310002,1.05
box(7),-0.5501284853633848,0.7786324188038733,1.05
box(6),-0.7947505171878038,0.20542549022705447,1.05
box(5),-0.28904186158095124,0.7756232012835764,1.05
box(4),-0.7240538943712009,0.36718073135801166,1.05
box(3),-0.7473747839202132,0.7730822492069478,1.05
box(2),-0.7583711118792833,0.5181792484496994,1.05
box(1),-0.34930206213305676,0.4510835201785153,1.05
box(0),-0.5707212852218418,0.46133134270394094,1.05
box(8),-0.43627280807248153,0.6481982594154889,1.05
box(7),-0.29894627068145074,0.2951188194201953,1.05
box(6),-0.4713666054472908,0.28359950694287733,1.05
box(5),-0.20325852663831268,0.6397179976382417,1.05
box(4),-0.6736713245616057,0.20439674788857085,1.05
box(3),-0.3428573542857962,0.778090603717533,1.05
box(2),-0.7742058076599723,0.3489171542305437,1.05
box(1),-0.7505084253903336,0.5066620192017237,1.05
box(0),-0.7852014594063235,0.6598395979935385,1.05
box(8),-0.5905921366807627,0.6665556251398365,1.05
box(7),-0.576723571465654,0.42512730387577224,1.05
box(6),-0.44987354858714657,0.5920632135423405,1.05
box(5),-0.3935739043721962,0.28424725052115013,1.05
box(4),-0.22848985108552972,0.5275647260178662,1.05
box(3),-0.23685183458629283,0.3623520800959551,1.05
box(2),-0.5314355970126656,0.20609618559596066,1.05
box(1),-0.284756534469625,0.7004454803473095,1.05
box(0),-0.7821312900344297,0.41012713197631673,1.05
box(8),-0.7437907920652682,0.2180633452159845,1.05
box(7),-0.584739286481645,0.7378796870478681,1.05
box(6),-0.7133133360148887,0.5481947802649019,1.05
box(5),-0.47792581897708647,0.5531638901179875,1.05
box(4),-0.2852070863700584,0.2140730050922427,1.05
box(3),-0.43681076793367374,0.33720989376379584,1.05
box(2),-0.7413023157362724,0.714988792208372,1.05
box(1),-0.5793017215016522,0.42230177431394433,1.05
box(0),-0.2899844747165883,0.46302193326435015,1.05
box(8),-0.30582726766915996,0.6760140211168488,1.05
box(7),-0.7984715494758672,0.3823690086060332,1.05
box(6),-0.7934641162556975,0.22207899785784033,1.05
box(5),-0.5551708492568914,0.7664277705305127,1.05
box(4),-0.5791203223567671,0.20415702470273234,1.05
box(3),-0.3173380717860857,0.2237640652860466,1.05
box(2),-0.45939002445278676,0.6227714003386597,1.05
box(1),-0.7507682175278763,0.7028183981363207,1.05
box(0),-0.43809497286582894,0.3970424692507929,1.05
box(8),-0.2428777958281088,0.36020181407005475,1.05
box(7),-0.3021067166201707,0.7677464544434729,1.05
box(6),-0.729872077842197,0.4411711847094966,1.05
box(5),-0.2275867035849545,0.5437084403003731,1.05
box(4),-0.5950271277849,0.5436086660770882,1.05
box(3),-0.6968788821158511,0.2673677683667131,1.05
box(2),-0.5351579818847199,0.7858109717211852,1.05
box(1),-0.5399238768784456,0.26653236618916215,1.05
box(0),-0.7961033836045626,0.5887560474357697,1.05
box(8),-0.4325254896648769,0.5416498111359638,1.05
box(7),-0.2742641119089654,0.25823651384738117,1.05
box(6),-0.25634276974818615,0.7908178654393034,1.05
box(5),-0.6829526256127679,0.7226569858810807,1.05
box(4),-0.26910758434627596,0.4711331206584563,1.05
box(3),-0.6558834491556931,0.5031779470837768,1.05
box(2),-0.7938157175350136,0.4102174067919796,1.05
box(1),-0.38009484333340865,0.6871902155519356,1.05
box(0),-0.6146559575109375,0.2782132721441044,1.05
box(8),-0.4380841145037799,0.22612122345593363,1.05
box(7),-0.44335129063057316,0.4613729658118665,1.05
box(6),-0.2789341316177185,0.23799081735929273,1.05
box(5),-0.7851281069427729,0.2510100319208857,1.05
box(4),-0.2273443432144072,0.7348671470349943,1.05
box(3),-0.7021875629386194,0.6627733803659661,1.05
box(2),-0.5354856959981771,0.6446403845227325,1.05
box(1),-0.23438091194338884,0.3937752755421744,1.05
box(0),-0.7999547500002773,0.47667223289330213,1.05
box(8),-0.635333923217628,0.2811322282108408,1.05
box(7),-0.3181155883349469,0.5719231457766387,1.05
box(6),-0.4613767925361348,0.43984976682970495,1.05
box(5),-0.7939944875614757,0.7921095283800894,1.05
box(4),-0.4354709340536399,0.22671335906990775,1.05
box(3),-0.2630628273500278,0.7735044161867339,1.05
box(2),-0.20013366706520622,0.21431312898962895,1.05
box(1),-0.4854644221971341,0.703389528157957,1.05
box(0),-0.7564295641544649,0.6229750931013555,1.05
box(8),-0.7854965944931336,0.4017910228672438,1.05
box(7),-0.6485773010586183,0.738160336956871,1.05
box(6),-0.2413430510802166,0.5803212876065524,1.05
box(5),-0.5338667747421973,0.5594069989321651,1.05
box(4),-0.3428320355569118,0.4343586884115213,1.05
box(3),-0.6715826298948007,0.219516857325188,1.05
box(2),-0.4893805217058373,0.31178842621247,1.05
box(1),-0.32156462908745564,0.7988308591430837,1.05
box(0),-0.4383782321982369,0.6870858821356687,1.05
box(8),-0.6002509114118134,0.41738730637440047,1.05
box(7),-0.7831277760038753,0.6647344508727948,1.05
box(6),-0.7347015193052275,0.5107815301268301,1.05
box(5),-0.3517792142754568,0.20703719636991302,1.05
box(4),-0.30888836796341207,0.5898432433125119,1.05
box(3),-0.3631293309652547,0.4206908024281787,1.05
box(2),-0.6044021758230479,0.7329230901694379,1.05
box(1),-0.6259110363183735,0.21214805434759343,1.05
box(0),-0.2267933666424612,0.30608363967562,1.05
box(8),-0.5546464093608248,0.5715404715575502,1.05
box(7),-0.3465285246704548,0.7394601885193606,1.05
box(6),-0.5638274379940288,0.41464283496291676,1.05
box(5),-0.7737585444315351,0.7696743337859095,1.05
box(4),-0.7692637116039707,0.5615702700654023,1.05
box(3),-0.22843163194166327,0.509718864925361,1.05
box(2),-0.4378464178999236,0.2740506929587857,1.05
box(1),-0.2037402795436529,0.6711212879654187,1.05
box(0),-0.39056934061035375,0.45531677203313997,1.05
box(8),-0.6008146700577772,0.22933744701732664,1.05
box(7),-0.24302121318917194,0.34151485849622304,1.05
box(6),-0.7932619019636946,0.21364076337411683,1.05
box(5),-0.4084360065037973,0.697027168532715,1.05
box(4),-0.7221105769733469,0.727244442872667,1.05
box(3),-0.6555526963407076,0.4507817602385492,1.05
box(2),-0.5426970870051999,0.6066237811122865,1.05
box(1),-0.42813369995245076,0.23690256230477486,1.05
box(0),-0.22902458663844885,0.6975090830186573,1.05
box(8),-0.4409336729677249,0.4218667052319863,1.05
box(7),-0.6436495043954753,0.22821510217042665,1.05
box(6),-0.22740983060994835,0.35799639716272896,1.05
box(5),-0.7949704661780173,0.5386080422963928,1.05
box(4),-0.5339371046471515,0.7807794160187895,1.05
box(3),-0.6930597564217307,0.7198614921560824,1.05
box(2),-0.3518283684538229,0.7973268589701703,1.05
box(1),-0.679739850341331,0.41996489655137925,1.05
box(0),-0.49199705524064496,0.2402436423416664,1.05
box(8),-0.4269676994511511,0.6207003397265631,1.05
box(7),-0.40623415859267065,0.4484267630691704,1.05
box(6),-0.6829597704913997,0.20740384757157448,1.05
box(5),-0.20836924778124247,0.23332642474540577,1.05
box(4),-0.2051770576918294,0.7627959637815818,1.05
box(3),-0.25339318609714573,0.4792814270500333,1.05
box(2),-0.5368136540218411,0.7303907500448432,1.05
box(1),-0.748855986681501,0.7429450239300432,1.05
box(0),-0.7221237875057247,0.5798090583075004,1.05
box(8),-0.6967626580809472,0.40480482400126794,1.05
box(7),-0.40335507958252703,0.6298389831876886,1.05
box(6),-0.5495074872232437,0.34925963500551926,1.05
box(5),-0.41329248255911427,0.2204232023083039,1.05
box(4),-0.6881283659410782,0.25350443733434164,1.05
box(3),-0.481149215608829,0.4879643551855823,1.05
box(2),-0.30656871329633417,0.42303973473788486,1.05
box(1),-0.2867329346233813,0.7378478775430797,1.05
box(0),-0.7521812677157997,0.7933705518797769,1.05
box(8),-0.59475450124319,0.6584617082444784,1.05
box(7),-0.7524890142940115,0.4425231967020754,1.05
box(6),-0.45049431407277774,0.774948069464878,1.05
box(5),-0.5586909049820046,0.35548993886209657,1.05
box(4),-0.2050541856305922,0.6077193667621461,1.05
box(3),-0.7760616738987829,0.6329062056040478,1.05
box(2),-0.7536325398880213,0.21548587338504654,1.05
box(1),-0.49097261609846876,0.2042947441124774,1.05
box(0),-0.31570929291260336,0.47772759999101483,1.05
box(8),-0.21079085881407247,0.20399665368423514,1.05
box(7),-0.4883042574232222,0.5380716800556375,1.05
box(6),-0.7397719919716979,0.415580151539948,1.05
box(5),-0.2535984460612002,0.7757334521906798,1.05
box(4),-0.617459823117973,0.7213778685366334,1.05
box(3),-0.5868133190419622,0.36669791012053904,1.05
box(2),-0.7003786840520936,0.5889911563334717,1.05
box(1),-0.3611410947983589,0.32070235866851615,1.05
box(0),-0.2017174653428721,0.3635878730872407,1.05
box(8),-0.7742631064810228,0.772696330906729,1.05
box(7),-0.7563781065473882,0.2387422371392803,1.05
box(6),-0.4347280899038446,0.7902356004670554,1.05
box(5),-0.7686755624426505,0.3927164338105497,1.05
box(4),-0.4358570084837898,0.5047810496102171,1.05
box(3),-0.5884113974850165,0.6984085629700958,1.05
box(2),-0.26660780666181816,0.7720422629458541,1.05
box(1),-0.5859815828192725,0.2010361056525417,1.05
box(0),-0.21780355416326502,0.6219296688071896,1.05
box(8),-0.24859526073477928,0.2792174954190998,1.05
box(7),-0.23777966994600497,0.4470783094374986,1.05
box(6),-0.3783266197316668,0.6495092860788769,1.05
box(5),-0.7556891718452858,0.7196506113669126,1.05
box(4),-0.6955529025059961,0.42837404319456296,1.05
box(3),-0.38255896047097837,0.3760951343845749,1.05
box(2),-0.5539717628935626,0.5031494241245775,1.05
box(1),-0.3343074635321982,0.7960382472496186,1.05
box(0),-0.565602801255843,0.27110093515763023,1.05
box(8),-0.7544207840458075,0.2432898435189292,1.05
box(7),-0.36586339869701046,0.21433775051854687,1.05
box(6),-0.5500846757705146,0.7472397172864225,1.05
box(5),-0.22430390654481092,0.3023563275189471,1.05
box(4),-0.2450962845455782,0.4703403790348836,1.05
box(3),-0.7907237500260844,0.7679945477075338,1.05
box(2),-0.7074766593303496,0.5804159050768484,1.05
box(1),-0.4048812224218006,0.4316670891337404,1.05
box(0),-0.3708360678391026,0.70130692536827,1.05
box(8),-0.5344030841539376,0.3370375391067423,1.05
box(7),-0.2045665919967952,0.7023453701407489,1.05
box(6),-0.7810888524776018,0.3760861098800945,1.05
box(5),-0.4084972481449659,0.24680945292464318,1.05
box(4),-0.48730630755148935,0.5962739358856155,1.05
box(3),-0.28887915414366283,0.5754175151948568,1.05
box(2),-0.22083435981450505,0.21884654225000166,1.05
box(1),-0.7552691928176396,0.5811022338158203,1.05
box(0),-0.34012408953728845,0.41581950107138643,1.05
box(8),-0.36889630328530076,0.7697107862850414,1.05
box(7),-0.5393815922040961,0.7884073980317263,1.05
box(6),-0.6199048578481902,0.3809379275965158,1.05
box(5),-0.5634563093819991,0.21365039451699244,1.05
box(4),-0.7824627001274449,0.3567111782803583,1.05
box(3),-0.5106356874831939,0.5458049147209679,1.05
box(2),-0.20473629756060407,0.6422713580953143,1.05
box(1),-0.22016985549602347,0.2009695206792017,1.05
box(0),-0.38014752143709485,0.254833577084024,1.05
box(8),-0.6946364264175204,0.755471525723401,1.05
box(7),-0.20407081039081254,0.41049746266536535,1.05
box(6),-0.655415690198148,0.5900176673959505,1.05
box(5),-0.4705157620524893,0.7616614899396685,1.05
box(4),-0.47964553334791515,0.37654199136123045,1.05
box(3),-0.6425467964111806,0.28290165834269443,1.05
box(2),-0.3658021264620618,0.5240287899137113,1.05
box(1),-0.2431171699060901,0.697317441900824,1.05
box(0),-0.7747007692004904,0.495118598213335,1.05
box(8),-0.23025935997078326,0.2307766667313314,1.05
box(7),-0.4928607161121288,0.22154136656696116,1.05
box(6),-0.7533729350653622,0.7213898327200803,1.05
box(5),-0.6155456617340463,0.6249894244920651,1.05
box(4),-0.4490584198941008,0.7705463337194389,1.05
box(3),-0.22247052360851002,0.42460250703489866,1.05
box(2),-0.6319939592657275,0.4148595399884878,1.05
box(1),-0.7985174544236715,0.2318360627523991,1.05
box(0),-0.46336983243261154,0.4054572093042665,1.05
box(8),-0.7812679909918228,0.5410963412505845,1.05
box(7),-0.2156867251422772,0.2564775591092387,1.05
box(6),-0.22378500735860088,0.642237354412126,1.05
box(5),-0.4056427162500707,0.5793844513175358,1.05
box(4),-0.5912487290162693,0.6696751140642145,1.05
box(3),-0.5206523688479485,0.2154820872842273,1.05
box(2),-0.3343365775795963,0.7466995494244475,1.05
box(1),-0.7464988933015777,0.3865537447508419,1.05
box(0),-0.23242433514554117,0.4429991846965524,1.05
box(8),-0.36340551979194,0.31997497770152217,1.05
box(7),-0.5675973295563554,0.413016561885459,1.05
box(6),-0.7805017938389458,0.5610144189961528,1.05
box(5),-0.20503470257302284,0.2357161424383381,1.05
box(4),-0.21439457070637027,0.6090789659796816,1.05
box(3),-0.6336712020232912,0.6285808864144485,1.05
box(2),-0.6612539813839502,0.2229251359169504,1.05
box(1),-0.42869255270155415,0.5517109308871547,1.05
box(0),-0.3277859682895877,0.7798684886514828,1.05
box(8),-0.5273916610001144,0.7560325248566384,1.05
box(7),-0.39226789473572965,0.23966410577968342,1.05
box(6),-0.5343649505857695,0.33710898867142014,1.05
box(5),-0.6915557964849076,0.784768614836185,1.05
box(4),-0.7911601044799639,0.4528431579338138,1.05
box(3),-0.20335063001169007,0.4837916510779367,1.05
box(2),-0.6284330470610408,0.5663232571303692,1.05
box(1),-0.727812694674357,0.24721688320614393,1.05
box(0),-0.2580145824495508,0.6276064009387701,1.05
box(8),-0.42829787053267476,0.4844143993245585,1.05
box(7),-0.518105719186315,0.7375407590038474,1.05
box(6),-0.27967820942300564,0.32300789446956124,1.05
box(5),-0.3147183672466667,0.7954997870132823,1.05
box(4),-0.769924672241415,0.7415387591348124,1.05
box(3),-0.44558931460816154,0.30264762550532365,1.05
box(2),-0.7060834070628916,0.39625160751344324,1.05
box(1),-0.6636972094427952,0.616214424381663,1.05
box(0),-0.23647858508758124,0.4746621411985601,1.05
box(8),-0.32396906479813625,0.6421028342038975,1.05
box(7),-0.7998827022787403,0.2150537841370807,1.05
box(6),-0.46966503964731066,0.457237847548589,1.05
box(5),-0.48739350905436374,0.7827788665419628,1.05
box(4),-0.20982257264802387,0.7558337825076642,1.05
box(3),-0.6427677522808941,0.7920502057121155,1.05
box(2),-0.5564736423957753,0.277733847215727,1.05
box(1),-0.30270700185984867,0.31124809903796585,1.05
box(0),-0.6986332284402411,0.5066738509978999,1.05
box(8),-0.7345139605780577,0.6692149300095152,1.05
box(7),-0.25093388070610106,0.47428870598494716,1.05
box(6),-0.7866839697040264,0.2317235903786441,1.05
box(5),-0.5015870359125509,0.520196748751921,1.05
box(4),-0.4039889304824734,0.6582733028809986,1.05
box(3),-0.23304028062791687,0.7580502278047565,1.05
box(2),-0.5426700659765371,0.7716673104562284,1.05
box(1),-0.47577564126665645,0.365254458808824,1.05
box(0),-0.3405273238151524,0.27242886014167356,1.05
box(8),-0.7985199925587809,0.4077970542848649,1.05
box(7),-0.6156644890660579,0.2684011411437661,1.05
box(6),-0.7136170374324005,0.5923576644685246,1.05
box(5),-0.7824935548774699,0.21126964618433047,1.05
box(4),-0.5842480533205311,0.49516096874770205,1.05
box(3),-0.26072841839685357,0.543373580727782,1.05
box(2),-0.3503774891121937,0.6949426617077576,1.05
box(1),-0.23723278513231302,0.38192500855541733,1.05
box(0),-0.5702102338439461,0.7030647860092092,1.05
box(8),-0.20222537059894632,0.739974013316065,1.05
box(7),-0.47951128124159526,0.38131372809827757,1.05
box(6),-0.778536206419808,0.3746039854603367,1.05
box(5),-0.7988335695731199,0.7570327712080851,1.05
box(4),-0.6585490388899099,0.24340697327182062,1.05
box(3),-0.7814633162745657,0.5698833760437121,1.05
box(2),-0.5540607932846771,0.5335684203688515,1.05
box(1),-0.39986392645570945,0.5714565409899008,1.05
box(0),-0.3003946083501226,0.23577611989357267,1.05
box(8),-0.5727720773577586,0.7398606413319542,1.05
box(7),-0.21811417564017385,0.5541573393666603,1.05
box(6),-0.31725115730562975,0.7737675043900494,1.05
box(5),-0.7200918300157584,0.4267253688143199,1.05
box(4),-0.4281767856818993,0.32782929605614997,1.05
box(3),-0.7967967850742859,0.26205624261816984,1.05
box(2),-0.5928288340972456,0.32913303911531444,1.05
box(1),-0.7372662886339247,0.7758566571573049,1.05
box(0),-0.4813012320706632,0.47252143502292027,1.05
box(8),-0.2254805543475662,0.3662738826539472,1.05
box(7),-0.6932139761690407,0.5854429279242099,1.05
box(6),-0.5841336004681559,0.7522962210398867,1.05
box(5),-0.3636596460639173,0.6218153137789094,1.05
box(4),-0.21668942040801223,0.72996146736873,1.05
box(3),-0.7837419325219546,0.415118862536463,1.05
box(2),-0.3386920786854468,0.23987519482833905,1.05
box(1),-0.6316764387262004,0.41656710410559156,1.05
box(0),-0.737487379581667,0.241553790391076,1.05
box(8),-0.4760474639227595,0.3183813906863352,1.05
box(7),-0.7859190001942864,0.7965039405352221,1.05
box(6),-0.23258099892607767,0.5233011174186282,1.05
box(5),-0.6856991537337653,0.582137431449617,1.05
box(4),-0.3487480751409089,0.6212307678461491,1.05
box(3),-0.5485957158457843,0.7943258174852972,1.05
box(2),-0.20490735367148807,0.6837632551603866,1.05
box(1),-0.313519181196546,0.2123857836652244,1.05
box(0),-0.580997873105495,0.4401368518581004,1.05
box(8),-0.7547309547281356,0.3570917319892083,1.05
box(7),-0.7657876456230877,0.20423111655760331,1.05
box(6),-0.7611032934073603,0.7631649513200114,1.05
box(5),-0.36459761896800924,0.45868281577099534,1.05
box(4),-0.5602041976223764,0.6085992230742697,1.05
box(3),-0.4884556291873307,0.26485891354129254,1.05
box(2),-0.7190758495352669,0.57629722449146,1.05
box(1),-0.2879350968749742,0.7230121293181226,1.05
box(0),-0.32741819585516874,0.2322877874429883,1.05
box(8),-0.24999550243680158,0.5659685127463712,1.05
box(7),-0.6904405903906291,0.40234085603542613,1.05
box(6),-0.5282572845132376,0.43253598357098255,1.05
box(5),-0.2008854843290907,0.3710753989998061,1.05
box(4),-0.47392314477010294,0.7777576686619383,1.05
box(3),-0.5550802086700323,0.6483533291876684,1.05
box(2),-0.7809075109490289,0.25490412244941685,1.05
box(1),-0.7692435610135058,0.5936366497528198,1.05
box(0),-0.40586298442155744,0.6028283091051645,1.05
box(8),-0.20760143394578875,0.7669192919260512,1.05
box(7),-0.30739611875918166,0.25431275470761594,1.05
box(6),-0.7208840968808756,0.7561122362163379,1.05
box(5),-0.2423992595281641,0.5524448308366863,1.05
box(4),-0.7648667580436308,0.4390865938195203,1.05
box(3),-0.5527841829758815,0.38307736605559584,1.05
box(2),-0.25514683284381284,0.40206782482949166,1.05
box(1),-0.48599221783178764,0.759479129029067,1.05
box(0),-0.6823945364140327,0.24635831591025853,1.05
box(8),-0.5134757723387113,0.5599349347609585,1.05
box(7),-0.4621756148232712,0.255410583364866,1.05
box(6),-0.2870848749785548,0.7353349710803754,1.05
box(5),-0.7972026836616193,0.7262263696596887,1.05
box(4),-0.6662390442562883,0.5865730227592665,1.05
box(3),-0.2114431591256768,0.5502037293654446,1.05
box(2),-0.6120717655976112,0.4368860368475737,1.05
box(1),-0.4388042523013642,0.42685550766783165,1.05
box(0),-0.25627640858604644,0.2677636747781256,1.05
box(8),-0.4653894175504896,0.7658730002564837,1.05
box(7),-0.7374378313594596,0.2580559570962185,1.05
box(6),-0.4688271072419214,0.5884809712387065,1.05
box(5),-0.29348824351731073,0.7217745387168735,1.05
box(4),-0.5568876137427826,0.20951941172309305,1.05
box(3),-0.7487146379530272,0.5532944485526192,1.05
box(2),-0.6117148053880601,0.6570849690387253,1.05
box(1),-0.7243328712103609,0.7978807927149199,1.05
box(0),-0.46953996003930126,0.41840719511759783,1.05
box(8),-0.3116431513673957,0.38546056972720366,1.05
box(7),-0.6470490632914516,0.41924179725131067,1.05
box(6),-0.7090375385691876,0.23061045725225118,1.05
box(5),-0.3327119129228195,0.5366928705872489,1.05
box(4),-0.20899920306659328,0.6969566362543759,1.05
box(3),-0.46654483379317635,0.7035231634414003,1.05
box(2),-0.7784840770620094,0.5852239803575917,1.05
box(1),-0.5470045327244359,0.27437165230811017,1.05
box(0),-0.6362819743311245,0.644184837326792,1.05
box(8),-0.4908977060335835,0.485922907967585,1.05
box(7),-0.3289141248210571,0.28790982374387003,1.05
box(6),-0.792075282711804,0.3716109371957341,1.05
box(5),-0.7153423742234422,0.22577753406477735,1.05
box(4),-0.2663796349409929,0.49325899832007364,1.05
box(3),-0.2956152657944066,0.6439223219879031,1.05
box(2),-0.4536491025607383,0.7229558740555875,1.05
box(1),-0.7954437115216848,0.5506332964207503,1.05
box(0),-0.7286268606106032,0.7779861623226936,1.05
box(8),-0.5299557439142659,0.3207626915347032,1.05
box(7),-0.6058611549560291,0.5283291432644379,1.05
box(6),-0.22893430261496714,0.3477008944878851,1.05
box(5),-0.4566977607358507,0.5552894456575297,1.05
box(4),-0.7190124755221623,0.35393986686378565,1.05
box(3),-0.3531475714412161,0.2540100708979782,1.05
box(2),-0.23804153302327064,0.7722299498239265,1.05
box(1),-0.5582722301020053,0.7755730727450281,1.05
box(0),-0.798831175342942,0.48121666976146754,1.05
box(8),-0.7752440604282977,0.68233538880628,1.05
box(7),-0.6255570284022066,0.20320042614211753,1.05
box(6),-0.5199220884949598,0.31491826347153284,1.05
box(5),-0.618425095103706,0.4806143904357227,1.05
box(4),-0.3406286833357356,0.572480774254636,1.05
box(3),-0.286436406886782,0.42020583604726275,1.05
box(2),-0.23719795854949566,0.26182754082493975,1.05
box(1),-0.30091260784393864,0.7225420064587673,1.05
box(0),-0.6238678418938706,0.7912937520443322,1.05
box(8),-0.5050681622826694,0.6918421650769682,1.05
box(7),-0.7694719608820402,0.2938253818179196,1.05
box(6),-0.7879526585695444,0.7960267741918761,1.05
box(5),-0.45355326476106983,0.27088583719592657,1.05
box(4),-0.6170636802351598,0.41197122119902385,1.05
box(3),-0.44071993181106556,0.542213610179921,1.05
box(2),-0.7757244770308842,0.5938332308228591,1.05
box(1),-0.23025526988690573,0.32654613594483917,1.05
box(0),-0.25167501932293146,0.5605943591224826,1.05
box(8),-0.2152963218764622,0.7383817890833562,1.05
box(7),-0.4253484630619066,0.7494894565257149,1.05
box(6),-0.5829605713644761,0.7047466611981299,1.05
box(5),-0.7083811489570828,0.28853970588943517,1.05
box(4),-0.3882484536172483,0.2983615273651466,1.05
box(3),-0.5546173811236678,0.41946232132311007,1.05
box(2),-0.7125543831043035,0.7805779332518203,1.05
box(1),-0.6782371798749391,0.5297114532111984,1.05
box(0),-0.20261675051338793,0.40786634643508785,1.05
box(8),-0.3507598360076507,0.5219785679195603,1.05
box(7),-0.23863656227560415,0.2305216061880924,1.05
box(6),-0.2417829427801108,0.7394029980627594,1.05
box(5),-0.4217655000512099,0.7379702474356147,1.05
box(4),-0.650836157081267,0.21423002206141406,1.05
box(3),-0.42351566204632307,0.23056238957540479,1.05
box(2),-0.48445833253845594,0.3840200220731912,1.05
box(1),-0.7569959079668465,0.3997018777012257,1.05
box(0),-0.7239388694960796,0.6778346113651086,1.05
box(8),-0.5663287482868987,0.659724741202242,1.05
box(7),-0.4484370325391751,0.5660600082752556,1.05
box(6),-0.27758578947035073,0.46457991137576893,1.05
box(5),-0.23196672243010813,0.28203450179030887,1.05
box(4),-0.25695005322324704,0.6361446849009698,1.05
box(3),-0.6597734461733834,0.23775737920579154,1.05
box(2),-0.47380027593638513,0.2138940805531819,1.05
box(1),-0.4218095152583161,0.7371452587851375,1.05
box(0),-0.7162472052148692,0.414923923919535,1.05
box(8),-0.5688028904011346,0.38263437538254574,1.05
box(7),-0.7704323193311287,0.6508375679873144,1.05
box(6),-0.4559293053690548,0.5587732187698093,1.05
box(5),-0.6912385465560393,0.7969102726864496,1.05
box(4),-0.20351671519322723,0.47403539089461844,1.05
box(3),-0.337508350246929,0.3634413193858117,1.05
box(2),-0.23536955068726056,0.2224614415185909,1.05
box(1),-0.251987612329756,0.6685612601436621,1.05
box(0),-0.4174607026638516,0.23440060970292997,1.05
box(8),-0.719541109380438,0.34479411955554495,1.05
box(7),-0.5044929687285835,0.3584578414186793,1.05
box(6),-0.5387188077525756,0.7204357646472652,1.05
box(5),-0.4528623518645215,0.5299793802412291,1.05
box(4),-0.32980572818940557,0.7981894070761297,1.05
box(3),-0.7226917442505756,0.5767405109427666,1.05
box(2),-0.2159324677394804,0.49655888834808726,1.05
box(1),-0.27891259948758446,0.35838423244292644,1.05
box(0),-0.2919130631274543,0.6502256425270443,1.05
box(8),-0.5162113285409653,0.20147118979201342,1.05
box(7),-0.7313946781096037,0.2613197747246714,1.05
box(6),-0.5698363985741868,0.3908565075635282,1.05
box(5),-0.5288508148236207,0.7881586462214205,1.05
box(4),-0.6990025571920537,0.7772969064655433,1.05
box(3),-0.5620766099360808,0.5571964590390541,1.05
box(2),-0.6945291912227696,0.48230620634477905,1.05
box(1),-0.37053592811626535,0.7801701376381687,1.05
box(0),-0.39081639365269705,0.5072913870213307,1.05
box(8),-0.22478319428757307,0.6184920230852611,1.05
box(7),-0.2642335645633468,0.3995499120939318,1.05
box(6),-0.5957331396955599,0.2065799460277311,1.05
box(5),-0.3289893947812269,0.2630612064332311,1.05
box(4),-0.5681758539169746,0.3672282470338236,1.05
box(3),-0.7531753751031756,0.638845624431146,1.05
box(2),-0.7476371158636064,0.7895258530023461,1.05
box(1),-0.7495021093476832,0.32401936446683477,1.05
box(0),-0.3738067059428506,0.6872790618212595,1.05
box(8),-0.5361905497465154,0.7778292891375826,1.05
box(7),-0.22383493971558355,0.7800934503931827,1.05
box(6),-0.33765873484536135,0.46680164974163124,1.05
box(5),-0.5485252636542675,0.560514203285248,1.05
box(4),-0.2637315126856303,0.22152283627534874,1.05
box(3),-0.4229518265463509,0.2288754134368802,1.05
box(2),-0.5263207561525041,0.3863304837020639,1.05
box(1),-0.24901409795615764,0.5889866284670727,1.05
box(0),-0.7679125373885851,0.44626306366592483,1.05
box(8),-0.620860205575263,0.22274155949461494,1.05
box(7),-0.47690299251811136,0.7129948590737152,1.05
box(6),-0.6805117075355,0.7311939413768125,1.05
box(5),-0.24978961588119125,0.43813441693997857,1.05
box(4),-0.4285413645977581,0.5372891921840977,1.05
box(3),-0.274196712912825,0.20600999309318802,1.05
box(2),-0.45234012578135624,0.22341709296995135,1.05
box(1),-0.6127110445397413,0.5715170996020625,1.05
box(0),-0.23237917347634918,0.6678394545917629,1.05
box(8),-0.5637194967940833,0.3992741127473834,1.05
box(7),-0.7636682446140648,0.5786456550111302,1.05
box(6),-0.3788392857453747,0.7908562418265805,1.05
box(5),-0.6117723020367944,0.22708611322379288,1.05
box(4),-0.3653578210356013,0.35293589632418876,1.05
box(3),-0.4495032246018152,0.5442276009852538,1.05
box(2),-0.602846180330642,0.7516285733083565,1.05
box(1),-0.20944483719161555,0.3485992861981534,1.05
box(0),-0.7851868463898226,0.774077300336173,1.05
box(8),-0.7308787143717179,0.3988832231191517,1.05
box(7),-0.30819381562456416,0.6163097821217028,1.05
box(6),-0.5961335989191091,0.5998207118530174,1.05
box(5),-0.7908377548768262,0.2006478699094232,1.05
box(4),-0.6056648664142736,0.24483238110477484,1.05
box(3),-0.2075722265403177,0.7715410023231848,1.05
box(2),-0.3681150821060714,0.3331004071003991,1.05
box(1),-0.44739041239552585,0.7325863980586884,1.05
box(0),-0.21404002959553803,0.44200564778284984,1.05
box(8),-0.7842571576860593,0.5403522247905305,1.05
box(7),-0.6404468571550082,0.39737091362563426,1.05
box(6),-0.4818185593980191,0.4395779963995352,1.05
box(5),-0.5521752502049775,0.5782442487632034,1.05
box(4),-0.7853171573824815,0.2663429579102487,1.05
box(3),-0.7632639111566735,0.7304120563081278,1.05
box(2),-0.2153720786848272,0.6736343852813624,1.05
box(1),-0.3926201475266542,0.27595904878020916,1.05
box(0),-0.21501842245955782,0.22888636598533096,1.05
box(8),-0.4584411029557429,0.7148363532915045,1.05
box(7),-0.714942493003347,0.5706349620113502,1.05
box(6),-0.27388792363836645,0.45152698712750444,1.05
box(5),-0.5667550058965793,0.21639406512622744,1.05
box(4),-0.397653564849511,0.5648470132718582,1.05
box(3),-0.6927562944608264,0.3566002702571373,1.05
box(2),-0.721802903783435,0.7970009695110127,1.05
box(1),-0.24398011807312087,0.7080682706338741,1.05
box(0),-0.371838864168092,0.23854313522146328,1.05
